index,split,label,activity,source_activity,session_id,source_csv,start_frame,end_frame,label_source,event_phase,include_in_training,overlap_seconds,overlap_fraction,window_start_s,window_end_s,exclude_reason,annotation_confidence,quality_flags,method_version
0,train,3,fall,fall,fall__falling_20260714_160429_20hz,data/staging/20260731_rebuild01/cleaned_csv/falling_20260714_160429_20hz.csv,15,44,event_metadata,fall_event,True,0.949999988079071,0.6333333253860474,0.75,2.25,,high,none,auto_event_heuristic_v1
1,train,3,fall,fall,fall__falling_20260714_160429_20hz,data/staging/20260731_rebuild01/cleaned_csv/falling_20260714_160429_20hz.csv,30,59,event_metadata,fall_event,True,1.5,1.0,1.5,3.0,,high,none,auto_event_heuristic_v1
2,train,3,fall,fall,fall__falling_20260714_160429_20hz,data/staging/20260731_rebuild01/cleaned_csv/falling_20260714_160429_20hz.csv,45,74,event_metadata,fall_event,True,1.149999976158142,0.7666666507720947,2.25,3.75,,high,none,auto_event_heuristic_v1
7,train,3,fall,fall,fall__falling_20260714_160558_20hz,data/staging/20260731_rebuild01/cleaned_csv/falling_20260714_160558_20hz.csv,0,29,event_metadata,fall_event,True,0.8500000238418579,0.5666666626930237,0.0,1.5,,medium,event_near_recording_boundary,auto_event_heuristic_v1
8,train,3,fall,fall,fall__falling_20260714_160643_20hz,data/staging/20260731_rebuild01/cleaned_csv/falling_20260714_160643_20hz.csv,0,29,event_metadata,fall_event,True,0.8999999761581421,0.6000000238418579,0.0,1.5,,medium,geometry_edge_warning,auto_event_heuristic_v1
9,train,3,fall,fall,fall__falling_20260714_160643_20hz,data/staging/20260731_rebuild01/cleaned_csv/falling_20260714_160643_20hz.csv,15,44,event_metadata,fall_event,True,1.2000000476837158,0.800000011920929,0.75,2.25,,medium,geometry_edge_warning,auto_event_heuristic_v1
10,train,1,standing,fall,fall__falling_20260714_160712_20hz,data/staging/20260731_rebuild01/cleaned_csv/falling_20260714_160712_20hz.csv,0,29,event_metadata,pre_event,True,0.0,0.0,0.0,1.5,,medium,event_near_recording_boundary;geometry_edge_warning,auto_event_heuristic_v1
18,train,1,standing,fall,fall__falling_20260714_161012_20hz,data/staging/20260731_rebuild01/cleaned_csv/falling_20260714_161012_20hz.csv,0,29,event_metadata,pre_event,True,0.0,0.0,0.0,1.5,,medium,event_near_recording_boundary;geometry_edge_warning;missing_post_event_stability;weak_height_evidence,auto_event_heuristic_v1
19,train,1,standing,fall,fall__falling_20260714_161012_20hz,data/staging/20260731_rebuild01/cleaned_csv/falling_20260714_161012_20hz.csv,15,44,event_metadata,pre_event,True,0.0,0.0,0.75,2.25,,medium,event_near_recording_boundary;geometry_edge_warning;missing_post_event_stability;weak_height_evidence,auto_event_heuristic_v1
20,train,1,standing,fall,fall__falling_20260714_161012_20hz,data/staging/20260731_rebuild01/cleaned_csv/falling_20260714_161012_20hz.csv,30,59,event_metadata,pre_event,True,0.0,0.0,1.5,3.0,,medium,event_near_recording_boundary;geometry_edge_warning;missing_post_event_stability;weak_height_evidence,auto_event_heuristic_v1
21,train,3,fall,fall,fall__falling_20260714_161118_20hz,data/staging/20260731_rebuild01/cleaned_csv/falling_20260714_161118_20hz.csv,0,29,event_metadata,fall_event,True,0.949999988079071,0.6333333253860474,0.0,1.5,,high,none,auto_event_heuristic_v1
22,train,3,fall,fall,fall__falling_20260714_161118_20hz,data/staging/20260731_rebuild01/cleaned_csv/falling_20260714_161118_20hz.csv,15,44,event_metadata,fall_event,True,0.800000011920929,0.5333333611488342,0.75,2.25,,high,none,auto_event_heuristic_v1
23,train,3,fall,fall,fall__falling_20260714_161242_20hz,data/staging/20260731_rebuild01/cleaned_csv/falling_20260714_161242_20hz.csv,0,29,event_metadata,fall_event,True,1.350000023841858,0.8999999761581421,0.0,1.5,,medium,event_near_recording_boundary,auto_event_heuristic_v1
24,train,3,fall,fall,fall__falling_20260714_161242_20hz,data/staging/20260731_rebuild01/cleaned_csv/falling_20260714_161242_20hz.csv,15,44,event_metadata,fall_event,True,1.100000023841858,0.7333333492279053,0.75,2.25,,medium,event_near_recording_boundary,auto_event_heuristic_v1
29,train,1,standing,fall,fall__falling_20260714_161412_20hz,data/staging/20260731_rebuild01/cleaned_csv/falling_20260714_161412_20hz.csv,0,29,event_metadata,pre_event,True,0.0,0.0,0.0,1.5,,medium,multiple_or_broad_peaks,auto_event_heuristic_v1
30,train,1,standing,fall,fall__falling_20260714_161412_20hz,data/staging/20260731_rebuild01/cleaned_csv/falling_20260714_161412_20hz.csv,15,44,event_metadata,pre_event,True,0.0,0.0,0.75,2.25,,medium,multiple_or_broad_peaks,auto_event_heuristic_v1
31,train,3,fall,fall,fall__falling_20260714_161412_20hz,data/staging/20260731_rebuild01/cleaned_csv/falling_20260714_161412_20hz.csv,45,74,event_metadata,fall_event,True,1.0,0.6666666865348816,2.25,3.75,,medium,multiple_or_broad_peaks,auto_event_heuristic_v1
32,train,1,standing,fall,fall__falling_20260714_161434_20hz,data/staging/20260731_rebuild01/cleaned_csv/falling_20260714_161434_20hz.csv,0,29,event_metadata,pre_event,True,0.0,0.0,0.0,1.5,,medium,event_near_recording_boundary;geometry_edge_warning;weak_height_evidence,auto_event_heuristic_v1
33,train,1,standing,fall,fall__falling_20260714_161434_20hz,data/staging/20260731_rebuild01/cleaned_csv/falling_20260714_161434_20hz.csv,15,44,event_metadata,pre_event,True,0.0,0.0,0.75,2.25,,medium,event_near_recording_boundary;geometry_edge_warning;weak_height_evidence,auto_event_heuristic_v1
48,train,1,standing,fall,fall__falling_20260715_135815_20hz,data/staging/20260731_rebuild01/cleaned_csv/falling_20260715_135815_20hz.csv,0,29,event_metadata,pre_event,True,0.0,0.0,0.0,1.5,,medium,event_near_recording_boundary;geometry_edge_warning;missing_post_event_stability;weak_height_evidence,auto_event_heuristic_v1
49,train,1,standing,fall,fall__falling_20260715_135815_20hz,data/staging/20260731_rebuild01/cleaned_csv/falling_20260715_135815_20hz.csv,15,44,event_metadata,pre_event,True,0.0,0.0,0.75,2.25,,medium,event_near_recording_boundary;geometry_edge_warning;missing_post_event_stability;weak_height_evidence,auto_event_heuristic_v1
50,train,1,standing,fall,fall__falling_20260715_135901_20hz,data/staging/20260731_rebuild01/cleaned_csv/falling_20260715_135901_20hz.csv,0,29,event_metadata,pre_event,True,0.0,0.0,0.0,1.5,,medium,geometry_edge_warning;weak_height_evidence,auto_event_heuristic_v1
51,train,3,fall,fall,fall__falling_20260715_135915_20hz,data/staging/20260731_rebuild01/cleaned_csv/falling_20260715_135915_20hz.csv,15,44,event_metadata,fall_event,True,1.100000023841858,0.7333333492279053,0.75,2.25,,medium,geometry_edge_warning;multiple_or_broad_peaks,auto_event_heuristic_v1
59,train,3,fall,fall,fall__falling_20260715_140329_20hz,data/staging/20260731_rebuild01/cleaned_csv/falling_20260715_140329_20hz.csv,0,29,event_metadata,fall_event,True,1.25,0.8333333134651184,0.0,1.5,,medium,geometry_edge_warning,auto_event_heuristic_v1
60,train,3,fall,fall,fall__falling_20260715_140329_20hz,data/staging/20260731_rebuild01/cleaned_csv/falling_20260715_140329_20hz.csv,15,44,event_metadata,fall_event,True,1.5,1.0,0.75,2.25,,medium,geometry_edge_warning,auto_event_heuristic_v1
61,train,3,fall,fall,fall__falling_20260715_140329_20hz,data/staging/20260731_rebuild01/cleaned_csv/falling_20260715_140329_20hz.csv,30,59,event_metadata,fall_event,True,0.949999988079071,0.6333333253860474,1.5,3.0,,medium,geometry_edge_warning,auto_event_heuristic_v1
62,train,3,fall,fall,fall__falling_20260715_140506_20hz,data/staging/20260731_rebuild01/cleaned_csv/falling_20260715_140506_20hz.csv,0,29,event_metadata,fall_event,True,1.5,1.0,0.0,1.5,,medium,event_near_recording_boundary;weak_height_evidence,auto_event_heuristic_v1
63,train,3,fall,fall,fall__falling_20260715_140506_20hz,data/staging/20260731_rebuild01/cleaned_csv/falling_20260715_140506_20hz.csv,15,44,event_metadata,fall_event,True,0.75,0.5,0.75,2.25,,medium,event_near_recording_boundary;weak_height_evidence,auto_event_heuristic_v1
64,train,3,fall,fall,fall__falling_20260715_140533_20hz,data/staging/20260731_rebuild01/cleaned_csv/falling_20260715_140533_20hz.csv,15,44,event_metadata,fall_event,True,1.100000023841858,0.7333333492279053,0.75,2.25,,medium,geometry_edge_warning,auto_event_heuristic_v1
65,train,3,fall,fall,fall__falling_20260715_140533_20hz,data/staging/20260731_rebuild01/cleaned_csv/falling_20260715_140533_20hz.csv,30,59,event_metadata,fall_event,True,1.5,1.0,1.5,3.0,,medium,geometry_edge_warning,auto_event_heuristic_v1
66,train,3,fall,fall,fall__falling_20260715_140533_20hz,data/staging/20260731_rebuild01/cleaned_csv/falling_20260715_140533_20hz.csv,45,74,event_metadata,fall_event,True,1.0499999523162842,0.699999988079071,2.25,3.75,,medium,geometry_edge_warning,auto_event_heuristic_v1
67,train,1,standing,fall,fall__falling_20260715_140548_20hz,data/staging/20260731_rebuild01/cleaned_csv/falling_20260715_140548_20hz.csv,0,29,event_metadata,pre_event,True,0.0,0.0,0.0,1.5,,medium,event_near_recording_boundary;missing_post_event_stability;weak_height_evidence,auto_event_heuristic_v1
68,train,3,fall,fall,fall__falling_20260715_140548_20hz,data/staging/20260731_rebuild01/cleaned_csv/falling_20260715_140548_20hz.csv,30,59,event_metadata,fall_event,True,1.0,0.6666666865348816,1.5,3.0,,medium,event_near_recording_boundary;missing_post_event_stability;weak_height_evidence,auto_event_heuristic_v1
69,train,3,fall,fall,fall__falling_20260715_140548_20hz,data/staging/20260731_rebuild01/cleaned_csv/falling_20260715_140548_20hz.csv,45,74,event_metadata,fall_event,True,1.5,1.0,2.25,3.75,,medium,event_near_recording_boundary;missing_post_event_stability;weak_height_evidence,auto_event_heuristic_v1
72,train,3,fall,fall,fall__falling_20260715_141456_20hz,data/staging/20260731_rebuild01/cleaned_csv/falling_20260715_141456_20hz.csv,0,29,event_metadata,fall_event,True,0.800000011920929,0.5333333611488342,0.0,1.5,,medium,geometry_edge_warning,auto_event_heuristic_v1
73,train,3,fall,fall,fall__falling_20260715_141456_20hz,data/staging/20260731_rebuild01/cleaned_csv/falling_20260715_141456_20hz.csv,15,44,event_metadata,fall_event,True,1.5,1.0,0.75,2.25,,medium,geometry_edge_warning,auto_event_heuristic_v1
74,train,3,fall,fall,fall__falling_20260715_141456_20hz,data/staging/20260731_rebuild01/cleaned_csv/falling_20260715_141456_20hz.csv,30,59,event_metadata,fall_event,True,1.399999976158142,0.9333333373069763,1.5,3.0,,medium,geometry_edge_warning,auto_event_heuristic_v1
75,train,3,fall,fall,fall__falling_20260715_141624_20hz,data/staging/20260731_rebuild01/cleaned_csv/falling_20260715_141624_20hz.csv,0,29,event_metadata,fall_event,True,0.949999988079071,0.6333333253860474,0.0,1.5,,medium,geometry_edge_warning,auto_event_heuristic_v1
76,train,3,fall,fall,fall__falling_20260715_141624_20hz,data/staging/20260731_rebuild01/cleaned_csv/falling_20260715_141624_20hz.csv,15,44,event_metadata,fall_event,True,1.5,1.0,0.75,2.25,,medium,geometry_edge_warning,auto_event_heuristic_v1
77,train,3,fall,fall,fall__falling_20260715_141624_20hz,data/staging/20260731_rebuild01/cleaned_csv/falling_20260715_141624_20hz.csv,30,59,event_metadata,fall_event,True,0.75,0.5,1.5,3.0,,medium,geometry_edge_warning,auto_event_heuristic_v1
82,train,1,standing,fall,fall__falling_20260715_141826_20hz,data/staging/20260731_rebuild01/cleaned_csv/falling_20260715_141826_20hz.csv,0,29,event_metadata,pre_event,True,0.0,0.0,0.0,1.5,,high,none,auto_event_heuristic_v1
83,train,1,standing,fall,fall__falling_20260715_141826_20hz,data/staging/20260731_rebuild01/cleaned_csv/falling_20260715_141826_20hz.csv,15,44,event_metadata,pre_event,True,0.0,0.0,0.75,2.25,,high,none,auto_event_heuristic_v1
84,train,3,fall,fall,fall__falling_20260715_141826_20hz,data/staging/20260731_rebuild01/cleaned_csv/falling_20260715_141826_20hz.csv,45,74,event_metadata,fall_event,True,1.25,0.8333333134651184,2.25,3.75,,high,none,auto_event_heuristic_v1
85,train,1,standing,fall,fall__falling_20260715_141852_20hz,data/staging/20260731_rebuild01/cleaned_csv/falling_20260715_141852_20hz.csv,0,29,event_metadata,pre_event,True,0.0,0.0,0.0,1.5,,high,none,auto_event_heuristic_v1
86,train,3,fall,fall,fall__falling_20260715_141852_20hz,data/staging/20260731_rebuild01/cleaned_csv/falling_20260715_141852_20hz.csv,30,59,event_metadata,fall_event,True,0.8999999761581421,0.6000000238418579,1.5,3.0,,high,none,auto_event_heuristic_v1
87,train,3,fall,fall,fall__falling_20260715_141852_20hz,data/staging/20260731_rebuild01/cleaned_csv/falling_20260715_141852_20hz.csv,45,74,event_metadata,fall_event,True,1.5,1.0,2.25,3.75,,high,none,auto_event_heuristic_v1
88,train,3,fall,fall,fall__falling_20260715_141852_20hz,data/staging/20260731_rebuild01/cleaned_csv/falling_20260715_141852_20hz.csv,60,89,event_metadata,fall_event,True,1.2999999523162842,0.8666666746139526,3.0,4.5,,high,none,auto_event_heuristic_v1
95,train,1,standing,fall,fall__falling_20260715_142008_20hz,data/staging/20260731_rebuild01/cleaned_csv/falling_20260715_142008_20hz.csv,0,29,event_metadata,pre_event,True,0.0,0.0,0.0,1.5,,high,none,auto_event_heuristic_v1
96,train,1,standing,fall,fall__falling_20260715_142008_20hz,data/staging/20260731_rebuild01/cleaned_csv/falling_20260715_142008_20hz.csv,15,44,event_metadata,pre_event,True,0.0,0.0,0.75,2.25,,high,none,auto_event_heuristic_v1
97,train,3,fall,fall,fall__falling_20260715_142008_20hz,data/staging/20260731_rebuild01/cleaned_csv/falling_20260715_142008_20hz.csv,45,74,event_metadata,fall_event,True,1.399999976158142,0.9333333373069763,2.25,3.75,,high,none,auto_event_heuristic_v1
98,train,3,fall,fall,fall__falling_20260715_142008_20hz,data/staging/20260731_rebuild01/cleaned_csv/falling_20260715_142008_20hz.csv,60,89,event_metadata,fall_event,True,1.399999976158142,0.9333333373069763,3.0,4.5,,high,none,auto_event_heuristic_v1
99,train,3,fall,fall,fall__falling_20260715_142031_20hz,data/staging/20260731_rebuild01/cleaned_csv/falling_20260715_142031_20hz.csv,15,44,event_metadata,fall_event,True,1.350000023841858,0.8999999761581421,0.75,2.25,,high,none,auto_event_heuristic_v1
100,train,3,fall,fall,fall__falling_20260715_142031_20hz,data/staging/20260731_rebuild01/cleaned_csv/falling_20260715_142031_20hz.csv,30,59,event_metadata,fall_event,True,1.5,1.0,1.5,3.0,,high,none,auto_event_heuristic_v1
101,train,3,fall,fall,fall__falling_20260715_142031_20hz,data/staging/20260731_rebuild01/cleaned_csv/falling_20260715_142031_20hz.csv,45,74,event_metadata,fall_event,True,0.8500000238418579,0.5666666626930237,2.25,3.75,,high,none,auto_event_heuristic_v1
102,train,1,standing,fall,fall__falling_20260715_142055_20hz,data/staging/20260731_rebuild01/cleaned_csv/falling_20260715_142055_20hz.csv,0,29,event_metadata,pre_event,True,0.0,0.0,0.0,1.5,,medium,event_near_recording_boundary;missing_post_event_stability;weak_height_evidence,auto_event_heuristic_v1
103,train,1,standing,fall,fall__falling_20260715_142055_20hz,data/staging/20260731_rebuild01/cleaned_csv/falling_20260715_142055_20hz.csv,15,44,event_metadata,pre_event,True,0.0,0.0,0.75,2.25,,medium,event_near_recording_boundary;missing_post_event_stability;weak_height_evidence,auto_event_heuristic_v1
104,train,3,fall,fall,fall__falling_20260715_142055_20hz,data/staging/20260731_rebuild01/cleaned_csv/falling_20260715_142055_20hz.csv,45,74,event_metadata,fall_event,True,0.8999999761581421,0.6000000238418579,2.25,3.75,,medium,event_near_recording_boundary;missing_post_event_stability;weak_height_evidence,auto_event_heuristic_v1
105,train,3,fall,fall,fall__falling_20260715_142055_20hz,data/staging/20260731_rebuild01/cleaned_csv/falling_20260715_142055_20hz.csv,60,89,event_metadata,fall_event,True,1.5,1.0,3.0,4.5,,medium,event_near_recording_boundary;missing_post_event_stability;weak_height_evidence,auto_event_heuristic_v1
107,train,1,standing,fall,fall__falling_20260715_142600_20hz,data/staging/20260731_rebuild01/cleaned_csv/falling_20260715_142600_20hz.csv,0,29,event_metadata,pre_event,True,0.0,0.0,0.0,1.5,,medium,geometry_edge_warning,auto_event_heuristic_v1
108,train,3,fall,fall,fall__falling_20260715_142600_20hz,data/staging/20260731_rebuild01/cleaned_csv/falling_20260715_142600_20hz.csv,30,59,event_metadata,fall_event,True,0.800000011920929,0.5333333611488342,1.5,3.0,,medium,geometry_edge_warning,auto_event_heuristic_v1
109,train,3,fall,fall,fall__falling_20260715_142600_20hz,data/staging/20260731_rebuild01/cleaned_csv/falling_20260715_142600_20hz.csv,45,74,event_metadata,fall_event,True,1.5,1.0,2.25,3.75,,medium,geometry_edge_warning,auto_event_heuristic_v1
110,train,3,fall,fall,fall__falling_20260715_142600_20hz,data/staging/20260731_rebuild01/cleaned_csv/falling_20260715_142600_20hz.csv,60,89,event_metadata,fall_event,True,1.350000023841858,0.8999999761581421,3.0,4.5,,medium,geometry_edge_warning,auto_event_heuristic_v1
122,train,3,fall,fall,fall__falling_20260715_142944_20hz,data/staging/20260731_rebuild01/cleaned_csv/falling_20260715_142944_20hz.csv,0,29,event_metadata,fall_event,True,0.8999999761581421,0.6000000238418579,0.0,1.5,,medium,geometry_edge_warning;multiple_or_broad_peaks,auto_event_heuristic_v1
123,train,3,fall,fall,fall__falling_20260715_142944_20hz,data/staging/20260731_rebuild01/cleaned_csv/falling_20260715_142944_20hz.csv,15,44,event_metadata,fall_event,True,0.8999999761581421,0.6000000238418579,0.75,2.25,,medium,geometry_edge_warning;multiple_or_broad_peaks,auto_event_heuristic_v1
124,train,3,fall,fall,fall__falling_20260715_143008_20hz,data/staging/20260731_rebuild01/cleaned_csv/falling_20260715_143008_20hz.csv,0,29,event_metadata,fall_event,True,0.75,0.5,0.0,1.5,,medium,geometry_edge_warning;multiple_or_broad_peaks,auto_event_heuristic_v1
125,train,3,fall,fall,fall__falling_20260715_143008_20hz,data/staging/20260731_rebuild01/cleaned_csv/falling_20260715_143008_20hz.csv,15,44,event_metadata,fall_event,True,1.5,1.0,0.75,2.25,,medium,geometry_edge_warning;multiple_or_broad_peaks,auto_event_heuristic_v1
126,train,3,fall,fall,fall__falling_20260715_143008_20hz,data/staging/20260731_rebuild01/cleaned_csv/falling_20260715_143008_20hz.csv,30,59,event_metadata,fall_event,True,1.4500000476837158,0.9666666388511658,1.5,3.0,,medium,geometry_edge_warning;multiple_or_broad_peaks,auto_event_heuristic_v1
127,train,1,standing,fall,fall__falling_20260715_143227_20hz,data/staging/20260731_rebuild01/cleaned_csv/falling_20260715_143227_20hz.csv,0,29,event_metadata,pre_event,True,0.0,0.0,0.0,1.5,,high,none,auto_event_heuristic_v1
128,train,3,fall,fall,fall__falling_20260715_143227_20hz,data/staging/20260731_rebuild01/cleaned_csv/falling_20260715_143227_20hz.csv,30,59,event_metadata,fall_event,True,0.800000011920929,0.5333333611488342,1.5,3.0,,high,none,auto_event_heuristic_v1
129,train,3,fall,fall,fall__falling_20260715_143227_20hz,data/staging/20260731_rebuild01/cleaned_csv/falling_20260715_143227_20hz.csv,45,74,event_metadata,fall_event,True,0.949999988079071,0.6333333253860474,2.25,3.75,,high,none,auto_event_heuristic_v1
130,train,1,standing,fall,fall__falling_20260715_143326_20hz,data/staging/20260731_rebuild01/cleaned_csv/falling_20260715_143326_20hz.csv,0,29,event_metadata,pre_event,True,0.0,0.0,0.0,1.5,,medium,event_near_recording_boundary;missing_post_event_stability;weak_height_evidence,auto_event_heuristic_v1
131,train,1,standing,fall,fall__falling_20260715_143326_20hz,data/staging/20260731_rebuild01/cleaned_csv/falling_20260715_143326_20hz.csv,15,44,event_metadata,pre_event,True,0.0,0.0,0.75,2.25,,medium,event_near_recording_boundary;missing_post_event_stability;weak_height_evidence,auto_event_heuristic_v1
132,train,3,fall,fall,fall__falling_20260715_143326_20hz,data/staging/20260731_rebuild01/cleaned_csv/falling_20260715_143326_20hz.csv,45,74,event_metadata,fall_event,True,0.8999999761581421,0.6000000238418579,2.25,3.75,,medium,event_near_recording_boundary;missing_post_event_stability;weak_height_evidence,auto_event_heuristic_v1
133,train,1,standing,fall,fall__falling_20260715_143341_20hz,data/staging/20260731_rebuild01/cleaned_csv/falling_20260715_143341_20hz.csv,0,29,event_metadata,pre_event,True,0.0,0.0,0.0,1.5,,medium,event_near_recording_boundary;missing_post_event_stability;weak_height_evidence,auto_event_heuristic_v1
134,train,3,fall,fall,fall__falling_20260715_143341_20hz,data/staging/20260731_rebuild01/cleaned_csv/falling_20260715_143341_20hz.csv,30,59,event_metadata,fall_event,True,1.25,0.8333333134651184,1.5,3.0,,medium,event_near_recording_boundary;missing_post_event_stability;weak_height_evidence,auto_event_heuristic_v1
137,train,1,standing,fall,fall__falling_20260715_143422_20hz,data/staging/20260731_rebuild01/cleaned_csv/falling_20260715_143422_20hz.csv,0,29,event_metadata,pre_event,True,0.0,0.0,0.0,1.5,,medium,geometry_edge_warning,auto_event_heuristic_v1
138,train,3,fall,fall,fall__falling_20260715_143422_20hz,data/staging/20260731_rebuild01/cleaned_csv/falling_20260715_143422_20hz.csv,30,59,event_metadata,fall_event,True,0.8999999761581421,0.6000000238418579,1.5,3.0,,medium,geometry_edge_warning,auto_event_heuristic_v1
139,train,3,fall,fall,fall__falling_20260717_140851_20hz,data/staging/20260731_rebuild01/cleaned_csv/falling_20260717_140851_20hz.csv,15,44,event_metadata,fall_event,True,1.399999976158142,0.9333333373069763,0.75,2.25,,medium,geometry_edge_warning;multiple_or_broad_peaks,auto_event_heuristic_v1
140,train,3,fall,fall,fall__falling_20260717_140851_20hz,data/staging/20260731_rebuild01/cleaned_csv/falling_20260717_140851_20hz.csv,30,59,event_metadata,fall_event,True,1.5,1.0,1.5,3.0,,medium,geometry_edge_warning;multiple_or_broad_peaks,auto_event_heuristic_v1
141,train,3,fall,fall,fall__falling_20260717_140851_20hz,data/staging/20260731_rebuild01/cleaned_csv/falling_20260717_140851_20hz.csv,45,74,event_metadata,fall_event,True,0.800000011920929,0.5333333611488342,2.25,3.75,,medium,geometry_edge_warning;multiple_or_broad_peaks,auto_event_heuristic_v1
145,train,3,fall,fall,fall__falling_20260717_141137_20hz,data/staging/20260731_rebuild01/cleaned_csv/falling_20260717_141137_20hz.csv,15,44,event_metadata,fall_event,True,1.399999976158142,0.9333333373069763,0.75,2.25,,medium,geometry_edge_warning,auto_event_heuristic_v1
146,train,3,fall,fall,fall__falling_20260717_141137_20hz,data/staging/20260731_rebuild01/cleaned_csv/falling_20260717_141137_20hz.csv,30,59,event_metadata,fall_event,True,1.5,1.0,1.5,3.0,,medium,geometry_edge_warning,auto_event_heuristic_v1
147,train,3,fall,fall,fall__falling_20260717_141137_20hz,data/staging/20260731_rebuild01/cleaned_csv/falling_20260717_141137_20hz.csv,45,74,event_metadata,fall_event,True,0.800000011920929,0.5333333611488342,2.25,3.75,,medium,geometry_edge_warning,auto_event_heuristic_v1
148,train,3,fall,fall,fall__falling_20260717_141220_20hz,data/staging/20260731_rebuild01/cleaned_csv/falling_20260717_141220_20hz.csv,0,29,event_metadata,fall_event,True,0.949999988079071,0.6333333253860474,0.0,1.5,,medium,geometry_edge_warning,auto_event_heuristic_v1
149,train,3,fall,fall,fall__falling_20260717_141220_20hz,data/staging/20260731_rebuild01/cleaned_csv/falling_20260717_141220_20hz.csv,15,44,event_metadata,fall_event,True,1.5,1.0,0.75,2.25,,medium,geometry_edge_warning,auto_event_heuristic_v1
150,train,3,fall,fall,fall__falling_20260717_141220_20hz,data/staging/20260731_rebuild01/cleaned_csv/falling_20260717_141220_20hz.csv,30,59,event_metadata,fall_event,True,1.25,0.8333333134651184,1.5,3.0,,medium,geometry_edge_warning,auto_event_heuristic_v1
151,train,1,standing,fall,fall__falling_20260717_141339_20hz,data/staging/20260731_rebuild01/cleaned_csv/falling_20260717_141339_20hz.csv,0,29,event_metadata,pre_event,True,0.0,0.0,0.0,1.5,,medium,event_near_recording_boundary;missing_post_event_stability;weak_height_evidence,auto_event_heuristic_v1
152,train,3,fall,fall,fall__falling_20260717_141339_20hz,data/staging/20260731_rebuild01/cleaned_csv/falling_20260717_141339_20hz.csv,30,59,event_metadata,fall_event,True,1.399999976158142,0.9333333373069763,1.5,3.0,,medium,event_near_recording_boundary;missing_post_event_stability;weak_height_evidence,auto_event_heuristic_v1
153,train,3,fall,fall,fall__falling_20260717_141634_20hz,data/staging/20260731_rebuild01/cleaned_csv/falling_20260717_141634_20hz.csv,0,29,event_metadata,fall_event,True,1.2000000476837158,0.800000011920929,0.0,1.5,,medium,geometry_edge_warning,auto_event_heuristic_v1
154,train,3,fall,fall,fall__falling_20260717_141634_20hz,data/staging/20260731_rebuild01/cleaned_csv/falling_20260717_141634_20hz.csv,15,44,event_metadata,fall_event,True,1.5,1.0,0.75,2.25,,medium,geometry_edge_warning,auto_event_heuristic_v1
155,train,3,fall,fall,fall__falling_20260717_141634_20hz,data/staging/20260731_rebuild01/cleaned_csv/falling_20260717_141634_20hz.csv,30,59,event_metadata,fall_event,True,1.0,0.6666666865348816,1.5,3.0,,medium,geometry_edge_warning,auto_event_heuristic_v1
157,train,3,fall,fall,fall__falling_20260717_142021_20hz,data/staging/20260731_rebuild01/cleaned_csv/falling_20260717_142021_20hz.csv,0,29,event_metadata,fall_event,True,1.100000023841858,0.7333333492279053,0.0,1.5,,medium,geometry_edge_warning,auto_event_heuristic_v1
158,train,3,fall,fall,fall__falling_20260717_142021_20hz,data/staging/20260731_rebuild01/cleaned_csv/falling_20260717_142021_20hz.csv,15,44,event_metadata,fall_event,True,1.5,1.0,0.75,2.25,,medium,geometry_edge_warning,auto_event_heuristic_v1
159,train,3,fall,fall,fall__falling_20260717_142021_20hz,data/staging/20260731_rebuild01/cleaned_csv/falling_20260717_142021_20hz.csv,30,59,event_metadata,fall_event,True,1.100000023841858,0.7333333492279053,1.5,3.0,,medium,geometry_edge_warning,auto_event_heuristic_v1
160,train,3,fall,fall,fall__falling_20260717_142033_20hz,data/staging/20260731_rebuild01/cleaned_csv/falling_20260717_142033_20hz.csv,0,29,event_metadata,fall_event,True,1.0,0.6666666865348816,0.0,1.5,,medium,geometry_edge_warning,auto_event_heuristic_v1
161,train,1,standing,fall,fall__falling_20260717_142102_20hz,data/staging/20260731_rebuild01/cleaned_csv/falling_20260717_142102_20hz.csv,0,29,event_metadata,pre_event,True,0.0,0.0,0.0,1.5,,medium,geometry_edge_warning;multiple_or_broad_peaks,auto_event_heuristic_v1
162,train,3,fall,fall,fall__falling_20260717_142102_20hz,data/staging/20260731_rebuild01/cleaned_csv/falling_20260717_142102_20hz.csv,15,44,event_metadata,fall_event,True,0.75,0.5,0.75,2.25,,medium,geometry_edge_warning;multiple_or_broad_peaks,auto_event_heuristic_v1
163,train,3,fall,fall,fall__falling_20260717_142102_20hz,data/staging/20260731_rebuild01/cleaned_csv/falling_20260717_142102_20hz.csv,30,59,event_metadata,fall_event,True,1.5,1.0,1.5,3.0,,medium,geometry_edge_warning;multiple_or_broad_peaks,auto_event_heuristic_v1
164,train,3,fall,fall,fall__falling_20260717_142102_20hz,data/staging/20260731_rebuild01/cleaned_csv/falling_20260717_142102_20hz.csv,45,74,event_metadata,fall_event,True,1.4500000476837158,0.9666666388511658,2.25,3.75,,medium,geometry_edge_warning;multiple_or_broad_peaks,auto_event_heuristic_v1
165,train,3,fall,fall,fall__falling_20260717_142243_20hz,data/staging/20260731_rebuild01/cleaned_csv/falling_20260717_142243_20hz.csv,0,29,event_metadata,fall_event,True,1.0499999523162842,0.699999988079071,0.0,1.5,,high,none,auto_event_heuristic_v1
166,train,3,fall,fall,fall__falling_20260717_142243_20hz,data/staging/20260731_rebuild01/cleaned_csv/falling_20260717_142243_20hz.csv,15,44,event_metadata,fall_event,True,1.350000023841858,0.8999999761581421,0.75,2.25,,high,none,auto_event_heuristic_v1
167,train,3,fall,fall,fall__falling_20260717_142341_20hz,data/staging/20260731_rebuild01/cleaned_csv/falling_20260717_142341_20hz.csv,0,29,event_metadata,fall_event,True,0.949999988079071,0.6333333253860474,0.0,1.5,,medium,geometry_edge_warning,auto_event_heuristic_v1
168,train,3,fall,fall,fall__falling_20260717_142341_20hz,data/staging/20260731_rebuild01/cleaned_csv/falling_20260717_142341_20hz.csv,15,44,event_metadata,fall_event,True,1.350000023841858,0.8999999761581421,0.75,2.25,,medium,geometry_edge_warning,auto_event_heuristic_v1
172,train,3,fall,fall,fall__falling_20260717_142618_20hz,data/staging/20260731_rebuild01/cleaned_csv/falling_20260717_142618_20hz.csv,0,29,event_metadata,fall_event,True,0.8500000238418579,0.5666666626930237,0.0,1.5,,medium,geometry_edge_warning;multiple_or_broad_peaks,auto_event_heuristic_v1
173,train,3,fall,fall,fall__falling_20260717_142618_20hz,data/staging/20260731_rebuild01/cleaned_csv/falling_20260717_142618_20hz.csv,15,44,event_metadata,fall_event,True,1.5,1.0,0.75,2.25,,medium,geometry_edge_warning;multiple_or_broad_peaks,auto_event_heuristic_v1
174,train,3,fall,fall,fall__falling_20260717_142618_20hz,data/staging/20260731_rebuild01/cleaned_csv/falling_20260717_142618_20hz.csv,30,59,event_metadata,fall_event,True,1.350000023841858,0.8999999761581421,1.5,3.0,,medium,geometry_edge_warning;multiple_or_broad_peaks,auto_event_heuristic_v1
178,train,3,fall,fall,fall__falling_20260717_142808_20hz,data/staging/20260731_rebuild01/cleaned_csv/falling_20260717_142808_20hz.csv,15,44,event_metadata,fall_event,True,1.2999999523162842,0.8666666746139526,0.75,2.25,,medium,geometry_edge_warning,auto_event_heuristic_v1
179,train,3,fall,fall,fall__falling_20260717_142808_20hz,data/staging/20260731_rebuild01/cleaned_csv/falling_20260717_142808_20hz.csv,30,59,event_metadata,fall_event,True,1.5,1.0,1.5,3.0,,medium,geometry_edge_warning,auto_event_heuristic_v1
180,train,3,fall,fall,fall__falling_20260717_142808_20hz,data/staging/20260731_rebuild01/cleaned_csv/falling_20260717_142808_20hz.csv,45,74,event_metadata,fall_event,True,0.8999999761581421,0.6000000238418579,2.25,3.75,,medium,geometry_edge_warning,auto_event_heuristic_v1
181,train,1,standing,fall,fall__falling_20260717_142825_20hz,data/staging/20260731_rebuild01/cleaned_csv/falling_20260717_142825_20hz.csv,0,29,event_metadata,pre_event,True,0.0,0.0,0.0,1.5,,medium,event_near_recording_boundary;geometry_edge_warning;missing_post_event_stability;weak_height_evidence,auto_event_heuristic_v1
182,train,1,standing,fall,fall__falling_20260717_142825_20hz,data/staging/20260731_rebuild01/cleaned_csv/falling_20260717_142825_20hz.csv,15,44,event_metadata,pre_event,True,0.0,0.0,0.75,2.25,,medium,event_near_recording_boundary;geometry_edge_warning;missing_post_event_stability;weak_height_evidence,auto_event_heuristic_v1
183,train,1,standing,fall,fall__falling_20260717_142825_20hz,data/staging/20260731_rebuild01/cleaned_csv/falling_20260717_142825_20hz.csv,30,59,event_metadata,pre_event,True,0.0,0.0,1.5,3.0,,medium,event_near_recording_boundary;geometry_edge_warning;missing_post_event_stability;weak_height_evidence,auto_event_heuristic_v1
184,train,3,fall,fall,fall__falling_20260717_143032_20hz,data/staging/20260731_rebuild01/cleaned_csv/falling_20260717_143032_20hz.csv,0,29,event_metadata,fall_event,True,0.800000011920929,0.5333333611488342,0.0,1.5,,medium,event_near_recording_boundary;weak_height_evidence,auto_event_heuristic_v1
188,train,3,fall,fall,fall__falling_20260717_143235_20hz,data/staging/20260731_rebuild01/cleaned_csv/falling_20260717_143235_20hz.csv,15,44,event_metadata,fall_event,True,1.2999999523162842,0.8666666746139526,0.75,2.25,,medium,geometry_edge_warning;multiple_or_broad_peaks,auto_event_heuristic_v1
189,train,3,fall,fall,fall__falling_20260717_143235_20hz,data/staging/20260731_rebuild01/cleaned_csv/falling_20260717_143235_20hz.csv,30,59,event_metadata,fall_event,True,1.5,1.0,1.5,3.0,,medium,geometry_edge_warning;multiple_or_broad_peaks,auto_event_heuristic_v1
190,train,3,fall,fall,fall__falling_20260717_143235_20hz,data/staging/20260731_rebuild01/cleaned_csv/falling_20260717_143235_20hz.csv,45,74,event_metadata,fall_event,True,0.8999999761581421,0.6000000238418579,2.25,3.75,,medium,geometry_edge_warning;multiple_or_broad_peaks,auto_event_heuristic_v1
195,train,3,fall,fall,fall__falling_20260717_144308_20hz,data/staging/20260731_rebuild01/cleaned_csv/falling_20260717_144308_20hz.csv,15,44,event_metadata,fall_event,True,1.2000000476837158,0.800000011920929,0.75,2.25,,medium,geometry_edge_warning;multiple_or_broad_peaks,auto_event_heuristic_v1
196,train,3,fall,fall,fall__falling_20260717_144308_20hz,data/staging/20260731_rebuild01/cleaned_csv/falling_20260717_144308_20hz.csv,30,59,event_metadata,fall_event,True,1.350000023841858,0.8999999761581421,1.5,3.0,,medium,geometry_edge_warning;multiple_or_broad_peaks,auto_event_heuristic_v1
197,train,2,sitting,sitting,sitting__sitting_20260714_132627_20hz,data/staging/20260731_rebuild01/cleaned_csv/sitting_20260714_132627_20hz.csv,0,29,legacy_folder,legacy,True,,,0.0,1.5,,,,
198,train,2,sitting,sitting,sitting__sitting_20260714_132627_20hz,data/staging/20260731_rebuild01/cleaned_csv/sitting_20260714_132627_20hz.csv,15,44,legacy_folder,legacy,True,,,0.75,2.25,,,,
199,train,2,sitting,sitting,sitting__sitting_20260714_132627_20hz,data/staging/20260731_rebuild01/cleaned_csv/sitting_20260714_132627_20hz.csv,30,59,legacy_folder,legacy,True,,,1.5,3.0,,,,
200,train,2,sitting,sitting,sitting__sitting_20260714_132627_20hz,data/staging/20260731_rebuild01/cleaned_csv/sitting_20260714_132627_20hz.csv,45,74,legacy_folder,legacy,True,,,2.25,3.75,,,,
201,train,2,sitting,sitting,sitting__sitting_20260714_132627_20hz,data/staging/20260731_rebuild01/cleaned_csv/sitting_20260714_132627_20hz.csv,60,89,legacy_folder,legacy,True,,,3.0,4.5,,,,
207,train,2,sitting,sitting,sitting__sitting_20260714_132755_20hz,data/staging/20260731_rebuild01/cleaned_csv/sitting_20260714_132755_20hz.csv,0,29,legacy_folder,legacy,True,,,0.0,1.5,,,,
208,train,2,sitting,sitting,sitting__sitting_20260714_132755_20hz,data/staging/20260731_rebuild01/cleaned_csv/sitting_20260714_132755_20hz.csv,15,44,legacy_folder,legacy,True,,,0.75,2.25,,,,
209,train,2,sitting,sitting,sitting__sitting_20260714_132755_20hz,data/staging/20260731_rebuild01/cleaned_csv/sitting_20260714_132755_20hz.csv,30,59,legacy_folder,legacy,True,,,1.5,3.0,,,,
210,train,2,sitting,sitting,sitting__sitting_20260714_132755_20hz,data/staging/20260731_rebuild01/cleaned_csv/sitting_20260714_132755_20hz.csv,45,74,legacy_folder,legacy,True,,,2.25,3.75,,,,
211,train,2,sitting,sitting,sitting__sitting_20260714_132755_20hz,data/staging/20260731_rebuild01/cleaned_csv/sitting_20260714_132755_20hz.csv,60,89,legacy_folder,legacy,True,,,3.0,4.5,,,,
217,train,2,sitting,sitting,sitting__sitting_20260714_132832_20hz,data/staging/20260731_rebuild01/cleaned_csv/sitting_20260714_132832_20hz.csv,0,29,legacy_folder,legacy,True,,,0.0,1.5,,,,
218,train,2,sitting,sitting,sitting__sitting_20260714_132832_20hz,data/staging/20260731_rebuild01/cleaned_csv/sitting_20260714_132832_20hz.csv,15,44,legacy_folder,legacy,True,,,0.75,2.25,,,,
219,train,2,sitting,sitting,sitting__sitting_20260714_132832_20hz,data/staging/20260731_rebuild01/cleaned_csv/sitting_20260714_132832_20hz.csv,30,59,legacy_folder,legacy,True,,,1.5,3.0,,,,
220,train,2,sitting,sitting,sitting__sitting_20260714_132832_20hz,data/staging/20260731_rebuild01/cleaned_csv/sitting_20260714_132832_20hz.csv,45,74,legacy_folder,legacy,True,,,2.25,3.75,,,,
221,train,2,sitting,sitting,sitting__sitting_20260714_132832_20hz,data/staging/20260731_rebuild01/cleaned_csv/sitting_20260714_132832_20hz.csv,60,89,legacy_folder,legacy,True,,,3.0,4.5,,,,
227,train,2,sitting,sitting,sitting__sitting_20260714_132855_20hz,data/staging/20260731_rebuild01/cleaned_csv/sitting_20260714_132855_20hz.csv,0,29,legacy_folder,legacy,True,,,0.0,1.5,,,,
228,train,2,sitting,sitting,sitting__sitting_20260714_132855_20hz,data/staging/20260731_rebuild01/cleaned_csv/sitting_20260714_132855_20hz.csv,15,44,legacy_folder,legacy,True,,,0.75,2.25,,,,
229,train,2,sitting,sitting,sitting__sitting_20260714_132855_20hz,data/staging/20260731_rebuild01/cleaned_csv/sitting_20260714_132855_20hz.csv,30,59,legacy_folder,legacy,True,,,1.5,3.0,,,,
230,train,2,sitting,sitting,sitting__sitting_20260714_132855_20hz,data/staging/20260731_rebuild01/cleaned_csv/sitting_20260714_132855_20hz.csv,45,74,legacy_folder,legacy,True,,,2.25,3.75,,,,
231,train,2,sitting,sitting,sitting__sitting_20260714_132855_20hz,data/staging/20260731_rebuild01/cleaned_csv/sitting_20260714_132855_20hz.csv,60,89,legacy_folder,legacy,True,,,3.0,4.5,,,,
232,train,2,sitting,sitting,sitting__sitting_20260714_132908_20hz,data/staging/20260731_rebuild01/cleaned_csv/sitting_20260714_132908_20hz.csv,0,29,legacy_folder,legacy,True,,,0.0,1.5,,,,
233,train,2,sitting,sitting,sitting__sitting_20260714_132908_20hz,data/staging/20260731_rebuild01/cleaned_csv/sitting_20260714_132908_20hz.csv,15,44,legacy_folder,legacy,True,,,0.75,2.25,,,,
234,train,2,sitting,sitting,sitting__sitting_20260714_132908_20hz,data/staging/20260731_rebuild01/cleaned_csv/sitting_20260714_132908_20hz.csv,30,59,legacy_folder,legacy,True,,,1.5,3.0,,,,
235,train,2,sitting,sitting,sitting__sitting_20260714_132908_20hz,data/staging/20260731_rebuild01/cleaned_csv/sitting_20260714_132908_20hz.csv,45,74,legacy_folder,legacy,True,,,2.25,3.75,,,,
236,train,2,sitting,sitting,sitting__sitting_20260714_132908_20hz,data/staging/20260731_rebuild01/cleaned_csv/sitting_20260714_132908_20hz.csv,60,89,legacy_folder,legacy,True,,,3.0,4.5,,,,
237,train,2,sitting,sitting,sitting__sitting_20260714_132919_20hz,data/staging/20260731_rebuild01/cleaned_csv/sitting_20260714_132919_20hz.csv,0,29,legacy_folder,legacy,True,,,0.0,1.5,,,,
238,train,2,sitting,sitting,sitting__sitting_20260714_132919_20hz,data/staging/20260731_rebuild01/cleaned_csv/sitting_20260714_132919_20hz.csv,15,44,legacy_folder,legacy,True,,,0.75,2.25,,,,
239,train,2,sitting,sitting,sitting__sitting_20260714_132919_20hz,data/staging/20260731_rebuild01/cleaned_csv/sitting_20260714_132919_20hz.csv,30,59,legacy_folder,legacy,True,,,1.5,3.0,,,,
240,train,2,sitting,sitting,sitting__sitting_20260714_132919_20hz,data/staging/20260731_rebuild01/cleaned_csv/sitting_20260714_132919_20hz.csv,45,74,legacy_folder,legacy,True,,,2.25,3.75,,,,
241,train,2,sitting,sitting,sitting__sitting_20260714_132919_20hz,data/staging/20260731_rebuild01/cleaned_csv/sitting_20260714_132919_20hz.csv,60,89,legacy_folder,legacy,True,,,3.0,4.5,,,,
242,train,2,sitting,sitting,sitting__sitting_20260714_132930_20hz,data/staging/20260731_rebuild01/cleaned_csv/sitting_20260714_132930_20hz.csv,0,29,legacy_folder,legacy,True,,,0.0,1.5,,,,
243,train,2,sitting,sitting,sitting__sitting_20260714_132930_20hz,data/staging/20260731_rebuild01/cleaned_csv/sitting_20260714_132930_20hz.csv,15,44,legacy_folder,legacy,True,,,0.75,2.25,,,,
244,train,2,sitting,sitting,sitting__sitting_20260714_132930_20hz,data/staging/20260731_rebuild01/cleaned_csv/sitting_20260714_132930_20hz.csv,30,59,legacy_folder,legacy,True,,,1.5,3.0,,,,
245,train,2,sitting,sitting,sitting__sitting_20260714_132930_20hz,data/staging/20260731_rebuild01/cleaned_csv/sitting_20260714_132930_20hz.csv,45,74,legacy_folder,legacy,True,,,2.25,3.75,,,,
246,train,2,sitting,sitting,sitting__sitting_20260714_132930_20hz,data/staging/20260731_rebuild01/cleaned_csv/sitting_20260714_132930_20hz.csv,60,89,legacy_folder,legacy,True,,,3.0,4.5,,,,
247,train,2,sitting,sitting,sitting__sitting_20260714_133248_20hz,data/staging/20260731_rebuild01/cleaned_csv/sitting_20260714_133248_20hz.csv,0,29,legacy_folder,legacy,True,,,0.0,1.5,,,,
248,train,2,sitting,sitting,sitting__sitting_20260714_133248_20hz,data/staging/20260731_rebuild01/cleaned_csv/sitting_20260714_133248_20hz.csv,15,44,legacy_folder,legacy,True,,,0.75,2.25,,,,
249,train,2,sitting,sitting,sitting__sitting_20260714_133248_20hz,data/staging/20260731_rebuild01/cleaned_csv/sitting_20260714_133248_20hz.csv,30,59,legacy_folder,legacy,True,,,1.5,3.0,,,,
250,train,2,sitting,sitting,sitting__sitting_20260714_133248_20hz,data/staging/20260731_rebuild01/cleaned_csv/sitting_20260714_133248_20hz.csv,45,74,legacy_folder,legacy,True,,,2.25,3.75,,,,
251,train,2,sitting,sitting,sitting__sitting_20260714_133248_20hz,data/staging/20260731_rebuild01/cleaned_csv/sitting_20260714_133248_20hz.csv,60,89,legacy_folder,legacy,True,,,3.0,4.5,,,,
252,train,2,sitting,sitting,sitting__sitting_20260714_133300_20hz,data/staging/20260731_rebuild01/cleaned_csv/sitting_20260714_133300_20hz.csv,0,29,legacy_folder,legacy,True,,,0.0,1.5,,,,
253,train,2,sitting,sitting,sitting__sitting_20260714_133300_20hz,data/staging/20260731_rebuild01/cleaned_csv/sitting_20260714_133300_20hz.csv,15,44,legacy_folder,legacy,True,,,0.75,2.25,,,,
254,train,2,sitting,sitting,sitting__sitting_20260714_133300_20hz,data/staging/20260731_rebuild01/cleaned_csv/sitting_20260714_133300_20hz.csv,30,59,legacy_folder,legacy,True,,,1.5,3.0,,,,
255,train,2,sitting,sitting,sitting__sitting_20260714_133300_20hz,data/staging/20260731_rebuild01/cleaned_csv/sitting_20260714_133300_20hz.csv,45,74,legacy_folder,legacy,True,,,2.25,3.75,,,,
256,train,2,sitting,sitting,sitting__sitting_20260714_133300_20hz,data/staging/20260731_rebuild01/cleaned_csv/sitting_20260714_133300_20hz.csv,60,89,legacy_folder,legacy,True,,,3.0,4.5,,,,
262,train,2,sitting,sitting,sitting__sitting_20260714_133320_20hz,data/staging/20260731_rebuild01/cleaned_csv/sitting_20260714_133320_20hz.csv,0,29,legacy_folder,legacy,True,,,0.0,1.5,,,,
263,train,2,sitting,sitting,sitting__sitting_20260714_133320_20hz,data/staging/20260731_rebuild01/cleaned_csv/sitting_20260714_133320_20hz.csv,15,44,legacy_folder,legacy,True,,,0.75,2.25,,,,
264,train,2,sitting,sitting,sitting__sitting_20260714_133320_20hz,data/staging/20260731_rebuild01/cleaned_csv/sitting_20260714_133320_20hz.csv,30,59,legacy_folder,legacy,True,,,1.5,3.0,,,,
265,train,2,sitting,sitting,sitting__sitting_20260714_133320_20hz,data/staging/20260731_rebuild01/cleaned_csv/sitting_20260714_133320_20hz.csv,45,74,legacy_folder,legacy,True,,,2.25,3.75,,,,
266,train,2,sitting,sitting,sitting__sitting_20260714_133320_20hz,data/staging/20260731_rebuild01/cleaned_csv/sitting_20260714_133320_20hz.csv,60,89,legacy_folder,legacy,True,,,3.0,4.5,,,,
272,train,2,sitting,sitting,sitting__sitting_20260714_133341_20hz,data/staging/20260731_rebuild01/cleaned_csv/sitting_20260714_133341_20hz.csv,0,29,legacy_folder,legacy,True,,,0.0,1.5,,,,
273,train,2,sitting,sitting,sitting__sitting_20260714_133341_20hz,data/staging/20260731_rebuild01/cleaned_csv/sitting_20260714_133341_20hz.csv,15,44,legacy_folder,legacy,True,,,0.75,2.25,,,,
274,train,2,sitting,sitting,sitting__sitting_20260714_133341_20hz,data/staging/20260731_rebuild01/cleaned_csv/sitting_20260714_133341_20hz.csv,30,59,legacy_folder,legacy,True,,,1.5,3.0,,,,
275,train,2,sitting,sitting,sitting__sitting_20260714_133341_20hz,data/staging/20260731_rebuild01/cleaned_csv/sitting_20260714_133341_20hz.csv,45,74,legacy_folder,legacy,True,,,2.25,3.75,,,,
276,train,2,sitting,sitting,sitting__sitting_20260714_133341_20hz,data/staging/20260731_rebuild01/cleaned_csv/sitting_20260714_133341_20hz.csv,60,89,legacy_folder,legacy,True,,,3.0,4.5,,,,
277,train,2,sitting,sitting,sitting__sitting_20260714_133400_20hz,data/staging/20260731_rebuild01/cleaned_csv/sitting_20260714_133400_20hz.csv,0,29,legacy_folder,legacy,True,,,0.0,1.5,,,,
278,train,2,sitting,sitting,sitting__sitting_20260714_133400_20hz,data/staging/20260731_rebuild01/cleaned_csv/sitting_20260714_133400_20hz.csv,15,44,legacy_folder,legacy,True,,,0.75,2.25,,,,
279,train,2,sitting,sitting,sitting__sitting_20260714_133400_20hz,data/staging/20260731_rebuild01/cleaned_csv/sitting_20260714_133400_20hz.csv,30,59,legacy_folder,legacy,True,,,1.5,3.0,,,,
280,train,2,sitting,sitting,sitting__sitting_20260714_133400_20hz,data/staging/20260731_rebuild01/cleaned_csv/sitting_20260714_133400_20hz.csv,45,74,legacy_folder,legacy,True,,,2.25,3.75,,,,
281,train,2,sitting,sitting,sitting__sitting_20260714_133400_20hz,data/staging/20260731_rebuild01/cleaned_csv/sitting_20260714_133400_20hz.csv,60,89,legacy_folder,legacy,True,,,3.0,4.5,,,,
287,train,2,sitting,sitting,sitting__sitting_20260714_133425_20hz,data/staging/20260731_rebuild01/cleaned_csv/sitting_20260714_133425_20hz.csv,0,29,legacy_folder,legacy,True,,,0.0,1.5,,,,
288,train,2,sitting,sitting,sitting__sitting_20260714_133425_20hz,data/staging/20260731_rebuild01/cleaned_csv/sitting_20260714_133425_20hz.csv,15,44,legacy_folder,legacy,True,,,0.75,2.25,,,,
289,train,2,sitting,sitting,sitting__sitting_20260714_133425_20hz,data/staging/20260731_rebuild01/cleaned_csv/sitting_20260714_133425_20hz.csv,30,59,legacy_folder,legacy,True,,,1.5,3.0,,,,
290,train,2,sitting,sitting,sitting__sitting_20260714_133425_20hz,data/staging/20260731_rebuild01/cleaned_csv/sitting_20260714_133425_20hz.csv,45,74,legacy_folder,legacy,True,,,2.25,3.75,,,,
291,train,2,sitting,sitting,sitting__sitting_20260714_133425_20hz,data/staging/20260731_rebuild01/cleaned_csv/sitting_20260714_133425_20hz.csv,60,89,legacy_folder,legacy,True,,,3.0,4.5,,,,
292,train,2,sitting,sitting,sitting__sitting_20260714_133632_20hz,data/staging/20260731_rebuild01/cleaned_csv/sitting_20260714_133632_20hz.csv,0,29,legacy_folder,legacy,True,,,0.0,1.5,,,,
293,train,2,sitting,sitting,sitting__sitting_20260714_133632_20hz,data/staging/20260731_rebuild01/cleaned_csv/sitting_20260714_133632_20hz.csv,15,44,legacy_folder,legacy,True,,,0.75,2.25,,,,
294,train,2,sitting,sitting,sitting__sitting_20260714_133632_20hz,data/staging/20260731_rebuild01/cleaned_csv/sitting_20260714_133632_20hz.csv,30,59,legacy_folder,legacy,True,,,1.5,3.0,,,,
295,train,2,sitting,sitting,sitting__sitting_20260714_133632_20hz,data/staging/20260731_rebuild01/cleaned_csv/sitting_20260714_133632_20hz.csv,45,74,legacy_folder,legacy,True,,,2.25,3.75,,,,
296,train,2,sitting,sitting,sitting__sitting_20260714_133632_20hz,data/staging/20260731_rebuild01/cleaned_csv/sitting_20260714_133632_20hz.csv,60,89,legacy_folder,legacy,True,,,3.0,4.5,,,,
297,train,2,sitting,sitting,sitting__sitting_20260714_133641_20hz,data/staging/20260731_rebuild01/cleaned_csv/sitting_20260714_133641_20hz.csv,0,29,legacy_folder,legacy,True,,,0.0,1.5,,,,
298,train,2,sitting,sitting,sitting__sitting_20260714_133641_20hz,data/staging/20260731_rebuild01/cleaned_csv/sitting_20260714_133641_20hz.csv,15,44,legacy_folder,legacy,True,,,0.75,2.25,,,,
299,train,2,sitting,sitting,sitting__sitting_20260714_133641_20hz,data/staging/20260731_rebuild01/cleaned_csv/sitting_20260714_133641_20hz.csv,30,59,legacy_folder,legacy,True,,,1.5,3.0,,,,
300,train,2,sitting,sitting,sitting__sitting_20260714_133641_20hz,data/staging/20260731_rebuild01/cleaned_csv/sitting_20260714_133641_20hz.csv,45,74,legacy_folder,legacy,True,,,2.25,3.75,,,,
301,train,2,sitting,sitting,sitting__sitting_20260714_133641_20hz,data/staging/20260731_rebuild01/cleaned_csv/sitting_20260714_133641_20hz.csv,60,89,legacy_folder,legacy,True,,,3.0,4.5,,,,
302,train,2,sitting,sitting,sitting__sitting_20260714_133652_20hz,data/staging/20260731_rebuild01/cleaned_csv/sitting_20260714_133652_20hz.csv,0,29,legacy_folder,legacy,True,,,0.0,1.5,,,,
303,train,2,sitting,sitting,sitting__sitting_20260714_133652_20hz,data/staging/20260731_rebuild01/cleaned_csv/sitting_20260714_133652_20hz.csv,15,44,legacy_folder,legacy,True,,,0.75,2.25,,,,
304,train,2,sitting,sitting,sitting__sitting_20260714_133652_20hz,data/staging/20260731_rebuild01/cleaned_csv/sitting_20260714_133652_20hz.csv,30,59,legacy_folder,legacy,True,,,1.5,3.0,,,,
305,train,2,sitting,sitting,sitting__sitting_20260714_133652_20hz,data/staging/20260731_rebuild01/cleaned_csv/sitting_20260714_133652_20hz.csv,45,74,legacy_folder,legacy,True,,,2.25,3.75,,,,
306,train,2,sitting,sitting,sitting__sitting_20260714_133652_20hz,data/staging/20260731_rebuild01/cleaned_csv/sitting_20260714_133652_20hz.csv,60,89,legacy_folder,legacy,True,,,3.0,4.5,,,,
307,train,2,sitting,sitting,sitting__sitting_20260714_133702_20hz,data/staging/20260731_rebuild01/cleaned_csv/sitting_20260714_133702_20hz.csv,0,29,legacy_folder,legacy,True,,,0.0,1.5,,,,
308,train,2,sitting,sitting,sitting__sitting_20260714_133702_20hz,data/staging/20260731_rebuild01/cleaned_csv/sitting_20260714_133702_20hz.csv,15,44,legacy_folder,legacy,True,,,0.75,2.25,,,,
309,train,2,sitting,sitting,sitting__sitting_20260714_133702_20hz,data/staging/20260731_rebuild01/cleaned_csv/sitting_20260714_133702_20hz.csv,30,59,legacy_folder,legacy,True,,,1.5,3.0,,,,
310,train,2,sitting,sitting,sitting__sitting_20260714_133702_20hz,data/staging/20260731_rebuild01/cleaned_csv/sitting_20260714_133702_20hz.csv,45,74,legacy_folder,legacy,True,,,2.25,3.75,,,,
311,train,2,sitting,sitting,sitting__sitting_20260714_133702_20hz,data/staging/20260731_rebuild01/cleaned_csv/sitting_20260714_133702_20hz.csv,60,89,legacy_folder,legacy,True,,,3.0,4.5,,,,
312,train,2,sitting,sitting,sitting__sitting_20260714_133712_20hz,data/staging/20260731_rebuild01/cleaned_csv/sitting_20260714_133712_20hz.csv,0,29,legacy_folder,legacy,True,,,0.0,1.5,,,,
313,train,2,sitting,sitting,sitting__sitting_20260714_133712_20hz,data/staging/20260731_rebuild01/cleaned_csv/sitting_20260714_133712_20hz.csv,15,44,legacy_folder,legacy,True,,,0.75,2.25,,,,
314,train,2,sitting,sitting,sitting__sitting_20260714_133712_20hz,data/staging/20260731_rebuild01/cleaned_csv/sitting_20260714_133712_20hz.csv,30,59,legacy_folder,legacy,True,,,1.5,3.0,,,,
315,train,2,sitting,sitting,sitting__sitting_20260714_133712_20hz,data/staging/20260731_rebuild01/cleaned_csv/sitting_20260714_133712_20hz.csv,45,74,legacy_folder,legacy,True,,,2.25,3.75,,,,
316,train,2,sitting,sitting,sitting__sitting_20260714_133722_20hz,data/staging/20260731_rebuild01/cleaned_csv/sitting_20260714_133722_20hz.csv,0,29,legacy_folder,legacy,True,,,0.0,1.5,,,,
317,train,2,sitting,sitting,sitting__sitting_20260714_133722_20hz,data/staging/20260731_rebuild01/cleaned_csv/sitting_20260714_133722_20hz.csv,15,44,legacy_folder,legacy,True,,,0.75,2.25,,,,
318,train,2,sitting,sitting,sitting__sitting_20260714_133722_20hz,data/staging/20260731_rebuild01/cleaned_csv/sitting_20260714_133722_20hz.csv,30,59,legacy_folder,legacy,True,,,1.5,3.0,,,,
319,train,2,sitting,sitting,sitting__sitting_20260714_133722_20hz,data/staging/20260731_rebuild01/cleaned_csv/sitting_20260714_133722_20hz.csv,45,74,legacy_folder,legacy,True,,,2.25,3.75,,,,
320,train,2,sitting,sitting,sitting__sitting_20260714_133722_20hz,data/staging/20260731_rebuild01/cleaned_csv/sitting_20260714_133722_20hz.csv,60,89,legacy_folder,legacy,True,,,3.0,4.5,,,,
321,train,2,sitting,sitting,sitting__sitting_20260714_133732_20hz,data/staging/20260731_rebuild01/cleaned_csv/sitting_20260714_133732_20hz.csv,0,29,legacy_folder,legacy,True,,,0.0,1.5,,,,
322,train,2,sitting,sitting,sitting__sitting_20260714_133732_20hz,data/staging/20260731_rebuild01/cleaned_csv/sitting_20260714_133732_20hz.csv,15,44,legacy_folder,legacy,True,,,0.75,2.25,,,,
323,train,2,sitting,sitting,sitting__sitting_20260714_133732_20hz,data/staging/20260731_rebuild01/cleaned_csv/sitting_20260714_133732_20hz.csv,30,59,legacy_folder,legacy,True,,,1.5,3.0,,,,
324,train,2,sitting,sitting,sitting__sitting_20260714_133732_20hz,data/staging/20260731_rebuild01/cleaned_csv/sitting_20260714_133732_20hz.csv,45,74,legacy_folder,legacy,True,,,2.25,3.75,,,,
325,train,2,sitting,sitting,sitting__sitting_20260714_133732_20hz,data/staging/20260731_rebuild01/cleaned_csv/sitting_20260714_133732_20hz.csv,60,89,legacy_folder,legacy,True,,,3.0,4.5,,,,
331,train,2,sitting,sitting,sitting__sitting_20260714_133800_20hz,data/staging/20260731_rebuild01/cleaned_csv/sitting_20260714_133800_20hz.csv,0,29,legacy_folder,legacy,True,,,0.0,1.5,,,,
332,train,2,sitting,sitting,sitting__sitting_20260714_133800_20hz,data/staging/20260731_rebuild01/cleaned_csv/sitting_20260714_133800_20hz.csv,15,44,legacy_folder,legacy,True,,,0.75,2.25,,,,
333,train,2,sitting,sitting,sitting__sitting_20260714_133800_20hz,data/staging/20260731_rebuild01/cleaned_csv/sitting_20260714_133800_20hz.csv,30,59,legacy_folder,legacy,True,,,1.5,3.0,,,,
334,train,2,sitting,sitting,sitting__sitting_20260714_133800_20hz,data/staging/20260731_rebuild01/cleaned_csv/sitting_20260714_133800_20hz.csv,45,74,legacy_folder,legacy,True,,,2.25,3.75,,,,
335,train,2,sitting,sitting,sitting__sitting_20260714_133800_20hz,data/staging/20260731_rebuild01/cleaned_csv/sitting_20260714_133800_20hz.csv,60,89,legacy_folder,legacy,True,,,3.0,4.5,,,,
336,train,2,sitting,sitting,sitting__sitting_20260714_133810_20hz,data/staging/20260731_rebuild01/cleaned_csv/sitting_20260714_133810_20hz.csv,0,29,legacy_folder,legacy,True,,,0.0,1.5,,,,
337,train,2,sitting,sitting,sitting__sitting_20260714_133810_20hz,data/staging/20260731_rebuild01/cleaned_csv/sitting_20260714_133810_20hz.csv,15,44,legacy_folder,legacy,True,,,0.75,2.25,,,,
338,train,2,sitting,sitting,sitting__sitting_20260714_133810_20hz,data/staging/20260731_rebuild01/cleaned_csv/sitting_20260714_133810_20hz.csv,30,59,legacy_folder,legacy,True,,,1.5,3.0,,,,
339,train,2,sitting,sitting,sitting__sitting_20260714_133810_20hz,data/staging/20260731_rebuild01/cleaned_csv/sitting_20260714_133810_20hz.csv,45,74,legacy_folder,legacy,True,,,2.25,3.75,,,,
340,train,2,sitting,sitting,sitting__sitting_20260714_133810_20hz,data/staging/20260731_rebuild01/cleaned_csv/sitting_20260714_133810_20hz.csv,60,89,legacy_folder,legacy,True,,,3.0,4.5,,,,
350,train,2,sitting,sitting,sitting__sitting_20260714_134237_20hz,data/staging/20260731_rebuild01/cleaned_csv/sitting_20260714_134237_20hz.csv,0,29,legacy_folder,legacy,True,,,0.0,1.5,,,,
351,train,2,sitting,sitting,sitting__sitting_20260714_134237_20hz,data/staging/20260731_rebuild01/cleaned_csv/sitting_20260714_134237_20hz.csv,15,44,legacy_folder,legacy,True,,,0.75,2.25,,,,
352,train,2,sitting,sitting,sitting__sitting_20260714_134237_20hz,data/staging/20260731_rebuild01/cleaned_csv/sitting_20260714_134237_20hz.csv,30,59,legacy_folder,legacy,True,,,1.5,3.0,,,,
353,train,2,sitting,sitting,sitting__sitting_20260714_134237_20hz,data/staging/20260731_rebuild01/cleaned_csv/sitting_20260714_134237_20hz.csv,45,74,legacy_folder,legacy,True,,,2.25,3.75,,,,
354,train,2,sitting,sitting,sitting__sitting_20260714_134237_20hz,data/staging/20260731_rebuild01/cleaned_csv/sitting_20260714_134237_20hz.csv,60,89,legacy_folder,legacy,True,,,3.0,4.5,,,,
364,train,2,sitting,sitting,sitting__sitting_20260714_134524_20hz,data/staging/20260731_rebuild01/cleaned_csv/sitting_20260714_134524_20hz.csv,0,29,legacy_folder,legacy,True,,,0.0,1.5,,,,
365,train,2,sitting,sitting,sitting__sitting_20260714_134524_20hz,data/staging/20260731_rebuild01/cleaned_csv/sitting_20260714_134524_20hz.csv,15,44,legacy_folder,legacy,True,,,0.75,2.25,,,,
366,train,2,sitting,sitting,sitting__sitting_20260714_134524_20hz,data/staging/20260731_rebuild01/cleaned_csv/sitting_20260714_134524_20hz.csv,30,59,legacy_folder,legacy,True,,,1.5,3.0,,,,
367,train,2,sitting,sitting,sitting__sitting_20260714_134524_20hz,data/staging/20260731_rebuild01/cleaned_csv/sitting_20260714_134524_20hz.csv,45,74,legacy_folder,legacy,True,,,2.25,3.75,,,,
368,train,2,sitting,sitting,sitting__sitting_20260714_134524_20hz,data/staging/20260731_rebuild01/cleaned_csv/sitting_20260714_134524_20hz.csv,60,89,legacy_folder,legacy,True,,,3.0,4.5,,,,
369,train,2,sitting,sitting,sitting__sitting_20260714_134543_20hz,data/staging/20260731_rebuild01/cleaned_csv/sitting_20260714_134543_20hz.csv,0,29,legacy_folder,legacy,True,,,0.0,1.5,,,,
370,train,2,sitting,sitting,sitting__sitting_20260714_134543_20hz,data/staging/20260731_rebuild01/cleaned_csv/sitting_20260714_134543_20hz.csv,15,44,legacy_folder,legacy,True,,,0.75,2.25,,,,
371,train,2,sitting,sitting,sitting__sitting_20260714_134543_20hz,data/staging/20260731_rebuild01/cleaned_csv/sitting_20260714_134543_20hz.csv,30,59,legacy_folder,legacy,True,,,1.5,3.0,,,,
372,train,2,sitting,sitting,sitting__sitting_20260714_134543_20hz,data/staging/20260731_rebuild01/cleaned_csv/sitting_20260714_134543_20hz.csv,45,74,legacy_folder,legacy,True,,,2.25,3.75,,,,
373,train,2,sitting,sitting,sitting__sitting_20260714_134543_20hz,data/staging/20260731_rebuild01/cleaned_csv/sitting_20260714_134543_20hz.csv,60,89,legacy_folder,legacy,True,,,3.0,4.5,,,,
389,train,2,sitting,sitting,sitting__sitting_20260714_134700_20hz,data/staging/20260731_rebuild01/cleaned_csv/sitting_20260714_134700_20hz.csv,0,29,legacy_folder,legacy,True,,,0.0,1.5,,,,
390,train,2,sitting,sitting,sitting__sitting_20260714_134700_20hz,data/staging/20260731_rebuild01/cleaned_csv/sitting_20260714_134700_20hz.csv,15,44,legacy_folder,legacy,True,,,0.75,2.25,,,,
391,train,2,sitting,sitting,sitting__sitting_20260714_134700_20hz,data/staging/20260731_rebuild01/cleaned_csv/sitting_20260714_134700_20hz.csv,30,59,legacy_folder,legacy,True,,,1.5,3.0,,,,
392,train,2,sitting,sitting,sitting__sitting_20260714_134700_20hz,data/staging/20260731_rebuild01/cleaned_csv/sitting_20260714_134700_20hz.csv,45,74,legacy_folder,legacy,True,,,2.25,3.75,,,,
393,train,2,sitting,sitting,sitting__sitting_20260714_134700_20hz,data/staging/20260731_rebuild01/cleaned_csv/sitting_20260714_134700_20hz.csv,60,89,legacy_folder,legacy,True,,,3.0,4.5,,,,
404,train,2,sitting,sitting,sitting__sitting_20260714_134816_20hz,data/staging/20260731_rebuild01/cleaned_csv/sitting_20260714_134816_20hz.csv,0,29,legacy_folder,legacy,True,,,0.0,1.5,,,,
405,train,2,sitting,sitting,sitting__sitting_20260714_134816_20hz,data/staging/20260731_rebuild01/cleaned_csv/sitting_20260714_134816_20hz.csv,15,44,legacy_folder,legacy,True,,,0.75,2.25,,,,
406,train,2,sitting,sitting,sitting__sitting_20260714_134816_20hz,data/staging/20260731_rebuild01/cleaned_csv/sitting_20260714_134816_20hz.csv,30,59,legacy_folder,legacy,True,,,1.5,3.0,,,,
407,train,2,sitting,sitting,sitting__sitting_20260714_134816_20hz,data/staging/20260731_rebuild01/cleaned_csv/sitting_20260714_134816_20hz.csv,45,74,legacy_folder,legacy,True,,,2.25,3.75,,,,
408,train,2,sitting,sitting,sitting__sitting_20260714_134816_20hz,data/staging/20260731_rebuild01/cleaned_csv/sitting_20260714_134816_20hz.csv,60,89,legacy_folder,legacy,True,,,3.0,4.5,,,,
419,train,2,sitting,sitting,sitting__sitting_20260714_134849_20hz,data/staging/20260731_rebuild01/cleaned_csv/sitting_20260714_134849_20hz.csv,0,29,legacy_folder,legacy,True,,,0.0,1.5,,,,
420,train,2,sitting,sitting,sitting__sitting_20260714_134849_20hz,data/staging/20260731_rebuild01/cleaned_csv/sitting_20260714_134849_20hz.csv,15,44,legacy_folder,legacy,True,,,0.75,2.25,,,,
421,train,2,sitting,sitting,sitting__sitting_20260714_134849_20hz,data/staging/20260731_rebuild01/cleaned_csv/sitting_20260714_134849_20hz.csv,30,59,legacy_folder,legacy,True,,,1.5,3.0,,,,
422,train,2,sitting,sitting,sitting__sitting_20260714_134849_20hz,data/staging/20260731_rebuild01/cleaned_csv/sitting_20260714_134849_20hz.csv,45,74,legacy_folder,legacy,True,,,2.25,3.75,,,,
423,train,2,sitting,sitting,sitting__sitting_20260714_134849_20hz,data/staging/20260731_rebuild01/cleaned_csv/sitting_20260714_134849_20hz.csv,60,89,legacy_folder,legacy,True,,,3.0,4.5,,,,
424,train,2,sitting,sitting,sitting__sitting_20260714_134900_20hz,data/staging/20260731_rebuild01/cleaned_csv/sitting_20260714_134900_20hz.csv,0,29,legacy_folder,legacy,True,,,0.0,1.5,,,,
425,train,2,sitting,sitting,sitting__sitting_20260714_134900_20hz,data/staging/20260731_rebuild01/cleaned_csv/sitting_20260714_134900_20hz.csv,15,44,legacy_folder,legacy,True,,,0.75,2.25,,,,
426,train,2,sitting,sitting,sitting__sitting_20260714_134900_20hz,data/staging/20260731_rebuild01/cleaned_csv/sitting_20260714_134900_20hz.csv,30,59,legacy_folder,legacy,True,,,1.5,3.0,,,,
427,train,2,sitting,sitting,sitting__sitting_20260714_134900_20hz,data/staging/20260731_rebuild01/cleaned_csv/sitting_20260714_134900_20hz.csv,45,74,legacy_folder,legacy,True,,,2.25,3.75,,,,
428,train,2,sitting,sitting,sitting__sitting_20260714_134900_20hz,data/staging/20260731_rebuild01/cleaned_csv/sitting_20260714_134900_20hz.csv,60,89,legacy_folder,legacy,True,,,3.0,4.5,,,,
429,train,2,sitting,sitting,sitting__sitting_20260714_134910_20hz,data/staging/20260731_rebuild01/cleaned_csv/sitting_20260714_134910_20hz.csv,0,29,legacy_folder,legacy,True,,,0.0,1.5,,,,
430,train,2,sitting,sitting,sitting__sitting_20260714_134910_20hz,data/staging/20260731_rebuild01/cleaned_csv/sitting_20260714_134910_20hz.csv,15,44,legacy_folder,legacy,True,,,0.75,2.25,,,,
431,train,2,sitting,sitting,sitting__sitting_20260714_134910_20hz,data/staging/20260731_rebuild01/cleaned_csv/sitting_20260714_134910_20hz.csv,30,59,legacy_folder,legacy,True,,,1.5,3.0,,,,
432,train,2,sitting,sitting,sitting__sitting_20260714_134910_20hz,data/staging/20260731_rebuild01/cleaned_csv/sitting_20260714_134910_20hz.csv,45,74,legacy_folder,legacy,True,,,2.25,3.75,,,,
433,train,2,sitting,sitting,sitting__sitting_20260714_134910_20hz,data/staging/20260731_rebuild01/cleaned_csv/sitting_20260714_134910_20hz.csv,60,89,legacy_folder,legacy,True,,,3.0,4.5,,,,
434,train,2,sitting,sitting,sitting__sitting_20260714_134921_20hz,data/staging/20260731_rebuild01/cleaned_csv/sitting_20260714_134921_20hz.csv,0,29,legacy_folder,legacy,True,,,0.0,1.5,,,,
435,train,2,sitting,sitting,sitting__sitting_20260714_134921_20hz,data/staging/20260731_rebuild01/cleaned_csv/sitting_20260714_134921_20hz.csv,15,44,legacy_folder,legacy,True,,,0.75,2.25,,,,
436,train,2,sitting,sitting,sitting__sitting_20260714_134921_20hz,data/staging/20260731_rebuild01/cleaned_csv/sitting_20260714_134921_20hz.csv,30,59,legacy_folder,legacy,True,,,1.5,3.0,,,,
437,train,2,sitting,sitting,sitting__sitting_20260714_134921_20hz,data/staging/20260731_rebuild01/cleaned_csv/sitting_20260714_134921_20hz.csv,45,74,legacy_folder,legacy,True,,,2.25,3.75,,,,
438,train,2,sitting,sitting,sitting__sitting_20260714_134921_20hz,data/staging/20260731_rebuild01/cleaned_csv/sitting_20260714_134921_20hz.csv,60,89,legacy_folder,legacy,True,,,3.0,4.5,,,,
449,train,2,sitting,sitting,sitting__sitting_20260714_135007_20hz,data/staging/20260731_rebuild01/cleaned_csv/sitting_20260714_135007_20hz.csv,0,29,legacy_folder,legacy,True,,,0.0,1.5,,,,
450,train,2,sitting,sitting,sitting__sitting_20260714_135007_20hz,data/staging/20260731_rebuild01/cleaned_csv/sitting_20260714_135007_20hz.csv,15,44,legacy_folder,legacy,True,,,0.75,2.25,,,,
451,train,2,sitting,sitting,sitting__sitting_20260714_135007_20hz,data/staging/20260731_rebuild01/cleaned_csv/sitting_20260714_135007_20hz.csv,30,59,legacy_folder,legacy,True,,,1.5,3.0,,,,
452,train,2,sitting,sitting,sitting__sitting_20260714_135007_20hz,data/staging/20260731_rebuild01/cleaned_csv/sitting_20260714_135007_20hz.csv,45,74,legacy_folder,legacy,True,,,2.25,3.75,,,,
453,train,2,sitting,sitting,sitting__sitting_20260714_135007_20hz,data/staging/20260731_rebuild01/cleaned_csv/sitting_20260714_135007_20hz.csv,60,89,legacy_folder,legacy,True,,,3.0,4.5,,,,
458,train,2,sitting,sitting,sitting__sitting_20260714_135049_20hz,data/staging/20260731_rebuild01/cleaned_csv/sitting_20260714_135049_20hz.csv,0,29,legacy_folder,legacy,True,,,0.0,1.5,,,,
459,train,2,sitting,sitting,sitting__sitting_20260714_135049_20hz,data/staging/20260731_rebuild01/cleaned_csv/sitting_20260714_135049_20hz.csv,15,44,legacy_folder,legacy,True,,,0.75,2.25,,,,
460,train,2,sitting,sitting,sitting__sitting_20260714_135049_20hz,data/staging/20260731_rebuild01/cleaned_csv/sitting_20260714_135049_20hz.csv,30,59,legacy_folder,legacy,True,,,1.5,3.0,,,,
461,train,2,sitting,sitting,sitting__sitting_20260714_135049_20hz,data/staging/20260731_rebuild01/cleaned_csv/sitting_20260714_135049_20hz.csv,45,74,legacy_folder,legacy,True,,,2.25,3.75,,,,
462,train,2,sitting,sitting,sitting__sitting_20260714_135049_20hz,data/staging/20260731_rebuild01/cleaned_csv/sitting_20260714_135049_20hz.csv,60,89,legacy_folder,legacy,True,,,3.0,4.5,,,,
463,train,2,sitting,sitting,sitting__sitting_20260714_135059_20hz,data/staging/20260731_rebuild01/cleaned_csv/sitting_20260714_135059_20hz.csv,0,29,legacy_folder,legacy,True,,,0.0,1.5,,,,
464,train,2,sitting,sitting,sitting__sitting_20260714_135059_20hz,data/staging/20260731_rebuild01/cleaned_csv/sitting_20260714_135059_20hz.csv,15,44,legacy_folder,legacy,True,,,0.75,2.25,,,,
465,train,2,sitting,sitting,sitting__sitting_20260714_135059_20hz,data/staging/20260731_rebuild01/cleaned_csv/sitting_20260714_135059_20hz.csv,30,59,legacy_folder,legacy,True,,,1.5,3.0,,,,
466,train,2,sitting,sitting,sitting__sitting_20260714_135059_20hz,data/staging/20260731_rebuild01/cleaned_csv/sitting_20260714_135059_20hz.csv,45,74,legacy_folder,legacy,True,,,2.25,3.75,,,,
467,train,2,sitting,sitting,sitting__sitting_20260714_135211_20hz,data/staging/20260731_rebuild01/cleaned_csv/sitting_20260714_135211_20hz.csv,0,29,legacy_folder,legacy,True,,,0.0,1.5,,,,
468,train,2,sitting,sitting,sitting__sitting_20260714_135211_20hz,data/staging/20260731_rebuild01/cleaned_csv/sitting_20260714_135211_20hz.csv,15,44,legacy_folder,legacy,True,,,0.75,2.25,,,,
469,train,2,sitting,sitting,sitting__sitting_20260714_135211_20hz,data/staging/20260731_rebuild01/cleaned_csv/sitting_20260714_135211_20hz.csv,30,59,legacy_folder,legacy,True,,,1.5,3.0,,,,
470,train,2,sitting,sitting,sitting__sitting_20260714_135211_20hz,data/staging/20260731_rebuild01/cleaned_csv/sitting_20260714_135211_20hz.csv,45,74,legacy_folder,legacy,True,,,2.25,3.75,,,,
471,train,2,sitting,sitting,sitting__sitting_20260714_135211_20hz,data/staging/20260731_rebuild01/cleaned_csv/sitting_20260714_135211_20hz.csv,60,89,legacy_folder,legacy,True,,,3.0,4.5,,,,
477,train,2,sitting,sitting,sitting__sitting_20260714_135230_20hz,data/staging/20260731_rebuild01/cleaned_csv/sitting_20260714_135230_20hz.csv,0,29,legacy_folder,legacy,True,,,0.0,1.5,,,,
478,train,2,sitting,sitting,sitting__sitting_20260714_135230_20hz,data/staging/20260731_rebuild01/cleaned_csv/sitting_20260714_135230_20hz.csv,15,44,legacy_folder,legacy,True,,,0.75,2.25,,,,
479,train,2,sitting,sitting,sitting__sitting_20260714_135230_20hz,data/staging/20260731_rebuild01/cleaned_csv/sitting_20260714_135230_20hz.csv,30,59,legacy_folder,legacy,True,,,1.5,3.0,,,,
480,train,2,sitting,sitting,sitting__sitting_20260714_135230_20hz,data/staging/20260731_rebuild01/cleaned_csv/sitting_20260714_135230_20hz.csv,45,74,legacy_folder,legacy,True,,,2.25,3.75,,,,
481,train,2,sitting,sitting,sitting__sitting_20260714_135230_20hz,data/staging/20260731_rebuild01/cleaned_csv/sitting_20260714_135230_20hz.csv,60,89,legacy_folder,legacy,True,,,3.0,4.5,,,,
482,train,2,sitting,sitting,sitting__sitting_20260714_135240_20hz,data/staging/20260731_rebuild01/cleaned_csv/sitting_20260714_135240_20hz.csv,0,29,legacy_folder,legacy,True,,,0.0,1.5,,,,
483,train,2,sitting,sitting,sitting__sitting_20260714_135240_20hz,data/staging/20260731_rebuild01/cleaned_csv/sitting_20260714_135240_20hz.csv,15,44,legacy_folder,legacy,True,,,0.75,2.25,,,,
484,train,2,sitting,sitting,sitting__sitting_20260714_135240_20hz,data/staging/20260731_rebuild01/cleaned_csv/sitting_20260714_135240_20hz.csv,30,59,legacy_folder,legacy,True,,,1.5,3.0,,,,
485,train,2,sitting,sitting,sitting__sitting_20260714_135240_20hz,data/staging/20260731_rebuild01/cleaned_csv/sitting_20260714_135240_20hz.csv,45,74,legacy_folder,legacy,True,,,2.25,3.75,,,,
486,train,2,sitting,sitting,sitting__sitting_20260714_135240_20hz,data/staging/20260731_rebuild01/cleaned_csv/sitting_20260714_135240_20hz.csv,60,89,legacy_folder,legacy,True,,,3.0,4.5,,,,
487,train,2,sitting,sitting,sitting__sitting_20260714_135250_20hz,data/staging/20260731_rebuild01/cleaned_csv/sitting_20260714_135250_20hz.csv,0,29,legacy_folder,legacy,True,,,0.0,1.5,,,,
488,train,2,sitting,sitting,sitting__sitting_20260714_135250_20hz,data/staging/20260731_rebuild01/cleaned_csv/sitting_20260714_135250_20hz.csv,15,44,legacy_folder,legacy,True,,,0.75,2.25,,,,
489,train,2,sitting,sitting,sitting__sitting_20260714_135250_20hz,data/staging/20260731_rebuild01/cleaned_csv/sitting_20260714_135250_20hz.csv,30,59,legacy_folder,legacy,True,,,1.5,3.0,,,,
490,train,2,sitting,sitting,sitting__sitting_20260714_135250_20hz,data/staging/20260731_rebuild01/cleaned_csv/sitting_20260714_135250_20hz.csv,45,74,legacy_folder,legacy,True,,,2.25,3.75,,,,
491,train,2,sitting,sitting,sitting__sitting_20260714_135250_20hz,data/staging/20260731_rebuild01/cleaned_csv/sitting_20260714_135250_20hz.csv,60,89,legacy_folder,legacy,True,,,3.0,4.5,,,,
492,train,2,sitting,sitting,sitting__sitting_20260714_135331_20hz,data/staging/20260731_rebuild01/cleaned_csv/sitting_20260714_135331_20hz.csv,0,29,legacy_folder,legacy,True,,,0.0,1.5,,,,
493,train,2,sitting,sitting,sitting__sitting_20260714_135331_20hz,data/staging/20260731_rebuild01/cleaned_csv/sitting_20260714_135331_20hz.csv,15,44,legacy_folder,legacy,True,,,0.75,2.25,,,,
494,train,2,sitting,sitting,sitting__sitting_20260714_135331_20hz,data/staging/20260731_rebuild01/cleaned_csv/sitting_20260714_135331_20hz.csv,30,59,legacy_folder,legacy,True,,,1.5,3.0,,,,
495,train,2,sitting,sitting,sitting__sitting_20260714_135331_20hz,data/staging/20260731_rebuild01/cleaned_csv/sitting_20260714_135331_20hz.csv,45,74,legacy_folder,legacy,True,,,2.25,3.75,,,,
496,train,2,sitting,sitting,sitting__sitting_20260714_135331_20hz,data/staging/20260731_rebuild01/cleaned_csv/sitting_20260714_135331_20hz.csv,60,89,legacy_folder,legacy,True,,,3.0,4.5,,,,
497,train,2,sitting,sitting,sitting__sitting_20260714_135345_20hz,data/staging/20260731_rebuild01/cleaned_csv/sitting_20260714_135345_20hz.csv,0,29,legacy_folder,legacy,True,,,0.0,1.5,,,,
498,train,2,sitting,sitting,sitting__sitting_20260714_135345_20hz,data/staging/20260731_rebuild01/cleaned_csv/sitting_20260714_135345_20hz.csv,15,44,legacy_folder,legacy,True,,,0.75,2.25,,,,
499,train,2,sitting,sitting,sitting__sitting_20260714_135345_20hz,data/staging/20260731_rebuild01/cleaned_csv/sitting_20260714_135345_20hz.csv,30,59,legacy_folder,legacy,True,,,1.5,3.0,,,,
500,train,2,sitting,sitting,sitting__sitting_20260714_135345_20hz,data/staging/20260731_rebuild01/cleaned_csv/sitting_20260714_135345_20hz.csv,45,74,legacy_folder,legacy,True,,,2.25,3.75,,,,
501,train,2,sitting,sitting,sitting__sitting_20260714_135345_20hz,data/staging/20260731_rebuild01/cleaned_csv/sitting_20260714_135345_20hz.csv,60,89,legacy_folder,legacy,True,,,3.0,4.5,,,,
502,train,2,sitting,sitting,sitting__sitting_20260714_135404_20hz,data/staging/20260731_rebuild01/cleaned_csv/sitting_20260714_135404_20hz.csv,0,29,legacy_folder,legacy,True,,,0.0,1.5,,,,
503,train,2,sitting,sitting,sitting__sitting_20260714_135404_20hz,data/staging/20260731_rebuild01/cleaned_csv/sitting_20260714_135404_20hz.csv,15,44,legacy_folder,legacy,True,,,0.75,2.25,,,,
504,train,2,sitting,sitting,sitting__sitting_20260714_135404_20hz,data/staging/20260731_rebuild01/cleaned_csv/sitting_20260714_135404_20hz.csv,30,59,legacy_folder,legacy,True,,,1.5,3.0,,,,
505,train,2,sitting,sitting,sitting__sitting_20260714_135404_20hz,data/staging/20260731_rebuild01/cleaned_csv/sitting_20260714_135404_20hz.csv,45,74,legacy_folder,legacy,True,,,2.25,3.75,,,,
506,train,2,sitting,sitting,sitting__sitting_20260714_135404_20hz,data/staging/20260731_rebuild01/cleaned_csv/sitting_20260714_135404_20hz.csv,60,89,legacy_folder,legacy,True,,,3.0,4.5,,,,
507,train,2,sitting,sitting,sitting__sitting_20260714_135414_20hz,data/staging/20260731_rebuild01/cleaned_csv/sitting_20260714_135414_20hz.csv,0,29,legacy_folder,legacy,True,,,0.0,1.5,,,,
508,train,2,sitting,sitting,sitting__sitting_20260714_135414_20hz,data/staging/20260731_rebuild01/cleaned_csv/sitting_20260714_135414_20hz.csv,15,44,legacy_folder,legacy,True,,,0.75,2.25,,,,
509,train,2,sitting,sitting,sitting__sitting_20260714_135414_20hz,data/staging/20260731_rebuild01/cleaned_csv/sitting_20260714_135414_20hz.csv,30,59,legacy_folder,legacy,True,,,1.5,3.0,,,,
510,train,2,sitting,sitting,sitting__sitting_20260714_135414_20hz,data/staging/20260731_rebuild01/cleaned_csv/sitting_20260714_135414_20hz.csv,45,74,legacy_folder,legacy,True,,,2.25,3.75,,,,
511,train,2,sitting,sitting,sitting__sitting_20260714_135414_20hz,data/staging/20260731_rebuild01/cleaned_csv/sitting_20260714_135414_20hz.csv,60,89,legacy_folder,legacy,True,,,3.0,4.5,,,,
517,train,2,sitting,sitting,sitting__sitting_20260714_135735_20hz,data/staging/20260731_rebuild01/cleaned_csv/sitting_20260714_135735_20hz.csv,0,29,legacy_folder,legacy,True,,,0.0,1.5,,,,
518,train,2,sitting,sitting,sitting__sitting_20260714_135735_20hz,data/staging/20260731_rebuild01/cleaned_csv/sitting_20260714_135735_20hz.csv,15,44,legacy_folder,legacy,True,,,0.75,2.25,,,,
519,train,2,sitting,sitting,sitting__sitting_20260714_135735_20hz,data/staging/20260731_rebuild01/cleaned_csv/sitting_20260714_135735_20hz.csv,30,59,legacy_folder,legacy,True,,,1.5,3.0,,,,
520,train,2,sitting,sitting,sitting__sitting_20260714_135735_20hz,data/staging/20260731_rebuild01/cleaned_csv/sitting_20260714_135735_20hz.csv,45,74,legacy_folder,legacy,True,,,2.25,3.75,,,,
521,train,2,sitting,sitting,sitting__sitting_20260714_135735_20hz,data/staging/20260731_rebuild01/cleaned_csv/sitting_20260714_135735_20hz.csv,60,89,legacy_folder,legacy,True,,,3.0,4.5,,,,
527,train,2,sitting,sitting,sitting__sitting_20260714_135758_20hz,data/staging/20260731_rebuild01/cleaned_csv/sitting_20260714_135758_20hz.csv,0,29,legacy_folder,legacy,True,,,0.0,1.5,,,,
528,train,2,sitting,sitting,sitting__sitting_20260714_135758_20hz,data/staging/20260731_rebuild01/cleaned_csv/sitting_20260714_135758_20hz.csv,15,44,legacy_folder,legacy,True,,,0.75,2.25,,,,
529,train,2,sitting,sitting,sitting__sitting_20260714_135758_20hz,data/staging/20260731_rebuild01/cleaned_csv/sitting_20260714_135758_20hz.csv,30,59,legacy_folder,legacy,True,,,1.5,3.0,,,,
530,train,2,sitting,sitting,sitting__sitting_20260714_135758_20hz,data/staging/20260731_rebuild01/cleaned_csv/sitting_20260714_135758_20hz.csv,45,74,legacy_folder,legacy,True,,,2.25,3.75,,,,
531,train,2,sitting,sitting,sitting__sitting_20260714_135758_20hz,data/staging/20260731_rebuild01/cleaned_csv/sitting_20260714_135758_20hz.csv,60,89,legacy_folder,legacy,True,,,3.0,4.5,,,,
542,train,2,sitting,sitting,sitting__sitting_20260714_135830_20hz,data/staging/20260731_rebuild01/cleaned_csv/sitting_20260714_135830_20hz.csv,0,29,legacy_folder,legacy,True,,,0.0,1.5,,,,
543,train,2,sitting,sitting,sitting__sitting_20260714_135830_20hz,data/staging/20260731_rebuild01/cleaned_csv/sitting_20260714_135830_20hz.csv,15,44,legacy_folder,legacy,True,,,0.75,2.25,,,,
544,train,2,sitting,sitting,sitting__sitting_20260714_135830_20hz,data/staging/20260731_rebuild01/cleaned_csv/sitting_20260714_135830_20hz.csv,30,59,legacy_folder,legacy,True,,,1.5,3.0,,,,
545,train,2,sitting,sitting,sitting__sitting_20260714_135830_20hz,data/staging/20260731_rebuild01/cleaned_csv/sitting_20260714_135830_20hz.csv,45,74,legacy_folder,legacy,True,,,2.25,3.75,,,,
546,train,2,sitting,sitting,sitting__sitting_20260714_135830_20hz,data/staging/20260731_rebuild01/cleaned_csv/sitting_20260714_135830_20hz.csv,60,89,legacy_folder,legacy,True,,,3.0,4.5,,,,
547,train,2,sitting,sitting,sitting__sitting_20260714_135840_20hz,data/staging/20260731_rebuild01/cleaned_csv/sitting_20260714_135840_20hz.csv,0,29,legacy_folder,legacy,True,,,0.0,1.5,,,,
548,train,2,sitting,sitting,sitting__sitting_20260714_135840_20hz,data/staging/20260731_rebuild01/cleaned_csv/sitting_20260714_135840_20hz.csv,15,44,legacy_folder,legacy,True,,,0.75,2.25,,,,
549,train,2,sitting,sitting,sitting__sitting_20260714_135840_20hz,data/staging/20260731_rebuild01/cleaned_csv/sitting_20260714_135840_20hz.csv,30,59,legacy_folder,legacy,True,,,1.5,3.0,,,,
550,train,2,sitting,sitting,sitting__sitting_20260714_135840_20hz,data/staging/20260731_rebuild01/cleaned_csv/sitting_20260714_135840_20hz.csv,45,74,legacy_folder,legacy,True,,,2.25,3.75,,,,
551,train,2,sitting,sitting,sitting__sitting_20260714_135840_20hz,data/staging/20260731_rebuild01/cleaned_csv/sitting_20260714_135840_20hz.csv,60,89,legacy_folder,legacy,True,,,3.0,4.5,,,,
552,train,2,sitting,sitting,sitting__sitting_20260714_135849_20hz,data/staging/20260731_rebuild01/cleaned_csv/sitting_20260714_135849_20hz.csv,0,29,legacy_folder,legacy,True,,,0.0,1.5,,,,
553,train,2,sitting,sitting,sitting__sitting_20260714_135849_20hz,data/staging/20260731_rebuild01/cleaned_csv/sitting_20260714_135849_20hz.csv,15,44,legacy_folder,legacy,True,,,0.75,2.25,,,,
554,train,2,sitting,sitting,sitting__sitting_20260714_135849_20hz,data/staging/20260731_rebuild01/cleaned_csv/sitting_20260714_135849_20hz.csv,30,59,legacy_folder,legacy,True,,,1.5,3.0,,,,
555,train,2,sitting,sitting,sitting__sitting_20260714_135849_20hz,data/staging/20260731_rebuild01/cleaned_csv/sitting_20260714_135849_20hz.csv,45,74,legacy_folder,legacy,True,,,2.25,3.75,,,,
556,train,2,sitting,sitting,sitting__sitting_20260714_135849_20hz,data/staging/20260731_rebuild01/cleaned_csv/sitting_20260714_135849_20hz.csv,60,89,legacy_folder,legacy,True,,,3.0,4.5,,,,
557,train,2,sitting,sitting,sitting__sitting_20260714_135858_20hz,data/staging/20260731_rebuild01/cleaned_csv/sitting_20260714_135858_20hz.csv,0,29,legacy_folder,legacy,True,,,0.0,1.5,,,,
558,train,2,sitting,sitting,sitting__sitting_20260714_135858_20hz,data/staging/20260731_rebuild01/cleaned_csv/sitting_20260714_135858_20hz.csv,15,44,legacy_folder,legacy,True,,,0.75,2.25,,,,
559,train,2,sitting,sitting,sitting__sitting_20260714_135858_20hz,data/staging/20260731_rebuild01/cleaned_csv/sitting_20260714_135858_20hz.csv,30,59,legacy_folder,legacy,True,,,1.5,3.0,,,,
560,train,2,sitting,sitting,sitting__sitting_20260714_135858_20hz,data/staging/20260731_rebuild01/cleaned_csv/sitting_20260714_135858_20hz.csv,45,74,legacy_folder,legacy,True,,,2.25,3.75,,,,
561,train,2,sitting,sitting,sitting__sitting_20260714_135858_20hz,data/staging/20260731_rebuild01/cleaned_csv/sitting_20260714_135858_20hz.csv,60,89,legacy_folder,legacy,True,,,3.0,4.5,,,,
562,train,2,sitting,sitting,sitting__sitting_20260714_135907_20hz,data/staging/20260731_rebuild01/cleaned_csv/sitting_20260714_135907_20hz.csv,0,29,legacy_folder,legacy,True,,,0.0,1.5,,,,
563,train,2,sitting,sitting,sitting__sitting_20260714_135907_20hz,data/staging/20260731_rebuild01/cleaned_csv/sitting_20260714_135907_20hz.csv,15,44,legacy_folder,legacy,True,,,0.75,2.25,,,,
564,train,2,sitting,sitting,sitting__sitting_20260714_135907_20hz,data/staging/20260731_rebuild01/cleaned_csv/sitting_20260714_135907_20hz.csv,30,59,legacy_folder,legacy,True,,,1.5,3.0,,,,
565,train,2,sitting,sitting,sitting__sitting_20260714_135907_20hz,data/staging/20260731_rebuild01/cleaned_csv/sitting_20260714_135907_20hz.csv,45,74,legacy_folder,legacy,True,,,2.25,3.75,,,,
566,train,2,sitting,sitting,sitting__sitting_20260714_135907_20hz,data/staging/20260731_rebuild01/cleaned_csv/sitting_20260714_135907_20hz.csv,60,89,legacy_folder,legacy,True,,,3.0,4.5,,,,
567,train,2,sitting,sitting,sitting__sitting_20260714_135926_20hz,data/staging/20260731_rebuild01/cleaned_csv/sitting_20260714_135926_20hz.csv,0,29,legacy_folder,legacy,True,,,0.0,1.5,,,,
568,train,2,sitting,sitting,sitting__sitting_20260714_135926_20hz,data/staging/20260731_rebuild01/cleaned_csv/sitting_20260714_135926_20hz.csv,15,44,legacy_folder,legacy,True,,,0.75,2.25,,,,
569,train,2,sitting,sitting,sitting__sitting_20260714_135926_20hz,data/staging/20260731_rebuild01/cleaned_csv/sitting_20260714_135926_20hz.csv,30,59,legacy_folder,legacy,True,,,1.5,3.0,,,,
570,train,2,sitting,sitting,sitting__sitting_20260714_135926_20hz,data/staging/20260731_rebuild01/cleaned_csv/sitting_20260714_135926_20hz.csv,45,74,legacy_folder,legacy,True,,,2.25,3.75,,,,
571,train,2,sitting,sitting,sitting__sitting_20260714_135926_20hz,data/staging/20260731_rebuild01/cleaned_csv/sitting_20260714_135926_20hz.csv,60,89,legacy_folder,legacy,True,,,3.0,4.5,,,,
572,train,2,sitting,sitting,sitting__sitting_20260714_135936_20hz,data/staging/20260731_rebuild01/cleaned_csv/sitting_20260714_135936_20hz.csv,0,29,legacy_folder,legacy,True,,,0.0,1.5,,,,
573,train,2,sitting,sitting,sitting__sitting_20260714_135936_20hz,data/staging/20260731_rebuild01/cleaned_csv/sitting_20260714_135936_20hz.csv,15,44,legacy_folder,legacy,True,,,0.75,2.25,,,,
574,train,2,sitting,sitting,sitting__sitting_20260714_135936_20hz,data/staging/20260731_rebuild01/cleaned_csv/sitting_20260714_135936_20hz.csv,30,59,legacy_folder,legacy,True,,,1.5,3.0,,,,
575,train,2,sitting,sitting,sitting__sitting_20260714_135936_20hz,data/staging/20260731_rebuild01/cleaned_csv/sitting_20260714_135936_20hz.csv,45,74,legacy_folder,legacy,True,,,2.25,3.75,,,,
576,train,2,sitting,sitting,sitting__sitting_20260714_135936_20hz,data/staging/20260731_rebuild01/cleaned_csv/sitting_20260714_135936_20hz.csv,60,89,legacy_folder,legacy,True,,,3.0,4.5,,,,
577,train,2,sitting,sitting,sitting__sitting_20260714_135947_20hz,data/staging/20260731_rebuild01/cleaned_csv/sitting_20260714_135947_20hz.csv,0,29,legacy_folder,legacy,True,,,0.0,1.5,,,,
578,train,2,sitting,sitting,sitting__sitting_20260714_135947_20hz,data/staging/20260731_rebuild01/cleaned_csv/sitting_20260714_135947_20hz.csv,15,44,legacy_folder,legacy,True,,,0.75,2.25,,,,
579,train,2,sitting,sitting,sitting__sitting_20260714_135947_20hz,data/staging/20260731_rebuild01/cleaned_csv/sitting_20260714_135947_20hz.csv,30,59,legacy_folder,legacy,True,,,1.5,3.0,,,,
580,train,2,sitting,sitting,sitting__sitting_20260714_135947_20hz,data/staging/20260731_rebuild01/cleaned_csv/sitting_20260714_135947_20hz.csv,45,74,legacy_folder,legacy,True,,,2.25,3.75,,,,
581,train,2,sitting,sitting,sitting__sitting_20260714_135947_20hz,data/staging/20260731_rebuild01/cleaned_csv/sitting_20260714_135947_20hz.csv,60,89,legacy_folder,legacy,True,,,3.0,4.5,,,,
582,train,2,sitting,sitting,sitting__sitting_20260714_135959_20hz,data/staging/20260731_rebuild01/cleaned_csv/sitting_20260714_135959_20hz.csv,0,29,legacy_folder,legacy,True,,,0.0,1.5,,,,
583,train,2,sitting,sitting,sitting__sitting_20260714_135959_20hz,data/staging/20260731_rebuild01/cleaned_csv/sitting_20260714_135959_20hz.csv,15,44,legacy_folder,legacy,True,,,0.75,2.25,,,,
584,train,2,sitting,sitting,sitting__sitting_20260714_135959_20hz,data/staging/20260731_rebuild01/cleaned_csv/sitting_20260714_135959_20hz.csv,30,59,legacy_folder,legacy,True,,,1.5,3.0,,,,
585,train,2,sitting,sitting,sitting__sitting_20260714_135959_20hz,data/staging/20260731_rebuild01/cleaned_csv/sitting_20260714_135959_20hz.csv,45,74,legacy_folder,legacy,True,,,2.25,3.75,,,,
586,train,2,sitting,sitting,sitting__sitting_20260714_135959_20hz,data/staging/20260731_rebuild01/cleaned_csv/sitting_20260714_135959_20hz.csv,60,89,legacy_folder,legacy,True,,,3.0,4.5,,,,
587,train,2,sitting,sitting,sitting__sitting_20260714_140015_20hz,data/staging/20260731_rebuild01/cleaned_csv/sitting_20260714_140015_20hz.csv,0,29,legacy_folder,legacy,True,,,0.0,1.5,,,,
588,train,2,sitting,sitting,sitting__sitting_20260714_140015_20hz,data/staging/20260731_rebuild01/cleaned_csv/sitting_20260714_140015_20hz.csv,15,44,legacy_folder,legacy,True,,,0.75,2.25,,,,
589,train,2,sitting,sitting,sitting__sitting_20260714_140015_20hz,data/staging/20260731_rebuild01/cleaned_csv/sitting_20260714_140015_20hz.csv,30,59,legacy_folder,legacy,True,,,1.5,3.0,,,,
590,train,2,sitting,sitting,sitting__sitting_20260714_140015_20hz,data/staging/20260731_rebuild01/cleaned_csv/sitting_20260714_140015_20hz.csv,45,74,legacy_folder,legacy,True,,,2.25,3.75,,,,
591,train,2,sitting,sitting,sitting__sitting_20260714_140015_20hz,data/staging/20260731_rebuild01/cleaned_csv/sitting_20260714_140015_20hz.csv,60,89,legacy_folder,legacy,True,,,3.0,4.5,,,,
592,train,2,sitting,sitting,sitting__sitting_20260714_140025_20hz,data/staging/20260731_rebuild01/cleaned_csv/sitting_20260714_140025_20hz.csv,0,29,legacy_folder,legacy,True,,,0.0,1.5,,,,
593,train,2,sitting,sitting,sitting__sitting_20260714_140025_20hz,data/staging/20260731_rebuild01/cleaned_csv/sitting_20260714_140025_20hz.csv,15,44,legacy_folder,legacy,True,,,0.75,2.25,,,,
594,train,2,sitting,sitting,sitting__sitting_20260714_140025_20hz,data/staging/20260731_rebuild01/cleaned_csv/sitting_20260714_140025_20hz.csv,30,59,legacy_folder,legacy,True,,,1.5,3.0,,,,
595,train,2,sitting,sitting,sitting__sitting_20260714_140025_20hz,data/staging/20260731_rebuild01/cleaned_csv/sitting_20260714_140025_20hz.csv,45,74,legacy_folder,legacy,True,,,2.25,3.75,,,,
596,train,2,sitting,sitting,sitting__sitting_20260714_140025_20hz,data/staging/20260731_rebuild01/cleaned_csv/sitting_20260714_140025_20hz.csv,60,89,legacy_folder,legacy,True,,,3.0,4.5,,,,
597,train,2,sitting,sitting,sitting__sitting_20260714_140037_20hz,data/staging/20260731_rebuild01/cleaned_csv/sitting_20260714_140037_20hz.csv,0,29,legacy_folder,legacy,True,,,0.0,1.5,,,,
598,train,2,sitting,sitting,sitting__sitting_20260714_140037_20hz,data/staging/20260731_rebuild01/cleaned_csv/sitting_20260714_140037_20hz.csv,15,44,legacy_folder,legacy,True,,,0.75,2.25,,,,
599,train,2,sitting,sitting,sitting__sitting_20260714_140037_20hz,data/staging/20260731_rebuild01/cleaned_csv/sitting_20260714_140037_20hz.csv,30,59,legacy_folder,legacy,True,,,1.5,3.0,,,,
600,train,2,sitting,sitting,sitting__sitting_20260714_140037_20hz,data/staging/20260731_rebuild01/cleaned_csv/sitting_20260714_140037_20hz.csv,45,74,legacy_folder,legacy,True,,,2.25,3.75,,,,
601,train,2,sitting,sitting,sitting__sitting_20260714_140037_20hz,data/staging/20260731_rebuild01/cleaned_csv/sitting_20260714_140037_20hz.csv,60,89,legacy_folder,legacy,True,,,3.0,4.5,,,,
602,train,2,sitting,sitting,sitting__sitting_20260714_140047_20hz,data/staging/20260731_rebuild01/cleaned_csv/sitting_20260714_140047_20hz.csv,0,29,legacy_folder,legacy,True,,,0.0,1.5,,,,
603,train,2,sitting,sitting,sitting__sitting_20260714_140047_20hz,data/staging/20260731_rebuild01/cleaned_csv/sitting_20260714_140047_20hz.csv,15,44,legacy_folder,legacy,True,,,0.75,2.25,,,,
604,train,2,sitting,sitting,sitting__sitting_20260714_140047_20hz,data/staging/20260731_rebuild01/cleaned_csv/sitting_20260714_140047_20hz.csv,30,59,legacy_folder,legacy,True,,,1.5,3.0,,,,
605,train,2,sitting,sitting,sitting__sitting_20260714_140047_20hz,data/staging/20260731_rebuild01/cleaned_csv/sitting_20260714_140047_20hz.csv,45,74,legacy_folder,legacy,True,,,2.25,3.75,,,,
606,train,2,sitting,sitting,sitting__sitting_20260714_140047_20hz,data/staging/20260731_rebuild01/cleaned_csv/sitting_20260714_140047_20hz.csv,60,89,legacy_folder,legacy,True,,,3.0,4.5,,,,
607,train,2,sitting,sitting,sitting__sitting_20260714_140057_20hz,data/staging/20260731_rebuild01/cleaned_csv/sitting_20260714_140057_20hz.csv,0,29,legacy_folder,legacy,True,,,0.0,1.5,,,,
608,train,2,sitting,sitting,sitting__sitting_20260714_140057_20hz,data/staging/20260731_rebuild01/cleaned_csv/sitting_20260714_140057_20hz.csv,15,44,legacy_folder,legacy,True,,,0.75,2.25,,,,
609,train,2,sitting,sitting,sitting__sitting_20260714_140057_20hz,data/staging/20260731_rebuild01/cleaned_csv/sitting_20260714_140057_20hz.csv,30,59,legacy_folder,legacy,True,,,1.5,3.0,,,,
610,train,2,sitting,sitting,sitting__sitting_20260714_140057_20hz,data/staging/20260731_rebuild01/cleaned_csv/sitting_20260714_140057_20hz.csv,45,74,legacy_folder,legacy,True,,,2.25,3.75,,,,
611,train,2,sitting,sitting,sitting__sitting_20260714_140057_20hz,data/staging/20260731_rebuild01/cleaned_csv/sitting_20260714_140057_20hz.csv,60,89,legacy_folder,legacy,True,,,3.0,4.5,,,,
617,train,2,sitting,sitting,sitting__sitting_20260714_140129_20hz,data/staging/20260731_rebuild01/cleaned_csv/sitting_20260714_140129_20hz.csv,0,29,legacy_folder,legacy,True,,,0.0,1.5,,,,
618,train,2,sitting,sitting,sitting__sitting_20260714_140129_20hz,data/staging/20260731_rebuild01/cleaned_csv/sitting_20260714_140129_20hz.csv,15,44,legacy_folder,legacy,True,,,0.75,2.25,,,,
619,train,2,sitting,sitting,sitting__sitting_20260714_140129_20hz,data/staging/20260731_rebuild01/cleaned_csv/sitting_20260714_140129_20hz.csv,30,59,legacy_folder,legacy,True,,,1.5,3.0,,,,
620,train,2,sitting,sitting,sitting__sitting_20260714_140129_20hz,data/staging/20260731_rebuild01/cleaned_csv/sitting_20260714_140129_20hz.csv,45,74,legacy_folder,legacy,True,,,2.25,3.75,,,,
621,train,2,sitting,sitting,sitting__sitting_20260714_140129_20hz,data/staging/20260731_rebuild01/cleaned_csv/sitting_20260714_140129_20hz.csv,60,89,legacy_folder,legacy,True,,,3.0,4.5,,,,
622,train,2,sitting,sitting,sitting__sitting_20260714_140141_20hz,data/staging/20260731_rebuild01/cleaned_csv/sitting_20260714_140141_20hz.csv,0,29,legacy_folder,legacy,True,,,0.0,1.5,,,,
623,train,2,sitting,sitting,sitting__sitting_20260714_140141_20hz,data/staging/20260731_rebuild01/cleaned_csv/sitting_20260714_140141_20hz.csv,15,44,legacy_folder,legacy,True,,,0.75,2.25,,,,
624,train,2,sitting,sitting,sitting__sitting_20260714_140141_20hz,data/staging/20260731_rebuild01/cleaned_csv/sitting_20260714_140141_20hz.csv,30,59,legacy_folder,legacy,True,,,1.5,3.0,,,,
625,train,2,sitting,sitting,sitting__sitting_20260714_140141_20hz,data/staging/20260731_rebuild01/cleaned_csv/sitting_20260714_140141_20hz.csv,45,74,legacy_folder,legacy,True,,,2.25,3.75,,,,
626,train,2,sitting,sitting,sitting__sitting_20260714_140141_20hz,data/staging/20260731_rebuild01/cleaned_csv/sitting_20260714_140141_20hz.csv,60,89,legacy_folder,legacy,True,,,3.0,4.5,,,,
632,train,2,sitting,sitting,sitting__sitting_20260714_140200_20hz,data/staging/20260731_rebuild01/cleaned_csv/sitting_20260714_140200_20hz.csv,0,29,legacy_folder,legacy,True,,,0.0,1.5,,,,
633,train,2,sitting,sitting,sitting__sitting_20260714_140200_20hz,data/staging/20260731_rebuild01/cleaned_csv/sitting_20260714_140200_20hz.csv,15,44,legacy_folder,legacy,True,,,0.75,2.25,,,,
634,train,2,sitting,sitting,sitting__sitting_20260714_140200_20hz,data/staging/20260731_rebuild01/cleaned_csv/sitting_20260714_140200_20hz.csv,30,59,legacy_folder,legacy,True,,,1.5,3.0,,,,
635,train,2,sitting,sitting,sitting__sitting_20260714_140200_20hz,data/staging/20260731_rebuild01/cleaned_csv/sitting_20260714_140200_20hz.csv,45,74,legacy_folder,legacy,True,,,2.25,3.75,,,,
636,train,2,sitting,sitting,sitting__sitting_20260714_140200_20hz,data/staging/20260731_rebuild01/cleaned_csv/sitting_20260714_140200_20hz.csv,60,89,legacy_folder,legacy,True,,,3.0,4.5,,,,
637,train,2,sitting,sitting,sitting__sitting_20260714_140210_20hz,data/staging/20260731_rebuild01/cleaned_csv/sitting_20260714_140210_20hz.csv,0,29,legacy_folder,legacy,True,,,0.0,1.5,,,,
638,train,2,sitting,sitting,sitting__sitting_20260714_140210_20hz,data/staging/20260731_rebuild01/cleaned_csv/sitting_20260714_140210_20hz.csv,15,44,legacy_folder,legacy,True,,,0.75,2.25,,,,
639,train,2,sitting,sitting,sitting__sitting_20260714_140210_20hz,data/staging/20260731_rebuild01/cleaned_csv/sitting_20260714_140210_20hz.csv,30,59,legacy_folder,legacy,True,,,1.5,3.0,,,,
640,train,2,sitting,sitting,sitting__sitting_20260714_140210_20hz,data/staging/20260731_rebuild01/cleaned_csv/sitting_20260714_140210_20hz.csv,45,74,legacy_folder,legacy,True,,,2.25,3.75,,,,
641,train,2,sitting,sitting,sitting__sitting_20260714_140210_20hz,data/staging/20260731_rebuild01/cleaned_csv/sitting_20260714_140210_20hz.csv,60,89,legacy_folder,legacy,True,,,3.0,4.5,,,,
647,train,2,sitting,sitting,sitting__sitting_20260714_140230_20hz,data/staging/20260731_rebuild01/cleaned_csv/sitting_20260714_140230_20hz.csv,0,29,legacy_folder,legacy,True,,,0.0,1.5,,,,
648,train,2,sitting,sitting,sitting__sitting_20260714_140230_20hz,data/staging/20260731_rebuild01/cleaned_csv/sitting_20260714_140230_20hz.csv,15,44,legacy_folder,legacy,True,,,0.75,2.25,,,,
649,train,2,sitting,sitting,sitting__sitting_20260714_140230_20hz,data/staging/20260731_rebuild01/cleaned_csv/sitting_20260714_140230_20hz.csv,30,59,legacy_folder,legacy,True,,,1.5,3.0,,,,
650,train,2,sitting,sitting,sitting__sitting_20260714_140230_20hz,data/staging/20260731_rebuild01/cleaned_csv/sitting_20260714_140230_20hz.csv,45,74,legacy_folder,legacy,True,,,2.25,3.75,,,,
651,train,2,sitting,sitting,sitting__sitting_20260714_140230_20hz,data/staging/20260731_rebuild01/cleaned_csv/sitting_20260714_140230_20hz.csv,60,89,legacy_folder,legacy,True,,,3.0,4.5,,,,
652,train,2,sitting,sitting,sitting__sitting_20260714_140240_20hz,data/staging/20260731_rebuild01/cleaned_csv/sitting_20260714_140240_20hz.csv,0,29,legacy_folder,legacy,True,,,0.0,1.5,,,,
653,train,2,sitting,sitting,sitting__sitting_20260714_140240_20hz,data/staging/20260731_rebuild01/cleaned_csv/sitting_20260714_140240_20hz.csv,15,44,legacy_folder,legacy,True,,,0.75,2.25,,,,
654,train,2,sitting,sitting,sitting__sitting_20260714_140240_20hz,data/staging/20260731_rebuild01/cleaned_csv/sitting_20260714_140240_20hz.csv,30,59,legacy_folder,legacy,True,,,1.5,3.0,,,,
655,train,2,sitting,sitting,sitting__sitting_20260714_140240_20hz,data/staging/20260731_rebuild01/cleaned_csv/sitting_20260714_140240_20hz.csv,45,74,legacy_folder,legacy,True,,,2.25,3.75,,,,
656,train,2,sitting,sitting,sitting__sitting_20260714_140240_20hz,data/staging/20260731_rebuild01/cleaned_csv/sitting_20260714_140240_20hz.csv,60,89,legacy_folder,legacy,True,,,3.0,4.5,,,,
657,train,2,sitting,sitting,sitting__sitting_20260714_140250_20hz,data/staging/20260731_rebuild01/cleaned_csv/sitting_20260714_140250_20hz.csv,0,29,legacy_folder,legacy,True,,,0.0,1.5,,,,
658,train,2,sitting,sitting,sitting__sitting_20260714_140250_20hz,data/staging/20260731_rebuild01/cleaned_csv/sitting_20260714_140250_20hz.csv,15,44,legacy_folder,legacy,True,,,0.75,2.25,,,,
659,train,2,sitting,sitting,sitting__sitting_20260714_140250_20hz,data/staging/20260731_rebuild01/cleaned_csv/sitting_20260714_140250_20hz.csv,30,59,legacy_folder,legacy,True,,,1.5,3.0,,,,
660,train,2,sitting,sitting,sitting__sitting_20260714_140250_20hz,data/staging/20260731_rebuild01/cleaned_csv/sitting_20260714_140250_20hz.csv,45,74,legacy_folder,legacy,True,,,2.25,3.75,,,,
661,train,2,sitting,sitting,sitting__sitting_20260714_140250_20hz,data/staging/20260731_rebuild01/cleaned_csv/sitting_20260714_140250_20hz.csv,60,89,legacy_folder,legacy,True,,,3.0,4.5,,,,
667,train,2,sitting,sitting,sitting__sitting_20260714_140321_20hz,data/staging/20260731_rebuild01/cleaned_csv/sitting_20260714_140321_20hz.csv,0,29,legacy_folder,legacy,True,,,0.0,1.5,,,,
668,train,2,sitting,sitting,sitting__sitting_20260714_140321_20hz,data/staging/20260731_rebuild01/cleaned_csv/sitting_20260714_140321_20hz.csv,15,44,legacy_folder,legacy,True,,,0.75,2.25,,,,
669,train,2,sitting,sitting,sitting__sitting_20260714_140321_20hz,data/staging/20260731_rebuild01/cleaned_csv/sitting_20260714_140321_20hz.csv,30,59,legacy_folder,legacy,True,,,1.5,3.0,,,,
670,train,2,sitting,sitting,sitting__sitting_20260714_140321_20hz,data/staging/20260731_rebuild01/cleaned_csv/sitting_20260714_140321_20hz.csv,45,74,legacy_folder,legacy,True,,,2.25,3.75,,,,
671,train,2,sitting,sitting,sitting__sitting_20260714_140321_20hz,data/staging/20260731_rebuild01/cleaned_csv/sitting_20260714_140321_20hz.csv,60,89,legacy_folder,legacy,True,,,3.0,4.5,,,,
672,train,2,sitting,sitting,sitting__sitting_20260714_140330_20hz,data/staging/20260731_rebuild01/cleaned_csv/sitting_20260714_140330_20hz.csv,0,29,legacy_folder,legacy,True,,,0.0,1.5,,,,
673,train,2,sitting,sitting,sitting__sitting_20260714_140330_20hz,data/staging/20260731_rebuild01/cleaned_csv/sitting_20260714_140330_20hz.csv,15,44,legacy_folder,legacy,True,,,0.75,2.25,,,,
674,train,2,sitting,sitting,sitting__sitting_20260714_140330_20hz,data/staging/20260731_rebuild01/cleaned_csv/sitting_20260714_140330_20hz.csv,30,59,legacy_folder,legacy,True,,,1.5,3.0,,,,
675,train,2,sitting,sitting,sitting__sitting_20260714_140330_20hz,data/staging/20260731_rebuild01/cleaned_csv/sitting_20260714_140330_20hz.csv,45,74,legacy_folder,legacy,True,,,2.25,3.75,,,,
676,train,2,sitting,sitting,sitting__sitting_20260714_140330_20hz,data/staging/20260731_rebuild01/cleaned_csv/sitting_20260714_140330_20hz.csv,60,89,legacy_folder,legacy,True,,,3.0,4.5,,,,
682,train,2,sitting,sitting,sitting__sitting_20260714_140351_20hz,data/staging/20260731_rebuild01/cleaned_csv/sitting_20260714_140351_20hz.csv,0,29,legacy_folder,legacy,True,,,0.0,1.5,,,,
683,train,2,sitting,sitting,sitting__sitting_20260714_140351_20hz,data/staging/20260731_rebuild01/cleaned_csv/sitting_20260714_140351_20hz.csv,15,44,legacy_folder,legacy,True,,,0.75,2.25,,,,
684,train,2,sitting,sitting,sitting__sitting_20260714_140351_20hz,data/staging/20260731_rebuild01/cleaned_csv/sitting_20260714_140351_20hz.csv,30,59,legacy_folder,legacy,True,,,1.5,3.0,,,,
685,train,2,sitting,sitting,sitting__sitting_20260714_140351_20hz,data/staging/20260731_rebuild01/cleaned_csv/sitting_20260714_140351_20hz.csv,45,74,legacy_folder,legacy,True,,,2.25,3.75,,,,
686,train,2,sitting,sitting,sitting__sitting_20260714_140351_20hz,data/staging/20260731_rebuild01/cleaned_csv/sitting_20260714_140351_20hz.csv,60,89,legacy_folder,legacy,True,,,3.0,4.5,,,,
687,train,2,sitting,sitting,sitting__sitting_20260714_140401_20hz,data/staging/20260731_rebuild01/cleaned_csv/sitting_20260714_140401_20hz.csv,0,29,legacy_folder,legacy,True,,,0.0,1.5,,,,
688,train,2,sitting,sitting,sitting__sitting_20260714_140401_20hz,data/staging/20260731_rebuild01/cleaned_csv/sitting_20260714_140401_20hz.csv,15,44,legacy_folder,legacy,True,,,0.75,2.25,,,,
689,train,2,sitting,sitting,sitting__sitting_20260714_140401_20hz,data/staging/20260731_rebuild01/cleaned_csv/sitting_20260714_140401_20hz.csv,30,59,legacy_folder,legacy,True,,,1.5,3.0,,,,
690,train,2,sitting,sitting,sitting__sitting_20260714_140401_20hz,data/staging/20260731_rebuild01/cleaned_csv/sitting_20260714_140401_20hz.csv,45,74,legacy_folder,legacy,True,,,2.25,3.75,,,,
691,train,2,sitting,sitting,sitting__sitting_20260714_140401_20hz,data/staging/20260731_rebuild01/cleaned_csv/sitting_20260714_140401_20hz.csv,60,89,legacy_folder,legacy,True,,,3.0,4.5,,,,
692,train,2,sitting,sitting,sitting__sitting_20260716_133939_20hz,data/staging/20260731_rebuild01/cleaned_csv/sitting_20260716_133939_20hz.csv,0,29,legacy_folder,legacy,True,,,0.0,1.5,,,,
693,train,2,sitting,sitting,sitting__sitting_20260716_133939_20hz,data/staging/20260731_rebuild01/cleaned_csv/sitting_20260716_133939_20hz.csv,15,44,legacy_folder,legacy,True,,,0.75,2.25,,,,
694,train,2,sitting,sitting,sitting__sitting_20260716_133939_20hz,data/staging/20260731_rebuild01/cleaned_csv/sitting_20260716_133939_20hz.csv,30,59,legacy_folder,legacy,True,,,1.5,3.0,,,,
695,train,2,sitting,sitting,sitting__sitting_20260716_133939_20hz,data/staging/20260731_rebuild01/cleaned_csv/sitting_20260716_133939_20hz.csv,45,74,legacy_folder,legacy,True,,,2.25,3.75,,,,
696,train,2,sitting,sitting,sitting__sitting_20260716_133939_20hz,data/staging/20260731_rebuild01/cleaned_csv/sitting_20260716_133939_20hz.csv,60,89,legacy_folder,legacy,True,,,3.0,4.5,,,,
697,train,2,sitting,sitting,sitting__sitting_20260716_133959_20hz,data/staging/20260731_rebuild01/cleaned_csv/sitting_20260716_133959_20hz.csv,0,29,legacy_folder,legacy,True,,,0.0,1.5,,,,
698,train,2,sitting,sitting,sitting__sitting_20260716_133959_20hz,data/staging/20260731_rebuild01/cleaned_csv/sitting_20260716_133959_20hz.csv,15,44,legacy_folder,legacy,True,,,0.75,2.25,,,,
699,train,2,sitting,sitting,sitting__sitting_20260716_133959_20hz,data/staging/20260731_rebuild01/cleaned_csv/sitting_20260716_133959_20hz.csv,30,59,legacy_folder,legacy,True,,,1.5,3.0,,,,
700,train,2,sitting,sitting,sitting__sitting_20260716_133959_20hz,data/staging/20260731_rebuild01/cleaned_csv/sitting_20260716_133959_20hz.csv,45,74,legacy_folder,legacy,True,,,2.25,3.75,,,,
701,train,2,sitting,sitting,sitting__sitting_20260716_133959_20hz,data/staging/20260731_rebuild01/cleaned_csv/sitting_20260716_133959_20hz.csv,60,89,legacy_folder,legacy,True,,,3.0,4.5,,,,
707,train,2,sitting,sitting,sitting__sitting_20260716_134100_20hz,data/staging/20260731_rebuild01/cleaned_csv/sitting_20260716_134100_20hz.csv,0,29,legacy_folder,legacy,True,,,0.0,1.5,,,,
708,train,2,sitting,sitting,sitting__sitting_20260716_134100_20hz,data/staging/20260731_rebuild01/cleaned_csv/sitting_20260716_134100_20hz.csv,15,44,legacy_folder,legacy,True,,,0.75,2.25,,,,
709,train,2,sitting,sitting,sitting__sitting_20260716_134100_20hz,data/staging/20260731_rebuild01/cleaned_csv/sitting_20260716_134100_20hz.csv,30,59,legacy_folder,legacy,True,,,1.5,3.0,,,,
710,train,2,sitting,sitting,sitting__sitting_20260716_134100_20hz,data/staging/20260731_rebuild01/cleaned_csv/sitting_20260716_134100_20hz.csv,45,74,legacy_folder,legacy,True,,,2.25,3.75,,,,
711,train,2,sitting,sitting,sitting__sitting_20260716_134100_20hz,data/staging/20260731_rebuild01/cleaned_csv/sitting_20260716_134100_20hz.csv,60,89,legacy_folder,legacy,True,,,3.0,4.5,,,,
717,train,2,sitting,sitting,sitting__sitting_20260716_134126_20hz,data/staging/20260731_rebuild01/cleaned_csv/sitting_20260716_134126_20hz.csv,0,29,legacy_folder,legacy,True,,,0.0,1.5,,,,
718,train,2,sitting,sitting,sitting__sitting_20260716_134126_20hz,data/staging/20260731_rebuild01/cleaned_csv/sitting_20260716_134126_20hz.csv,15,44,legacy_folder,legacy,True,,,0.75,2.25,,,,
719,train,2,sitting,sitting,sitting__sitting_20260716_134126_20hz,data/staging/20260731_rebuild01/cleaned_csv/sitting_20260716_134126_20hz.csv,30,59,legacy_folder,legacy,True,,,1.5,3.0,,,,
720,train,2,sitting,sitting,sitting__sitting_20260716_134126_20hz,data/staging/20260731_rebuild01/cleaned_csv/sitting_20260716_134126_20hz.csv,45,74,legacy_folder,legacy,True,,,2.25,3.75,,,,
721,train,2,sitting,sitting,sitting__sitting_20260716_134126_20hz,data/staging/20260731_rebuild01/cleaned_csv/sitting_20260716_134126_20hz.csv,60,89,legacy_folder,legacy,True,,,3.0,4.5,,,,
722,train,2,sitting,sitting,sitting__sitting_20260716_134226_20hz,data/staging/20260731_rebuild01/cleaned_csv/sitting_20260716_134226_20hz.csv,0,29,legacy_folder,legacy,True,,,0.0,1.5,,,,
723,train,2,sitting,sitting,sitting__sitting_20260716_134226_20hz,data/staging/20260731_rebuild01/cleaned_csv/sitting_20260716_134226_20hz.csv,15,44,legacy_folder,legacy,True,,,0.75,2.25,,,,
724,train,2,sitting,sitting,sitting__sitting_20260716_134226_20hz,data/staging/20260731_rebuild01/cleaned_csv/sitting_20260716_134226_20hz.csv,30,59,legacy_folder,legacy,True,,,1.5,3.0,,,,
725,train,2,sitting,sitting,sitting__sitting_20260716_134226_20hz,data/staging/20260731_rebuild01/cleaned_csv/sitting_20260716_134226_20hz.csv,45,74,legacy_folder,legacy,True,,,2.25,3.75,,,,
726,train,2,sitting,sitting,sitting__sitting_20260716_134226_20hz,data/staging/20260731_rebuild01/cleaned_csv/sitting_20260716_134226_20hz.csv,60,89,legacy_folder,legacy,True,,,3.0,4.5,,,,
727,train,2,sitting,sitting,sitting__sitting_20260716_134251_20hz,data/staging/20260731_rebuild01/cleaned_csv/sitting_20260716_134251_20hz.csv,0,29,legacy_folder,legacy,True,,,0.0,1.5,,,,
728,train,2,sitting,sitting,sitting__sitting_20260716_134251_20hz,data/staging/20260731_rebuild01/cleaned_csv/sitting_20260716_134251_20hz.csv,15,44,legacy_folder,legacy,True,,,0.75,2.25,,,,
729,train,2,sitting,sitting,sitting__sitting_20260716_134251_20hz,data/staging/20260731_rebuild01/cleaned_csv/sitting_20260716_134251_20hz.csv,30,59,legacy_folder,legacy,True,,,1.5,3.0,,,,
730,train,2,sitting,sitting,sitting__sitting_20260716_134251_20hz,data/staging/20260731_rebuild01/cleaned_csv/sitting_20260716_134251_20hz.csv,45,74,legacy_folder,legacy,True,,,2.25,3.75,,,,
731,train,2,sitting,sitting,sitting__sitting_20260716_134251_20hz,data/staging/20260731_rebuild01/cleaned_csv/sitting_20260716_134251_20hz.csv,60,89,legacy_folder,legacy,True,,,3.0,4.5,,,,
732,train,2,sitting,sitting,sitting__sitting_20260716_134304_20hz,data/staging/20260731_rebuild01/cleaned_csv/sitting_20260716_134304_20hz.csv,0,29,legacy_folder,legacy,True,,,0.0,1.5,,,,
733,train,2,sitting,sitting,sitting__sitting_20260716_134304_20hz,data/staging/20260731_rebuild01/cleaned_csv/sitting_20260716_134304_20hz.csv,15,44,legacy_folder,legacy,True,,,0.75,2.25,,,,
734,train,2,sitting,sitting,sitting__sitting_20260716_134304_20hz,data/staging/20260731_rebuild01/cleaned_csv/sitting_20260716_134304_20hz.csv,30,59,legacy_folder,legacy,True,,,1.5,3.0,,,,
735,train,2,sitting,sitting,sitting__sitting_20260716_134304_20hz,data/staging/20260731_rebuild01/cleaned_csv/sitting_20260716_134304_20hz.csv,45,74,legacy_folder,legacy,True,,,2.25,3.75,,,,
736,train,2,sitting,sitting,sitting__sitting_20260716_134304_20hz,data/staging/20260731_rebuild01/cleaned_csv/sitting_20260716_134304_20hz.csv,60,89,legacy_folder,legacy,True,,,3.0,4.5,,,,
742,train,2,sitting,sitting,sitting__sitting_20260716_134718_20hz,data/staging/20260731_rebuild01/cleaned_csv/sitting_20260716_134718_20hz.csv,0,29,legacy_folder,legacy,True,,,0.0,1.5,,,,
743,train,2,sitting,sitting,sitting__sitting_20260716_134718_20hz,data/staging/20260731_rebuild01/cleaned_csv/sitting_20260716_134718_20hz.csv,15,44,legacy_folder,legacy,True,,,0.75,2.25,,,,
744,train,2,sitting,sitting,sitting__sitting_20260716_134718_20hz,data/staging/20260731_rebuild01/cleaned_csv/sitting_20260716_134718_20hz.csv,30,59,legacy_folder,legacy,True,,,1.5,3.0,,,,
745,train,2,sitting,sitting,sitting__sitting_20260716_134718_20hz,data/staging/20260731_rebuild01/cleaned_csv/sitting_20260716_134718_20hz.csv,45,74,legacy_folder,legacy,True,,,2.25,3.75,,,,
746,train,2,sitting,sitting,sitting__sitting_20260716_134718_20hz,data/staging/20260731_rebuild01/cleaned_csv/sitting_20260716_134718_20hz.csv,60,89,legacy_folder,legacy,True,,,3.0,4.5,,,,
747,train,2,sitting,sitting,sitting__sitting_20260716_134731_20hz,data/staging/20260731_rebuild01/cleaned_csv/sitting_20260716_134731_20hz.csv,0,29,legacy_folder,legacy,True,,,0.0,1.5,,,,
748,train,2,sitting,sitting,sitting__sitting_20260716_134731_20hz,data/staging/20260731_rebuild01/cleaned_csv/sitting_20260716_134731_20hz.csv,15,44,legacy_folder,legacy,True,,,0.75,2.25,,,,
749,train,2,sitting,sitting,sitting__sitting_20260716_134731_20hz,data/staging/20260731_rebuild01/cleaned_csv/sitting_20260716_134731_20hz.csv,30,59,legacy_folder,legacy,True,,,1.5,3.0,,,,
750,train,2,sitting,sitting,sitting__sitting_20260716_134731_20hz,data/staging/20260731_rebuild01/cleaned_csv/sitting_20260716_134731_20hz.csv,45,74,legacy_folder,legacy,True,,,2.25,3.75,,,,
751,train,2,sitting,sitting,sitting__sitting_20260716_134731_20hz,data/staging/20260731_rebuild01/cleaned_csv/sitting_20260716_134731_20hz.csv,60,89,legacy_folder,legacy,True,,,3.0,4.5,,,,
752,train,2,sitting,sitting,sitting__sitting_20260716_134755_20hz,data/staging/20260731_rebuild01/cleaned_csv/sitting_20260716_134755_20hz.csv,0,29,legacy_folder,legacy,True,,,0.0,1.5,,,,
753,train,2,sitting,sitting,sitting__sitting_20260716_134755_20hz,data/staging/20260731_rebuild01/cleaned_csv/sitting_20260716_134755_20hz.csv,15,44,legacy_folder,legacy,True,,,0.75,2.25,,,,
754,train,2,sitting,sitting,sitting__sitting_20260716_134755_20hz,data/staging/20260731_rebuild01/cleaned_csv/sitting_20260716_134755_20hz.csv,30,59,legacy_folder,legacy,True,,,1.5,3.0,,,,
755,train,2,sitting,sitting,sitting__sitting_20260716_134755_20hz,data/staging/20260731_rebuild01/cleaned_csv/sitting_20260716_134755_20hz.csv,45,74,legacy_folder,legacy,True,,,2.25,3.75,,,,
756,train,2,sitting,sitting,sitting__sitting_20260716_134755_20hz,data/staging/20260731_rebuild01/cleaned_csv/sitting_20260716_134755_20hz.csv,60,89,legacy_folder,legacy,True,,,3.0,4.5,,,,
757,train,2,sitting,sitting,sitting__sitting_20260716_135327_20hz,data/staging/20260731_rebuild01/cleaned_csv/sitting_20260716_135327_20hz.csv,0,29,legacy_folder,legacy,True,,,0.0,1.5,,,,
758,train,2,sitting,sitting,sitting__sitting_20260716_135327_20hz,data/staging/20260731_rebuild01/cleaned_csv/sitting_20260716_135327_20hz.csv,15,44,legacy_folder,legacy,True,,,0.75,2.25,,,,
759,train,2,sitting,sitting,sitting__sitting_20260716_135327_20hz,data/staging/20260731_rebuild01/cleaned_csv/sitting_20260716_135327_20hz.csv,30,59,legacy_folder,legacy,True,,,1.5,3.0,,,,
760,train,2,sitting,sitting,sitting__sitting_20260716_135327_20hz,data/staging/20260731_rebuild01/cleaned_csv/sitting_20260716_135327_20hz.csv,45,74,legacy_folder,legacy,True,,,2.25,3.75,,,,
761,train,2,sitting,sitting,sitting__sitting_20260716_135327_20hz,data/staging/20260731_rebuild01/cleaned_csv/sitting_20260716_135327_20hz.csv,60,89,legacy_folder,legacy,True,,,3.0,4.5,,,,
782,train,2,sitting,sitting,sitting__sitting_20260716_135459_20hz,data/staging/20260731_rebuild01/cleaned_csv/sitting_20260716_135459_20hz.csv,0,29,legacy_folder,legacy,True,,,0.0,1.5,,,,
783,train,2,sitting,sitting,sitting__sitting_20260716_135459_20hz,data/staging/20260731_rebuild01/cleaned_csv/sitting_20260716_135459_20hz.csv,15,44,legacy_folder,legacy,True,,,0.75,2.25,,,,
784,train,2,sitting,sitting,sitting__sitting_20260716_135459_20hz,data/staging/20260731_rebuild01/cleaned_csv/sitting_20260716_135459_20hz.csv,30,59,legacy_folder,legacy,True,,,1.5,3.0,,,,
785,train,2,sitting,sitting,sitting__sitting_20260716_135459_20hz,data/staging/20260731_rebuild01/cleaned_csv/sitting_20260716_135459_20hz.csv,45,74,legacy_folder,legacy,True,,,2.25,3.75,,,,
786,train,2,sitting,sitting,sitting__sitting_20260716_135459_20hz,data/staging/20260731_rebuild01/cleaned_csv/sitting_20260716_135459_20hz.csv,60,89,legacy_folder,legacy,True,,,3.0,4.5,,,,
787,train,2,sitting,sitting,sitting__sitting_20260716_135514_20hz,data/staging/20260731_rebuild01/cleaned_csv/sitting_20260716_135514_20hz.csv,0,29,legacy_folder,legacy,True,,,0.0,1.5,,,,
788,train,2,sitting,sitting,sitting__sitting_20260716_135514_20hz,data/staging/20260731_rebuild01/cleaned_csv/sitting_20260716_135514_20hz.csv,15,44,legacy_folder,legacy,True,,,0.75,2.25,,,,
789,train,2,sitting,sitting,sitting__sitting_20260716_135514_20hz,data/staging/20260731_rebuild01/cleaned_csv/sitting_20260716_135514_20hz.csv,30,59,legacy_folder,legacy,True,,,1.5,3.0,,,,
790,train,2,sitting,sitting,sitting__sitting_20260716_135514_20hz,data/staging/20260731_rebuild01/cleaned_csv/sitting_20260716_135514_20hz.csv,45,74,legacy_folder,legacy,True,,,2.25,3.75,,,,
791,train,2,sitting,sitting,sitting__sitting_20260716_135514_20hz,data/staging/20260731_rebuild01/cleaned_csv/sitting_20260716_135514_20hz.csv,60,89,legacy_folder,legacy,True,,,3.0,4.5,,,,
792,train,2,sitting,sitting,sitting__sitting_20260716_135527_20hz,data/staging/20260731_rebuild01/cleaned_csv/sitting_20260716_135527_20hz.csv,0,29,legacy_folder,legacy,True,,,0.0,1.5,,,,
793,train,2,sitting,sitting,sitting__sitting_20260716_135527_20hz,data/staging/20260731_rebuild01/cleaned_csv/sitting_20260716_135527_20hz.csv,15,44,legacy_folder,legacy,True,,,0.75,2.25,,,,
794,train,2,sitting,sitting,sitting__sitting_20260716_135527_20hz,data/staging/20260731_rebuild01/cleaned_csv/sitting_20260716_135527_20hz.csv,30,59,legacy_folder,legacy,True,,,1.5,3.0,,,,
795,train,2,sitting,sitting,sitting__sitting_20260716_135527_20hz,data/staging/20260731_rebuild01/cleaned_csv/sitting_20260716_135527_20hz.csv,45,74,legacy_folder,legacy,True,,,2.25,3.75,,,,
796,train,2,sitting,sitting,sitting__sitting_20260716_135527_20hz,data/staging/20260731_rebuild01/cleaned_csv/sitting_20260716_135527_20hz.csv,60,89,legacy_folder,legacy,True,,,3.0,4.5,,,,
797,train,2,sitting,sitting,sitting__sitting_20260716_135540_20hz,data/staging/20260731_rebuild01/cleaned_csv/sitting_20260716_135540_20hz.csv,0,29,legacy_folder,legacy,True,,,0.0,1.5,,,,
798,train,2,sitting,sitting,sitting__sitting_20260716_135540_20hz,data/staging/20260731_rebuild01/cleaned_csv/sitting_20260716_135540_20hz.csv,15,44,legacy_folder,legacy,True,,,0.75,2.25,,,,
799,train,2,sitting,sitting,sitting__sitting_20260716_135540_20hz,data/staging/20260731_rebuild01/cleaned_csv/sitting_20260716_135540_20hz.csv,30,59,legacy_folder,legacy,True,,,1.5,3.0,,,,
800,train,2,sitting,sitting,sitting__sitting_20260716_135540_20hz,data/staging/20260731_rebuild01/cleaned_csv/sitting_20260716_135540_20hz.csv,45,74,legacy_folder,legacy,True,,,2.25,3.75,,,,
801,train,2,sitting,sitting,sitting__sitting_20260716_135540_20hz,data/staging/20260731_rebuild01/cleaned_csv/sitting_20260716_135540_20hz.csv,60,89,legacy_folder,legacy,True,,,3.0,4.5,,,,
807,train,2,sitting,sitting,sitting__sitting_20260716_135616_20hz,data/staging/20260731_rebuild01/cleaned_csv/sitting_20260716_135616_20hz.csv,0,29,legacy_folder,legacy,True,,,0.0,1.5,,,,
808,train,2,sitting,sitting,sitting__sitting_20260716_135616_20hz,data/staging/20260731_rebuild01/cleaned_csv/sitting_20260716_135616_20hz.csv,15,44,legacy_folder,legacy,True,,,0.75,2.25,,,,
809,train,2,sitting,sitting,sitting__sitting_20260716_135616_20hz,data/staging/20260731_rebuild01/cleaned_csv/sitting_20260716_135616_20hz.csv,30,59,legacy_folder,legacy,True,,,1.5,3.0,,,,
810,train,2,sitting,sitting,sitting__sitting_20260716_135616_20hz,data/staging/20260731_rebuild01/cleaned_csv/sitting_20260716_135616_20hz.csv,45,74,legacy_folder,legacy,True,,,2.25,3.75,,,,
811,train,2,sitting,sitting,sitting__sitting_20260716_135616_20hz,data/staging/20260731_rebuild01/cleaned_csv/sitting_20260716_135616_20hz.csv,60,89,legacy_folder,legacy,True,,,3.0,4.5,,,,
812,train,2,sitting,sitting,sitting__sitting_20260716_135641_20hz,data/staging/20260731_rebuild01/cleaned_csv/sitting_20260716_135641_20hz.csv,0,29,legacy_folder,legacy,True,,,0.0,1.5,,,,
813,train,2,sitting,sitting,sitting__sitting_20260716_135641_20hz,data/staging/20260731_rebuild01/cleaned_csv/sitting_20260716_135641_20hz.csv,15,44,legacy_folder,legacy,True,,,0.75,2.25,,,,
814,train,2,sitting,sitting,sitting__sitting_20260716_135641_20hz,data/staging/20260731_rebuild01/cleaned_csv/sitting_20260716_135641_20hz.csv,30,59,legacy_folder,legacy,True,,,1.5,3.0,,,,
815,train,2,sitting,sitting,sitting__sitting_20260716_135641_20hz,data/staging/20260731_rebuild01/cleaned_csv/sitting_20260716_135641_20hz.csv,45,74,legacy_folder,legacy,True,,,2.25,3.75,,,,
816,train,2,sitting,sitting,sitting__sitting_20260716_135811_20hz,data/staging/20260731_rebuild01/cleaned_csv/sitting_20260716_135811_20hz.csv,0,29,legacy_folder,legacy,True,,,0.0,1.5,,,,
817,train,2,sitting,sitting,sitting__sitting_20260716_135811_20hz,data/staging/20260731_rebuild01/cleaned_csv/sitting_20260716_135811_20hz.csv,15,44,legacy_folder,legacy,True,,,0.75,2.25,,,,
818,train,2,sitting,sitting,sitting__sitting_20260716_135811_20hz,data/staging/20260731_rebuild01/cleaned_csv/sitting_20260716_135811_20hz.csv,30,59,legacy_folder,legacy,True,,,1.5,3.0,,,,
819,train,2,sitting,sitting,sitting__sitting_20260716_135811_20hz,data/staging/20260731_rebuild01/cleaned_csv/sitting_20260716_135811_20hz.csv,45,74,legacy_folder,legacy,True,,,2.25,3.75,,,,
820,train,2,sitting,sitting,sitting__sitting_20260716_135811_20hz,data/staging/20260731_rebuild01/cleaned_csv/sitting_20260716_135811_20hz.csv,60,89,legacy_folder,legacy,True,,,3.0,4.5,,,,
826,train,2,sitting,sitting,sitting__sitting_20260716_135835_20hz,data/staging/20260731_rebuild01/cleaned_csv/sitting_20260716_135835_20hz.csv,0,29,legacy_folder,legacy,True,,,0.0,1.5,,,,
827,train,2,sitting,sitting,sitting__sitting_20260716_135835_20hz,data/staging/20260731_rebuild01/cleaned_csv/sitting_20260716_135835_20hz.csv,15,44,legacy_folder,legacy,True,,,0.75,2.25,,,,
828,train,2,sitting,sitting,sitting__sitting_20260716_135835_20hz,data/staging/20260731_rebuild01/cleaned_csv/sitting_20260716_135835_20hz.csv,30,59,legacy_folder,legacy,True,,,1.5,3.0,,,,
829,train,2,sitting,sitting,sitting__sitting_20260716_135835_20hz,data/staging/20260731_rebuild01/cleaned_csv/sitting_20260716_135835_20hz.csv,45,74,legacy_folder,legacy,True,,,2.25,3.75,,,,
830,train,2,sitting,sitting,sitting__sitting_20260716_135835_20hz,data/staging/20260731_rebuild01/cleaned_csv/sitting_20260716_135835_20hz.csv,60,89,legacy_folder,legacy,True,,,3.0,4.5,,,,
831,train,2,sitting,sitting,sitting__sitting_20260716_135848_20hz,data/staging/20260731_rebuild01/cleaned_csv/sitting_20260716_135848_20hz.csv,0,29,legacy_folder,legacy,True,,,0.0,1.5,,,,
832,train,2,sitting,sitting,sitting__sitting_20260716_135848_20hz,data/staging/20260731_rebuild01/cleaned_csv/sitting_20260716_135848_20hz.csv,15,44,legacy_folder,legacy,True,,,0.75,2.25,,,,
833,train,2,sitting,sitting,sitting__sitting_20260716_135848_20hz,data/staging/20260731_rebuild01/cleaned_csv/sitting_20260716_135848_20hz.csv,30,59,legacy_folder,legacy,True,,,1.5,3.0,,,,
834,train,2,sitting,sitting,sitting__sitting_20260716_135848_20hz,data/staging/20260731_rebuild01/cleaned_csv/sitting_20260716_135848_20hz.csv,45,74,legacy_folder,legacy,True,,,2.25,3.75,,,,
835,train,2,sitting,sitting,sitting__sitting_20260716_135848_20hz,data/staging/20260731_rebuild01/cleaned_csv/sitting_20260716_135848_20hz.csv,60,89,legacy_folder,legacy,True,,,3.0,4.5,,,,
836,train,2,sitting,sitting,sitting__sitting_20260716_140239_20hz,data/staging/20260731_rebuild01/cleaned_csv/sitting_20260716_140239_20hz.csv,0,29,legacy_folder,legacy,True,,,0.0,1.5,,,,
837,train,2,sitting,sitting,sitting__sitting_20260716_140239_20hz,data/staging/20260731_rebuild01/cleaned_csv/sitting_20260716_140239_20hz.csv,15,44,legacy_folder,legacy,True,,,0.75,2.25,,,,
838,train,2,sitting,sitting,sitting__sitting_20260716_140239_20hz,data/staging/20260731_rebuild01/cleaned_csv/sitting_20260716_140239_20hz.csv,30,59,legacy_folder,legacy,True,,,1.5,3.0,,,,
839,train,2,sitting,sitting,sitting__sitting_20260716_140239_20hz,data/staging/20260731_rebuild01/cleaned_csv/sitting_20260716_140239_20hz.csv,45,74,legacy_folder,legacy,True,,,2.25,3.75,,,,
840,train,2,sitting,sitting,sitting__sitting_20260716_140239_20hz,data/staging/20260731_rebuild01/cleaned_csv/sitting_20260716_140239_20hz.csv,60,89,legacy_folder,legacy,True,,,3.0,4.5,,,,
841,train,2,sitting,sitting,sitting__sitting_20260716_140258_20hz,data/staging/20260731_rebuild01/cleaned_csv/sitting_20260716_140258_20hz.csv,0,29,legacy_folder,legacy,True,,,0.0,1.5,,,,
842,train,2,sitting,sitting,sitting__sitting_20260716_140258_20hz,data/staging/20260731_rebuild01/cleaned_csv/sitting_20260716_140258_20hz.csv,15,44,legacy_folder,legacy,True,,,0.75,2.25,,,,
843,train,2,sitting,sitting,sitting__sitting_20260716_140258_20hz,data/staging/20260731_rebuild01/cleaned_csv/sitting_20260716_140258_20hz.csv,30,59,legacy_folder,legacy,True,,,1.5,3.0,,,,
844,train,2,sitting,sitting,sitting__sitting_20260716_140258_20hz,data/staging/20260731_rebuild01/cleaned_csv/sitting_20260716_140258_20hz.csv,45,74,legacy_folder,legacy,True,,,2.25,3.75,,,,
845,train,2,sitting,sitting,sitting__sitting_20260716_140258_20hz,data/staging/20260731_rebuild01/cleaned_csv/sitting_20260716_140258_20hz.csv,60,89,legacy_folder,legacy,True,,,3.0,4.5,,,,
846,train,2,sitting,sitting,sitting__sitting_20260716_140312_20hz,data/staging/20260731_rebuild01/cleaned_csv/sitting_20260716_140312_20hz.csv,0,29,legacy_folder,legacy,True,,,0.0,1.5,,,,
847,train,2,sitting,sitting,sitting__sitting_20260716_140312_20hz,data/staging/20260731_rebuild01/cleaned_csv/sitting_20260716_140312_20hz.csv,15,44,legacy_folder,legacy,True,,,0.75,2.25,,,,
848,train,2,sitting,sitting,sitting__sitting_20260716_140312_20hz,data/staging/20260731_rebuild01/cleaned_csv/sitting_20260716_140312_20hz.csv,30,59,legacy_folder,legacy,True,,,1.5,3.0,,,,
849,train,2,sitting,sitting,sitting__sitting_20260716_140312_20hz,data/staging/20260731_rebuild01/cleaned_csv/sitting_20260716_140312_20hz.csv,45,74,legacy_folder,legacy,True,,,2.25,3.75,,,,
850,train,2,sitting,sitting,sitting__sitting_20260716_140312_20hz,data/staging/20260731_rebuild01/cleaned_csv/sitting_20260716_140312_20hz.csv,60,89,legacy_folder,legacy,True,,,3.0,4.5,,,,
851,train,2,sitting,sitting,sitting__sitting_20260716_140326_20hz,data/staging/20260731_rebuild01/cleaned_csv/sitting_20260716_140326_20hz.csv,0,29,legacy_folder,legacy,True,,,0.0,1.5,,,,
852,train,2,sitting,sitting,sitting__sitting_20260716_140326_20hz,data/staging/20260731_rebuild01/cleaned_csv/sitting_20260716_140326_20hz.csv,15,44,legacy_folder,legacy,True,,,0.75,2.25,,,,
853,train,2,sitting,sitting,sitting__sitting_20260716_140326_20hz,data/staging/20260731_rebuild01/cleaned_csv/sitting_20260716_140326_20hz.csv,30,59,legacy_folder,legacy,True,,,1.5,3.0,,,,
854,train,2,sitting,sitting,sitting__sitting_20260716_140326_20hz,data/staging/20260731_rebuild01/cleaned_csv/sitting_20260716_140326_20hz.csv,45,74,legacy_folder,legacy,True,,,2.25,3.75,,,,
855,train,2,sitting,sitting,sitting__sitting_20260716_140326_20hz,data/staging/20260731_rebuild01/cleaned_csv/sitting_20260716_140326_20hz.csv,60,89,legacy_folder,legacy,True,,,3.0,4.5,,,,
861,train,2,sitting,sitting,sitting__sitting_20260716_140410_20hz,data/staging/20260731_rebuild01/cleaned_csv/sitting_20260716_140410_20hz.csv,0,29,legacy_folder,legacy,True,,,0.0,1.5,,,,
862,train,2,sitting,sitting,sitting__sitting_20260716_140410_20hz,data/staging/20260731_rebuild01/cleaned_csv/sitting_20260716_140410_20hz.csv,15,44,legacy_folder,legacy,True,,,0.75,2.25,,,,
863,train,2,sitting,sitting,sitting__sitting_20260716_140410_20hz,data/staging/20260731_rebuild01/cleaned_csv/sitting_20260716_140410_20hz.csv,30,59,legacy_folder,legacy,True,,,1.5,3.0,,,,
864,train,2,sitting,sitting,sitting__sitting_20260716_140410_20hz,data/staging/20260731_rebuild01/cleaned_csv/sitting_20260716_140410_20hz.csv,45,74,legacy_folder,legacy,True,,,2.25,3.75,,,,
865,train,2,sitting,sitting,sitting__sitting_20260716_140410_20hz,data/staging/20260731_rebuild01/cleaned_csv/sitting_20260716_140410_20hz.csv,60,89,legacy_folder,legacy,True,,,3.0,4.5,,,,
876,train,1,standing,standing,standing__standing_20260714_140537_20hz,data/staging/20260731_rebuild01/cleaned_csv/standing_20260714_140537_20hz.csv,0,29,legacy_folder,legacy,True,,,0.0,1.5,,,,
877,train,1,standing,standing,standing__standing_20260714_140537_20hz,data/staging/20260731_rebuild01/cleaned_csv/standing_20260714_140537_20hz.csv,15,44,legacy_folder,legacy,True,,,0.75,2.25,,,,
878,train,1,standing,standing,standing__standing_20260714_140537_20hz,data/staging/20260731_rebuild01/cleaned_csv/standing_20260714_140537_20hz.csv,30,59,legacy_folder,legacy,True,,,1.5,3.0,,,,
879,train,1,standing,standing,standing__standing_20260714_140537_20hz,data/staging/20260731_rebuild01/cleaned_csv/standing_20260714_140537_20hz.csv,45,74,legacy_folder,legacy,True,,,2.25,3.75,,,,
880,train,1,standing,standing,standing__standing_20260714_140537_20hz,data/staging/20260731_rebuild01/cleaned_csv/standing_20260714_140537_20hz.csv,60,89,legacy_folder,legacy,True,,,3.0,4.5,,,,
881,train,1,standing,standing,standing__standing_20260714_140547_20hz,data/staging/20260731_rebuild01/cleaned_csv/standing_20260714_140547_20hz.csv,0,29,legacy_folder,legacy,True,,,0.0,1.5,,,,
882,train,1,standing,standing,standing__standing_20260714_140547_20hz,data/staging/20260731_rebuild01/cleaned_csv/standing_20260714_140547_20hz.csv,15,44,legacy_folder,legacy,True,,,0.75,2.25,,,,
883,train,1,standing,standing,standing__standing_20260714_140547_20hz,data/staging/20260731_rebuild01/cleaned_csv/standing_20260714_140547_20hz.csv,30,59,legacy_folder,legacy,True,,,1.5,3.0,,,,
884,train,1,standing,standing,standing__standing_20260714_140547_20hz,data/staging/20260731_rebuild01/cleaned_csv/standing_20260714_140547_20hz.csv,45,74,legacy_folder,legacy,True,,,2.25,3.75,,,,
885,train,1,standing,standing,standing__standing_20260714_140547_20hz,data/staging/20260731_rebuild01/cleaned_csv/standing_20260714_140547_20hz.csv,60,89,legacy_folder,legacy,True,,,3.0,4.5,,,,
891,train,1,standing,standing,standing__standing_20260714_140605_20hz,data/staging/20260731_rebuild01/cleaned_csv/standing_20260714_140605_20hz.csv,0,29,legacy_folder,legacy,True,,,0.0,1.5,,,,
892,train,1,standing,standing,standing__standing_20260714_140605_20hz,data/staging/20260731_rebuild01/cleaned_csv/standing_20260714_140605_20hz.csv,15,44,legacy_folder,legacy,True,,,0.75,2.25,,,,
893,train,1,standing,standing,standing__standing_20260714_140605_20hz,data/staging/20260731_rebuild01/cleaned_csv/standing_20260714_140605_20hz.csv,30,59,legacy_folder,legacy,True,,,1.5,3.0,,,,
894,train,1,standing,standing,standing__standing_20260714_140605_20hz,data/staging/20260731_rebuild01/cleaned_csv/standing_20260714_140605_20hz.csv,45,74,legacy_folder,legacy,True,,,2.25,3.75,,,,
895,train,1,standing,standing,standing__standing_20260714_140605_20hz,data/staging/20260731_rebuild01/cleaned_csv/standing_20260714_140605_20hz.csv,60,89,legacy_folder,legacy,True,,,3.0,4.5,,,,
896,train,1,standing,standing,standing__standing_20260714_140614_20hz,data/staging/20260731_rebuild01/cleaned_csv/standing_20260714_140614_20hz.csv,0,29,legacy_folder,legacy,True,,,0.0,1.5,,,,
897,train,1,standing,standing,standing__standing_20260714_140614_20hz,data/staging/20260731_rebuild01/cleaned_csv/standing_20260714_140614_20hz.csv,15,44,legacy_folder,legacy,True,,,0.75,2.25,,,,
898,train,1,standing,standing,standing__standing_20260714_140614_20hz,data/staging/20260731_rebuild01/cleaned_csv/standing_20260714_140614_20hz.csv,30,59,legacy_folder,legacy,True,,,1.5,3.0,,,,
899,train,1,standing,standing,standing__standing_20260714_140614_20hz,data/staging/20260731_rebuild01/cleaned_csv/standing_20260714_140614_20hz.csv,45,74,legacy_folder,legacy,True,,,2.25,3.75,,,,
900,train,1,standing,standing,standing__standing_20260714_140614_20hz,data/staging/20260731_rebuild01/cleaned_csv/standing_20260714_140614_20hz.csv,60,89,legacy_folder,legacy,True,,,3.0,4.5,,,,
901,train,1,standing,standing,standing__standing_20260714_140624_20hz,data/staging/20260731_rebuild01/cleaned_csv/standing_20260714_140624_20hz.csv,0,29,legacy_folder,legacy,True,,,0.0,1.5,,,,
902,train,1,standing,standing,standing__standing_20260714_140624_20hz,data/staging/20260731_rebuild01/cleaned_csv/standing_20260714_140624_20hz.csv,15,44,legacy_folder,legacy,True,,,0.75,2.25,,,,
903,train,1,standing,standing,standing__standing_20260714_140624_20hz,data/staging/20260731_rebuild01/cleaned_csv/standing_20260714_140624_20hz.csv,30,59,legacy_folder,legacy,True,,,1.5,3.0,,,,
904,train,1,standing,standing,standing__standing_20260714_140624_20hz,data/staging/20260731_rebuild01/cleaned_csv/standing_20260714_140624_20hz.csv,45,74,legacy_folder,legacy,True,,,2.25,3.75,,,,
905,train,1,standing,standing,standing__standing_20260714_140624_20hz,data/staging/20260731_rebuild01/cleaned_csv/standing_20260714_140624_20hz.csv,60,89,legacy_folder,legacy,True,,,3.0,4.5,,,,
906,train,1,standing,standing,standing__standing_20260714_140637_20hz,data/staging/20260731_rebuild01/cleaned_csv/standing_20260714_140637_20hz.csv,0,29,legacy_folder,legacy,True,,,0.0,1.5,,,,
907,train,1,standing,standing,standing__standing_20260714_140637_20hz,data/staging/20260731_rebuild01/cleaned_csv/standing_20260714_140637_20hz.csv,15,44,legacy_folder,legacy,True,,,0.75,2.25,,,,
908,train,1,standing,standing,standing__standing_20260714_140637_20hz,data/staging/20260731_rebuild01/cleaned_csv/standing_20260714_140637_20hz.csv,30,59,legacy_folder,legacy,True,,,1.5,3.0,,,,
909,train,1,standing,standing,standing__standing_20260714_140637_20hz,data/staging/20260731_rebuild01/cleaned_csv/standing_20260714_140637_20hz.csv,45,74,legacy_folder,legacy,True,,,2.25,3.75,,,,
910,train,1,standing,standing,standing__standing_20260714_140637_20hz,data/staging/20260731_rebuild01/cleaned_csv/standing_20260714_140637_20hz.csv,60,89,legacy_folder,legacy,True,,,3.0,4.5,,,,
911,train,1,standing,standing,standing__standing_20260714_140646_20hz,data/staging/20260731_rebuild01/cleaned_csv/standing_20260714_140646_20hz.csv,0,29,legacy_folder,legacy,True,,,0.0,1.5,,,,
912,train,1,standing,standing,standing__standing_20260714_140646_20hz,data/staging/20260731_rebuild01/cleaned_csv/standing_20260714_140646_20hz.csv,15,44,legacy_folder,legacy,True,,,0.75,2.25,,,,
913,train,1,standing,standing,standing__standing_20260714_140646_20hz,data/staging/20260731_rebuild01/cleaned_csv/standing_20260714_140646_20hz.csv,30,59,legacy_folder,legacy,True,,,1.5,3.0,,,,
914,train,1,standing,standing,standing__standing_20260714_140646_20hz,data/staging/20260731_rebuild01/cleaned_csv/standing_20260714_140646_20hz.csv,45,74,legacy_folder,legacy,True,,,2.25,3.75,,,,
915,train,1,standing,standing,standing__standing_20260714_140646_20hz,data/staging/20260731_rebuild01/cleaned_csv/standing_20260714_140646_20hz.csv,60,89,legacy_folder,legacy,True,,,3.0,4.5,,,,
921,train,1,standing,standing,standing__standing_20260714_140736_20hz,data/staging/20260731_rebuild01/cleaned_csv/standing_20260714_140736_20hz.csv,0,29,legacy_folder,legacy,True,,,0.0,1.5,,,,
922,train,1,standing,standing,standing__standing_20260714_140736_20hz,data/staging/20260731_rebuild01/cleaned_csv/standing_20260714_140736_20hz.csv,15,44,legacy_folder,legacy,True,,,0.75,2.25,,,,
923,train,1,standing,standing,standing__standing_20260714_140736_20hz,data/staging/20260731_rebuild01/cleaned_csv/standing_20260714_140736_20hz.csv,30,59,legacy_folder,legacy,True,,,1.5,3.0,,,,
924,train,1,standing,standing,standing__standing_20260714_140736_20hz,data/staging/20260731_rebuild01/cleaned_csv/standing_20260714_140736_20hz.csv,45,74,legacy_folder,legacy,True,,,2.25,3.75,,,,
925,train,1,standing,standing,standing__standing_20260714_140736_20hz,data/staging/20260731_rebuild01/cleaned_csv/standing_20260714_140736_20hz.csv,60,89,legacy_folder,legacy,True,,,3.0,4.5,,,,
936,train,1,standing,standing,standing__standing_20260714_140805_20hz,data/staging/20260731_rebuild01/cleaned_csv/standing_20260714_140805_20hz.csv,0,29,legacy_folder,legacy,True,,,0.0,1.5,,,,
937,train,1,standing,standing,standing__standing_20260714_140805_20hz,data/staging/20260731_rebuild01/cleaned_csv/standing_20260714_140805_20hz.csv,15,44,legacy_folder,legacy,True,,,0.75,2.25,,,,
938,train,1,standing,standing,standing__standing_20260714_140805_20hz,data/staging/20260731_rebuild01/cleaned_csv/standing_20260714_140805_20hz.csv,30,59,legacy_folder,legacy,True,,,1.5,3.0,,,,
939,train,1,standing,standing,standing__standing_20260714_140805_20hz,data/staging/20260731_rebuild01/cleaned_csv/standing_20260714_140805_20hz.csv,45,74,legacy_folder,legacy,True,,,2.25,3.75,,,,
940,train,1,standing,standing,standing__standing_20260714_140805_20hz,data/staging/20260731_rebuild01/cleaned_csv/standing_20260714_140805_20hz.csv,60,89,legacy_folder,legacy,True,,,3.0,4.5,,,,
951,train,1,standing,standing,standing__standing_20260714_140832_20hz,data/staging/20260731_rebuild01/cleaned_csv/standing_20260714_140832_20hz.csv,0,29,legacy_folder,legacy,True,,,0.0,1.5,,,,
952,train,1,standing,standing,standing__standing_20260714_140832_20hz,data/staging/20260731_rebuild01/cleaned_csv/standing_20260714_140832_20hz.csv,15,44,legacy_folder,legacy,True,,,0.75,2.25,,,,
953,train,1,standing,standing,standing__standing_20260714_140832_20hz,data/staging/20260731_rebuild01/cleaned_csv/standing_20260714_140832_20hz.csv,30,59,legacy_folder,legacy,True,,,1.5,3.0,,,,
954,train,1,standing,standing,standing__standing_20260714_140832_20hz,data/staging/20260731_rebuild01/cleaned_csv/standing_20260714_140832_20hz.csv,45,74,legacy_folder,legacy,True,,,2.25,3.75,,,,
955,train,1,standing,standing,standing__standing_20260714_140832_20hz,data/staging/20260731_rebuild01/cleaned_csv/standing_20260714_140832_20hz.csv,60,89,legacy_folder,legacy,True,,,3.0,4.5,,,,
956,train,1,standing,standing,standing__standing_20260714_140841_20hz,data/staging/20260731_rebuild01/cleaned_csv/standing_20260714_140841_20hz.csv,0,29,legacy_folder,legacy,True,,,0.0,1.5,,,,
957,train,1,standing,standing,standing__standing_20260714_140841_20hz,data/staging/20260731_rebuild01/cleaned_csv/standing_20260714_140841_20hz.csv,15,44,legacy_folder,legacy,True,,,0.75,2.25,,,,
958,train,1,standing,standing,standing__standing_20260714_140841_20hz,data/staging/20260731_rebuild01/cleaned_csv/standing_20260714_140841_20hz.csv,30,59,legacy_folder,legacy,True,,,1.5,3.0,,,,
959,train,1,standing,standing,standing__standing_20260714_140841_20hz,data/staging/20260731_rebuild01/cleaned_csv/standing_20260714_140841_20hz.csv,45,74,legacy_folder,legacy,True,,,2.25,3.75,,,,
960,train,1,standing,standing,standing__standing_20260714_140841_20hz,data/staging/20260731_rebuild01/cleaned_csv/standing_20260714_140841_20hz.csv,60,89,legacy_folder,legacy,True,,,3.0,4.5,,,,
961,train,1,standing,standing,standing__standing_20260714_140853_20hz,data/staging/20260731_rebuild01/cleaned_csv/standing_20260714_140853_20hz.csv,0,29,legacy_folder,legacy,True,,,0.0,1.5,,,,
962,train,1,standing,standing,standing__standing_20260714_140853_20hz,data/staging/20260731_rebuild01/cleaned_csv/standing_20260714_140853_20hz.csv,15,44,legacy_folder,legacy,True,,,0.75,2.25,,,,
963,train,1,standing,standing,standing__standing_20260714_140853_20hz,data/staging/20260731_rebuild01/cleaned_csv/standing_20260714_140853_20hz.csv,30,59,legacy_folder,legacy,True,,,1.5,3.0,,,,
964,train,1,standing,standing,standing__standing_20260714_140853_20hz,data/staging/20260731_rebuild01/cleaned_csv/standing_20260714_140853_20hz.csv,45,74,legacy_folder,legacy,True,,,2.25,3.75,,,,
965,train,1,standing,standing,standing__standing_20260714_140853_20hz,data/staging/20260731_rebuild01/cleaned_csv/standing_20260714_140853_20hz.csv,60,89,legacy_folder,legacy,True,,,3.0,4.5,,,,
966,train,1,standing,standing,standing__standing_20260714_140910_20hz,data/staging/20260731_rebuild01/cleaned_csv/standing_20260714_140910_20hz.csv,0,29,legacy_folder,legacy,True,,,0.0,1.5,,,,
967,train,1,standing,standing,standing__standing_20260714_140910_20hz,data/staging/20260731_rebuild01/cleaned_csv/standing_20260714_140910_20hz.csv,15,44,legacy_folder,legacy,True,,,0.75,2.25,,,,
968,train,1,standing,standing,standing__standing_20260714_140910_20hz,data/staging/20260731_rebuild01/cleaned_csv/standing_20260714_140910_20hz.csv,30,59,legacy_folder,legacy,True,,,1.5,3.0,,,,
969,train,1,standing,standing,standing__standing_20260714_140910_20hz,data/staging/20260731_rebuild01/cleaned_csv/standing_20260714_140910_20hz.csv,45,74,legacy_folder,legacy,True,,,2.25,3.75,,,,
970,train,1,standing,standing,standing__standing_20260714_140910_20hz,data/staging/20260731_rebuild01/cleaned_csv/standing_20260714_140910_20hz.csv,60,89,legacy_folder,legacy,True,,,3.0,4.5,,,,
971,train,1,standing,standing,standing__standing_20260714_140922_20hz,data/staging/20260731_rebuild01/cleaned_csv/standing_20260714_140922_20hz.csv,0,29,legacy_folder,legacy,True,,,0.0,1.5,,,,
972,train,1,standing,standing,standing__standing_20260714_140922_20hz,data/staging/20260731_rebuild01/cleaned_csv/standing_20260714_140922_20hz.csv,15,44,legacy_folder,legacy,True,,,0.75,2.25,,,,
973,train,1,standing,standing,standing__standing_20260714_140922_20hz,data/staging/20260731_rebuild01/cleaned_csv/standing_20260714_140922_20hz.csv,30,59,legacy_folder,legacy,True,,,1.5,3.0,,,,
974,train,1,standing,standing,standing__standing_20260714_140922_20hz,data/staging/20260731_rebuild01/cleaned_csv/standing_20260714_140922_20hz.csv,45,74,legacy_folder,legacy,True,,,2.25,3.75,,,,
975,train,1,standing,standing,standing__standing_20260714_140922_20hz,data/staging/20260731_rebuild01/cleaned_csv/standing_20260714_140922_20hz.csv,60,89,legacy_folder,legacy,True,,,3.0,4.5,,,,
976,train,1,standing,standing,standing__standing_20260714_140936_20hz,data/staging/20260731_rebuild01/cleaned_csv/standing_20260714_140936_20hz.csv,0,29,legacy_folder,legacy,True,,,0.0,1.5,,,,
977,train,1,standing,standing,standing__standing_20260714_140936_20hz,data/staging/20260731_rebuild01/cleaned_csv/standing_20260714_140936_20hz.csv,15,44,legacy_folder,legacy,True,,,0.75,2.25,,,,
978,train,1,standing,standing,standing__standing_20260714_140936_20hz,data/staging/20260731_rebuild01/cleaned_csv/standing_20260714_140936_20hz.csv,30,59,legacy_folder,legacy,True,,,1.5,3.0,,,,
979,train,1,standing,standing,standing__standing_20260714_140936_20hz,data/staging/20260731_rebuild01/cleaned_csv/standing_20260714_140936_20hz.csv,45,74,legacy_folder,legacy,True,,,2.25,3.75,,,,
980,train,1,standing,standing,standing__standing_20260714_140936_20hz,data/staging/20260731_rebuild01/cleaned_csv/standing_20260714_140936_20hz.csv,60,89,legacy_folder,legacy,True,,,3.0,4.5,,,,
981,train,1,standing,standing,standing__standing_20260714_140947_20hz,data/staging/20260731_rebuild01/cleaned_csv/standing_20260714_140947_20hz.csv,0,29,legacy_folder,legacy,True,,,0.0,1.5,,,,
982,train,1,standing,standing,standing__standing_20260714_140947_20hz,data/staging/20260731_rebuild01/cleaned_csv/standing_20260714_140947_20hz.csv,15,44,legacy_folder,legacy,True,,,0.75,2.25,,,,
983,train,1,standing,standing,standing__standing_20260714_140947_20hz,data/staging/20260731_rebuild01/cleaned_csv/standing_20260714_140947_20hz.csv,30,59,legacy_folder,legacy,True,,,1.5,3.0,,,,
984,train,1,standing,standing,standing__standing_20260714_140947_20hz,data/staging/20260731_rebuild01/cleaned_csv/standing_20260714_140947_20hz.csv,45,74,legacy_folder,legacy,True,,,2.25,3.75,,,,
985,train,1,standing,standing,standing__standing_20260714_140947_20hz,data/staging/20260731_rebuild01/cleaned_csv/standing_20260714_140947_20hz.csv,60,89,legacy_folder,legacy,True,,,3.0,4.5,,,,
986,train,1,standing,standing,standing__standing_20260714_140957_20hz,data/staging/20260731_rebuild01/cleaned_csv/standing_20260714_140957_20hz.csv,0,29,legacy_folder,legacy,True,,,0.0,1.5,,,,
987,train,1,standing,standing,standing__standing_20260714_140957_20hz,data/staging/20260731_rebuild01/cleaned_csv/standing_20260714_140957_20hz.csv,15,44,legacy_folder,legacy,True,,,0.75,2.25,,,,
988,train,1,standing,standing,standing__standing_20260714_140957_20hz,data/staging/20260731_rebuild01/cleaned_csv/standing_20260714_140957_20hz.csv,30,59,legacy_folder,legacy,True,,,1.5,3.0,,,,
989,train,1,standing,standing,standing__standing_20260714_140957_20hz,data/staging/20260731_rebuild01/cleaned_csv/standing_20260714_140957_20hz.csv,45,74,legacy_folder,legacy,True,,,2.25,3.75,,,,
990,train,1,standing,standing,standing__standing_20260714_140957_20hz,data/staging/20260731_rebuild01/cleaned_csv/standing_20260714_140957_20hz.csv,60,89,legacy_folder,legacy,True,,,3.0,4.5,,,,
991,train,1,standing,standing,standing__standing_20260714_141006_20hz,data/staging/20260731_rebuild01/cleaned_csv/standing_20260714_141006_20hz.csv,0,29,legacy_folder,legacy,True,,,0.0,1.5,,,,
992,train,1,standing,standing,standing__standing_20260714_141006_20hz,data/staging/20260731_rebuild01/cleaned_csv/standing_20260714_141006_20hz.csv,15,44,legacy_folder,legacy,True,,,0.75,2.25,,,,
993,train,1,standing,standing,standing__standing_20260714_141006_20hz,data/staging/20260731_rebuild01/cleaned_csv/standing_20260714_141006_20hz.csv,30,59,legacy_folder,legacy,True,,,1.5,3.0,,,,
994,train,1,standing,standing,standing__standing_20260714_141006_20hz,data/staging/20260731_rebuild01/cleaned_csv/standing_20260714_141006_20hz.csv,45,74,legacy_folder,legacy,True,,,2.25,3.75,,,,
995,train,1,standing,standing,standing__standing_20260714_141006_20hz,data/staging/20260731_rebuild01/cleaned_csv/standing_20260714_141006_20hz.csv,60,89,legacy_folder,legacy,True,,,3.0,4.5,,,,
996,train,1,standing,standing,standing__standing_20260714_141016_20hz,data/staging/20260731_rebuild01/cleaned_csv/standing_20260714_141016_20hz.csv,0,29,legacy_folder,legacy,True,,,0.0,1.5,,,,
997,train,1,standing,standing,standing__standing_20260714_141016_20hz,data/staging/20260731_rebuild01/cleaned_csv/standing_20260714_141016_20hz.csv,15,44,legacy_folder,legacy,True,,,0.75,2.25,,,,
998,train,1,standing,standing,standing__standing_20260714_141016_20hz,data/staging/20260731_rebuild01/cleaned_csv/standing_20260714_141016_20hz.csv,30,59,legacy_folder,legacy,True,,,1.5,3.0,,,,
999,train,1,standing,standing,standing__standing_20260714_141016_20hz,data/staging/20260731_rebuild01/cleaned_csv/standing_20260714_141016_20hz.csv,45,74,legacy_folder,legacy,True,,,2.25,3.75,,,,
1000,train,1,standing,standing,standing__standing_20260714_141025_20hz,data/staging/20260731_rebuild01/cleaned_csv/standing_20260714_141025_20hz.csv,0,29,legacy_folder,legacy,True,,,0.0,1.5,,,,
1001,train,1,standing,standing,standing__standing_20260714_141025_20hz,data/staging/20260731_rebuild01/cleaned_csv/standing_20260714_141025_20hz.csv,15,44,legacy_folder,legacy,True,,,0.75,2.25,,,,
1002,train,1,standing,standing,standing__standing_20260714_141025_20hz,data/staging/20260731_rebuild01/cleaned_csv/standing_20260714_141025_20hz.csv,30,59,legacy_folder,legacy,True,,,1.5,3.0,,,,
1003,train,1,standing,standing,standing__standing_20260714_141025_20hz,data/staging/20260731_rebuild01/cleaned_csv/standing_20260714_141025_20hz.csv,45,74,legacy_folder,legacy,True,,,2.25,3.75,,,,
1004,train,1,standing,standing,standing__standing_20260714_141025_20hz,data/staging/20260731_rebuild01/cleaned_csv/standing_20260714_141025_20hz.csv,60,89,legacy_folder,legacy,True,,,3.0,4.5,,,,
1005,train,1,standing,standing,standing__standing_20260714_141034_20hz,data/staging/20260731_rebuild01/cleaned_csv/standing_20260714_141034_20hz.csv,0,29,legacy_folder,legacy,True,,,0.0,1.5,,,,
1006,train,1,standing,standing,standing__standing_20260714_141034_20hz,data/staging/20260731_rebuild01/cleaned_csv/standing_20260714_141034_20hz.csv,15,44,legacy_folder,legacy,True,,,0.75,2.25,,,,
1007,train,1,standing,standing,standing__standing_20260714_141034_20hz,data/staging/20260731_rebuild01/cleaned_csv/standing_20260714_141034_20hz.csv,30,59,legacy_folder,legacy,True,,,1.5,3.0,,,,
1008,train,1,standing,standing,standing__standing_20260714_141034_20hz,data/staging/20260731_rebuild01/cleaned_csv/standing_20260714_141034_20hz.csv,45,74,legacy_folder,legacy,True,,,2.25,3.75,,,,
1009,train,1,standing,standing,standing__standing_20260714_141034_20hz,data/staging/20260731_rebuild01/cleaned_csv/standing_20260714_141034_20hz.csv,60,89,legacy_folder,legacy,True,,,3.0,4.5,,,,
1015,train,1,standing,standing,standing__standing_20260714_141054_20hz,data/staging/20260731_rebuild01/cleaned_csv/standing_20260714_141054_20hz.csv,0,29,legacy_folder,legacy,True,,,0.0,1.5,,,,
1016,train,1,standing,standing,standing__standing_20260714_141054_20hz,data/staging/20260731_rebuild01/cleaned_csv/standing_20260714_141054_20hz.csv,15,44,legacy_folder,legacy,True,,,0.75,2.25,,,,
1017,train,1,standing,standing,standing__standing_20260714_141054_20hz,data/staging/20260731_rebuild01/cleaned_csv/standing_20260714_141054_20hz.csv,30,59,legacy_folder,legacy,True,,,1.5,3.0,,,,
1018,train,1,standing,standing,standing__standing_20260714_141054_20hz,data/staging/20260731_rebuild01/cleaned_csv/standing_20260714_141054_20hz.csv,45,74,legacy_folder,legacy,True,,,2.25,3.75,,,,
1019,train,1,standing,standing,standing__standing_20260714_141054_20hz,data/staging/20260731_rebuild01/cleaned_csv/standing_20260714_141054_20hz.csv,60,89,legacy_folder,legacy,True,,,3.0,4.5,,,,
1020,train,1,standing,standing,standing__standing_20260714_141104_20hz,data/staging/20260731_rebuild01/cleaned_csv/standing_20260714_141104_20hz.csv,0,29,legacy_folder,legacy,True,,,0.0,1.5,,,,
1021,train,1,standing,standing,standing__standing_20260714_141104_20hz,data/staging/20260731_rebuild01/cleaned_csv/standing_20260714_141104_20hz.csv,15,44,legacy_folder,legacy,True,,,0.75,2.25,,,,
1022,train,1,standing,standing,standing__standing_20260714_141104_20hz,data/staging/20260731_rebuild01/cleaned_csv/standing_20260714_141104_20hz.csv,30,59,legacy_folder,legacy,True,,,1.5,3.0,,,,
1023,train,1,standing,standing,standing__standing_20260714_141104_20hz,data/staging/20260731_rebuild01/cleaned_csv/standing_20260714_141104_20hz.csv,45,74,legacy_folder,legacy,True,,,2.25,3.75,,,,
1024,train,1,standing,standing,standing__standing_20260714_141104_20hz,data/staging/20260731_rebuild01/cleaned_csv/standing_20260714_141104_20hz.csv,60,89,legacy_folder,legacy,True,,,3.0,4.5,,,,
1030,train,1,standing,standing,standing__standing_20260714_141128_20hz,data/staging/20260731_rebuild01/cleaned_csv/standing_20260714_141128_20hz.csv,0,29,legacy_folder,legacy,True,,,0.0,1.5,,,,
1031,train,1,standing,standing,standing__standing_20260714_141128_20hz,data/staging/20260731_rebuild01/cleaned_csv/standing_20260714_141128_20hz.csv,15,44,legacy_folder,legacy,True,,,0.75,2.25,,,,
1032,train,1,standing,standing,standing__standing_20260714_141128_20hz,data/staging/20260731_rebuild01/cleaned_csv/standing_20260714_141128_20hz.csv,30,59,legacy_folder,legacy,True,,,1.5,3.0,,,,
1033,train,1,standing,standing,standing__standing_20260714_141128_20hz,data/staging/20260731_rebuild01/cleaned_csv/standing_20260714_141128_20hz.csv,45,74,legacy_folder,legacy,True,,,2.25,3.75,,,,
1034,train,1,standing,standing,standing__standing_20260714_141128_20hz,data/staging/20260731_rebuild01/cleaned_csv/standing_20260714_141128_20hz.csv,60,89,legacy_folder,legacy,True,,,3.0,4.5,,,,
1035,train,1,standing,standing,standing__standing_20260714_141137_20hz,data/staging/20260731_rebuild01/cleaned_csv/standing_20260714_141137_20hz.csv,0,29,legacy_folder,legacy,True,,,0.0,1.5,,,,
1036,train,1,standing,standing,standing__standing_20260714_141137_20hz,data/staging/20260731_rebuild01/cleaned_csv/standing_20260714_141137_20hz.csv,15,44,legacy_folder,legacy,True,,,0.75,2.25,,,,
1037,train,1,standing,standing,standing__standing_20260714_141137_20hz,data/staging/20260731_rebuild01/cleaned_csv/standing_20260714_141137_20hz.csv,30,59,legacy_folder,legacy,True,,,1.5,3.0,,,,
1038,train,1,standing,standing,standing__standing_20260714_141137_20hz,data/staging/20260731_rebuild01/cleaned_csv/standing_20260714_141137_20hz.csv,45,74,legacy_folder,legacy,True,,,2.25,3.75,,,,
1039,train,1,standing,standing,standing__standing_20260714_141137_20hz,data/staging/20260731_rebuild01/cleaned_csv/standing_20260714_141137_20hz.csv,60,89,legacy_folder,legacy,True,,,3.0,4.5,,,,
1040,train,1,standing,standing,standing__standing_20260714_141215_20hz,data/staging/20260731_rebuild01/cleaned_csv/standing_20260714_141215_20hz.csv,0,29,legacy_folder,legacy,True,,,0.0,1.5,,,,
1041,train,1,standing,standing,standing__standing_20260714_141215_20hz,data/staging/20260731_rebuild01/cleaned_csv/standing_20260714_141215_20hz.csv,15,44,legacy_folder,legacy,True,,,0.75,2.25,,,,
1042,train,1,standing,standing,standing__standing_20260714_141215_20hz,data/staging/20260731_rebuild01/cleaned_csv/standing_20260714_141215_20hz.csv,30,59,legacy_folder,legacy,True,,,1.5,3.0,,,,
1043,train,1,standing,standing,standing__standing_20260714_141215_20hz,data/staging/20260731_rebuild01/cleaned_csv/standing_20260714_141215_20hz.csv,45,74,legacy_folder,legacy,True,,,2.25,3.75,,,,
1044,train,1,standing,standing,standing__standing_20260714_141215_20hz,data/staging/20260731_rebuild01/cleaned_csv/standing_20260714_141215_20hz.csv,60,89,legacy_folder,legacy,True,,,3.0,4.5,,,,
1045,train,1,standing,standing,standing__standing_20260714_141225_20hz,data/staging/20260731_rebuild01/cleaned_csv/standing_20260714_141225_20hz.csv,0,29,legacy_folder,legacy,True,,,0.0,1.5,,,,
1046,train,1,standing,standing,standing__standing_20260714_141225_20hz,data/staging/20260731_rebuild01/cleaned_csv/standing_20260714_141225_20hz.csv,15,44,legacy_folder,legacy,True,,,0.75,2.25,,,,
1047,train,1,standing,standing,standing__standing_20260714_141225_20hz,data/staging/20260731_rebuild01/cleaned_csv/standing_20260714_141225_20hz.csv,30,59,legacy_folder,legacy,True,,,1.5,3.0,,,,
1048,train,1,standing,standing,standing__standing_20260714_141225_20hz,data/staging/20260731_rebuild01/cleaned_csv/standing_20260714_141225_20hz.csv,45,74,legacy_folder,legacy,True,,,2.25,3.75,,,,
1049,train,1,standing,standing,standing__standing_20260714_141225_20hz,data/staging/20260731_rebuild01/cleaned_csv/standing_20260714_141225_20hz.csv,60,89,legacy_folder,legacy,True,,,3.0,4.5,,,,
1050,train,1,standing,standing,standing__standing_20260714_141234_20hz,data/staging/20260731_rebuild01/cleaned_csv/standing_20260714_141234_20hz.csv,0,29,legacy_folder,legacy,True,,,0.0,1.5,,,,
1051,train,1,standing,standing,standing__standing_20260714_141234_20hz,data/staging/20260731_rebuild01/cleaned_csv/standing_20260714_141234_20hz.csv,15,44,legacy_folder,legacy,True,,,0.75,2.25,,,,
1052,train,1,standing,standing,standing__standing_20260714_141234_20hz,data/staging/20260731_rebuild01/cleaned_csv/standing_20260714_141234_20hz.csv,30,59,legacy_folder,legacy,True,,,1.5,3.0,,,,
1053,train,1,standing,standing,standing__standing_20260714_141234_20hz,data/staging/20260731_rebuild01/cleaned_csv/standing_20260714_141234_20hz.csv,45,74,legacy_folder,legacy,True,,,2.25,3.75,,,,
1054,train,1,standing,standing,standing__standing_20260714_141234_20hz,data/staging/20260731_rebuild01/cleaned_csv/standing_20260714_141234_20hz.csv,60,89,legacy_folder,legacy,True,,,3.0,4.5,,,,
1055,train,1,standing,standing,standing__standing_20260714_141245_20hz,data/staging/20260731_rebuild01/cleaned_csv/standing_20260714_141245_20hz.csv,0,29,legacy_folder,legacy,True,,,0.0,1.5,,,,
1056,train,1,standing,standing,standing__standing_20260714_141245_20hz,data/staging/20260731_rebuild01/cleaned_csv/standing_20260714_141245_20hz.csv,15,44,legacy_folder,legacy,True,,,0.75,2.25,,,,
1057,train,1,standing,standing,standing__standing_20260714_141245_20hz,data/staging/20260731_rebuild01/cleaned_csv/standing_20260714_141245_20hz.csv,30,59,legacy_folder,legacy,True,,,1.5,3.0,,,,
1058,train,1,standing,standing,standing__standing_20260714_141245_20hz,data/staging/20260731_rebuild01/cleaned_csv/standing_20260714_141245_20hz.csv,45,74,legacy_folder,legacy,True,,,2.25,3.75,,,,
1059,train,1,standing,standing,standing__standing_20260714_141245_20hz,data/staging/20260731_rebuild01/cleaned_csv/standing_20260714_141245_20hz.csv,60,89,legacy_folder,legacy,True,,,3.0,4.5,,,,
1060,train,1,standing,standing,standing__standing_20260714_141301_20hz,data/staging/20260731_rebuild01/cleaned_csv/standing_20260714_141301_20hz.csv,0,29,legacy_folder,legacy,True,,,0.0,1.5,,,,
1061,train,1,standing,standing,standing__standing_20260714_141301_20hz,data/staging/20260731_rebuild01/cleaned_csv/standing_20260714_141301_20hz.csv,15,44,legacy_folder,legacy,True,,,0.75,2.25,,,,
1062,train,1,standing,standing,standing__standing_20260714_141301_20hz,data/staging/20260731_rebuild01/cleaned_csv/standing_20260714_141301_20hz.csv,30,59,legacy_folder,legacy,True,,,1.5,3.0,,,,
1063,train,1,standing,standing,standing__standing_20260714_141301_20hz,data/staging/20260731_rebuild01/cleaned_csv/standing_20260714_141301_20hz.csv,45,74,legacy_folder,legacy,True,,,2.25,3.75,,,,
1064,train,1,standing,standing,standing__standing_20260714_141301_20hz,data/staging/20260731_rebuild01/cleaned_csv/standing_20260714_141301_20hz.csv,60,89,legacy_folder,legacy,True,,,3.0,4.5,,,,
1065,train,1,standing,standing,standing__standing_20260714_141311_20hz,data/staging/20260731_rebuild01/cleaned_csv/standing_20260714_141311_20hz.csv,0,29,legacy_folder,legacy,True,,,0.0,1.5,,,,
1066,train,1,standing,standing,standing__standing_20260714_141311_20hz,data/staging/20260731_rebuild01/cleaned_csv/standing_20260714_141311_20hz.csv,15,44,legacy_folder,legacy,True,,,0.75,2.25,,,,
1067,train,1,standing,standing,standing__standing_20260714_141311_20hz,data/staging/20260731_rebuild01/cleaned_csv/standing_20260714_141311_20hz.csv,30,59,legacy_folder,legacy,True,,,1.5,3.0,,,,
1068,train,1,standing,standing,standing__standing_20260714_141311_20hz,data/staging/20260731_rebuild01/cleaned_csv/standing_20260714_141311_20hz.csv,45,74,legacy_folder,legacy,True,,,2.25,3.75,,,,
1069,train,1,standing,standing,standing__standing_20260714_141311_20hz,data/staging/20260731_rebuild01/cleaned_csv/standing_20260714_141311_20hz.csv,60,89,legacy_folder,legacy,True,,,3.0,4.5,,,,
1070,train,1,standing,standing,standing__standing_20260714_141321_20hz,data/staging/20260731_rebuild01/cleaned_csv/standing_20260714_141321_20hz.csv,0,29,legacy_folder,legacy,True,,,0.0,1.5,,,,
1071,train,1,standing,standing,standing__standing_20260714_141321_20hz,data/staging/20260731_rebuild01/cleaned_csv/standing_20260714_141321_20hz.csv,15,44,legacy_folder,legacy,True,,,0.75,2.25,,,,
1072,train,1,standing,standing,standing__standing_20260714_141321_20hz,data/staging/20260731_rebuild01/cleaned_csv/standing_20260714_141321_20hz.csv,30,59,legacy_folder,legacy,True,,,1.5,3.0,,,,
1073,train,1,standing,standing,standing__standing_20260714_141321_20hz,data/staging/20260731_rebuild01/cleaned_csv/standing_20260714_141321_20hz.csv,45,74,legacy_folder,legacy,True,,,2.25,3.75,,,,
1074,train,1,standing,standing,standing__standing_20260714_141321_20hz,data/staging/20260731_rebuild01/cleaned_csv/standing_20260714_141321_20hz.csv,60,89,legacy_folder,legacy,True,,,3.0,4.5,,,,
1075,train,1,standing,standing,standing__standing_20260714_141331_20hz,data/staging/20260731_rebuild01/cleaned_csv/standing_20260714_141331_20hz.csv,0,29,legacy_folder,legacy,True,,,0.0,1.5,,,,
1076,train,1,standing,standing,standing__standing_20260714_141331_20hz,data/staging/20260731_rebuild01/cleaned_csv/standing_20260714_141331_20hz.csv,15,44,legacy_folder,legacy,True,,,0.75,2.25,,,,
1077,train,1,standing,standing,standing__standing_20260714_141331_20hz,data/staging/20260731_rebuild01/cleaned_csv/standing_20260714_141331_20hz.csv,30,59,legacy_folder,legacy,True,,,1.5,3.0,,,,
1078,train,1,standing,standing,standing__standing_20260714_141331_20hz,data/staging/20260731_rebuild01/cleaned_csv/standing_20260714_141331_20hz.csv,45,74,legacy_folder,legacy,True,,,2.25,3.75,,,,
1079,train,1,standing,standing,standing__standing_20260714_141331_20hz,data/staging/20260731_rebuild01/cleaned_csv/standing_20260714_141331_20hz.csv,60,89,legacy_folder,legacy,True,,,3.0,4.5,,,,
1080,train,1,standing,standing,standing__standing_20260714_141341_20hz,data/staging/20260731_rebuild01/cleaned_csv/standing_20260714_141341_20hz.csv,0,29,legacy_folder,legacy,True,,,0.0,1.5,,,,
1081,train,1,standing,standing,standing__standing_20260714_141341_20hz,data/staging/20260731_rebuild01/cleaned_csv/standing_20260714_141341_20hz.csv,15,44,legacy_folder,legacy,True,,,0.75,2.25,,,,
1082,train,1,standing,standing,standing__standing_20260714_141341_20hz,data/staging/20260731_rebuild01/cleaned_csv/standing_20260714_141341_20hz.csv,30,59,legacy_folder,legacy,True,,,1.5,3.0,,,,
1083,train,1,standing,standing,standing__standing_20260714_141341_20hz,data/staging/20260731_rebuild01/cleaned_csv/standing_20260714_141341_20hz.csv,45,74,legacy_folder,legacy,True,,,2.25,3.75,,,,
1084,train,1,standing,standing,standing__standing_20260714_141341_20hz,data/staging/20260731_rebuild01/cleaned_csv/standing_20260714_141341_20hz.csv,60,89,legacy_folder,legacy,True,,,3.0,4.5,,,,
1085,train,1,standing,standing,standing__standing_20260714_141352_20hz,data/staging/20260731_rebuild01/cleaned_csv/standing_20260714_141352_20hz.csv,0,29,legacy_folder,legacy,True,,,0.0,1.5,,,,
1086,train,1,standing,standing,standing__standing_20260714_141352_20hz,data/staging/20260731_rebuild01/cleaned_csv/standing_20260714_141352_20hz.csv,15,44,legacy_folder,legacy,True,,,0.75,2.25,,,,
1087,train,1,standing,standing,standing__standing_20260714_141352_20hz,data/staging/20260731_rebuild01/cleaned_csv/standing_20260714_141352_20hz.csv,30,59,legacy_folder,legacy,True,,,1.5,3.0,,,,
1088,train,1,standing,standing,standing__standing_20260714_141352_20hz,data/staging/20260731_rebuild01/cleaned_csv/standing_20260714_141352_20hz.csv,45,74,legacy_folder,legacy,True,,,2.25,3.75,,,,
1089,train,1,standing,standing,standing__standing_20260714_141352_20hz,data/staging/20260731_rebuild01/cleaned_csv/standing_20260714_141352_20hz.csv,60,89,legacy_folder,legacy,True,,,3.0,4.5,,,,
1090,train,1,standing,standing,standing__standing_20260714_141412_20hz,data/staging/20260731_rebuild01/cleaned_csv/standing_20260714_141412_20hz.csv,0,29,legacy_folder,legacy,True,,,0.0,1.5,,,,
1091,train,1,standing,standing,standing__standing_20260714_141412_20hz,data/staging/20260731_rebuild01/cleaned_csv/standing_20260714_141412_20hz.csv,15,44,legacy_folder,legacy,True,,,0.75,2.25,,,,
1092,train,1,standing,standing,standing__standing_20260714_141412_20hz,data/staging/20260731_rebuild01/cleaned_csv/standing_20260714_141412_20hz.csv,30,59,legacy_folder,legacy,True,,,1.5,3.0,,,,
1093,train,1,standing,standing,standing__standing_20260714_141412_20hz,data/staging/20260731_rebuild01/cleaned_csv/standing_20260714_141412_20hz.csv,45,74,legacy_folder,legacy,True,,,2.25,3.75,,,,
1094,train,1,standing,standing,standing__standing_20260714_141412_20hz,data/staging/20260731_rebuild01/cleaned_csv/standing_20260714_141412_20hz.csv,60,89,legacy_folder,legacy,True,,,3.0,4.5,,,,
1095,train,1,standing,standing,standing__standing_20260714_141427_20hz,data/staging/20260731_rebuild01/cleaned_csv/standing_20260714_141427_20hz.csv,0,29,legacy_folder,legacy,True,,,0.0,1.5,,,,
1096,train,1,standing,standing,standing__standing_20260714_141427_20hz,data/staging/20260731_rebuild01/cleaned_csv/standing_20260714_141427_20hz.csv,15,44,legacy_folder,legacy,True,,,0.75,2.25,,,,
1097,train,1,standing,standing,standing__standing_20260714_141427_20hz,data/staging/20260731_rebuild01/cleaned_csv/standing_20260714_141427_20hz.csv,30,59,legacy_folder,legacy,True,,,1.5,3.0,,,,
1098,train,1,standing,standing,standing__standing_20260714_141427_20hz,data/staging/20260731_rebuild01/cleaned_csv/standing_20260714_141427_20hz.csv,45,74,legacy_folder,legacy,True,,,2.25,3.75,,,,
1099,train,1,standing,standing,standing__standing_20260714_141427_20hz,data/staging/20260731_rebuild01/cleaned_csv/standing_20260714_141427_20hz.csv,60,89,legacy_folder,legacy,True,,,3.0,4.5,,,,
1100,train,1,standing,standing,standing__standing_20260714_141437_20hz,data/staging/20260731_rebuild01/cleaned_csv/standing_20260714_141437_20hz.csv,0,29,legacy_folder,legacy,True,,,0.0,1.5,,,,
1101,train,1,standing,standing,standing__standing_20260714_141437_20hz,data/staging/20260731_rebuild01/cleaned_csv/standing_20260714_141437_20hz.csv,15,44,legacy_folder,legacy,True,,,0.75,2.25,,,,
1102,train,1,standing,standing,standing__standing_20260714_141437_20hz,data/staging/20260731_rebuild01/cleaned_csv/standing_20260714_141437_20hz.csv,30,59,legacy_folder,legacy,True,,,1.5,3.0,,,,
1103,train,1,standing,standing,standing__standing_20260714_141437_20hz,data/staging/20260731_rebuild01/cleaned_csv/standing_20260714_141437_20hz.csv,45,74,legacy_folder,legacy,True,,,2.25,3.75,,,,
1104,train,1,standing,standing,standing__standing_20260714_141437_20hz,data/staging/20260731_rebuild01/cleaned_csv/standing_20260714_141437_20hz.csv,60,89,legacy_folder,legacy,True,,,3.0,4.5,,,,
1105,train,1,standing,standing,standing__standing_20260714_141447_20hz,data/staging/20260731_rebuild01/cleaned_csv/standing_20260714_141447_20hz.csv,0,29,legacy_folder,legacy,True,,,0.0,1.5,,,,
1106,train,1,standing,standing,standing__standing_20260714_141447_20hz,data/staging/20260731_rebuild01/cleaned_csv/standing_20260714_141447_20hz.csv,15,44,legacy_folder,legacy,True,,,0.75,2.25,,,,
1107,train,1,standing,standing,standing__standing_20260714_141447_20hz,data/staging/20260731_rebuild01/cleaned_csv/standing_20260714_141447_20hz.csv,30,59,legacy_folder,legacy,True,,,1.5,3.0,,,,
1108,train,1,standing,standing,standing__standing_20260714_141447_20hz,data/staging/20260731_rebuild01/cleaned_csv/standing_20260714_141447_20hz.csv,45,74,legacy_folder,legacy,True,,,2.25,3.75,,,,
1109,train,1,standing,standing,standing__standing_20260714_141447_20hz,data/staging/20260731_rebuild01/cleaned_csv/standing_20260714_141447_20hz.csv,60,89,legacy_folder,legacy,True,,,3.0,4.5,,,,
1110,train,1,standing,standing,standing__standing_20260714_141457_20hz,data/staging/20260731_rebuild01/cleaned_csv/standing_20260714_141457_20hz.csv,0,29,legacy_folder,legacy,True,,,0.0,1.5,,,,
1111,train,1,standing,standing,standing__standing_20260714_141457_20hz,data/staging/20260731_rebuild01/cleaned_csv/standing_20260714_141457_20hz.csv,15,44,legacy_folder,legacy,True,,,0.75,2.25,,,,
1112,train,1,standing,standing,standing__standing_20260714_141457_20hz,data/staging/20260731_rebuild01/cleaned_csv/standing_20260714_141457_20hz.csv,30,59,legacy_folder,legacy,True,,,1.5,3.0,,,,
1113,train,1,standing,standing,standing__standing_20260714_141457_20hz,data/staging/20260731_rebuild01/cleaned_csv/standing_20260714_141457_20hz.csv,45,74,legacy_folder,legacy,True,,,2.25,3.75,,,,
1114,train,1,standing,standing,standing__standing_20260714_141457_20hz,data/staging/20260731_rebuild01/cleaned_csv/standing_20260714_141457_20hz.csv,60,89,legacy_folder,legacy,True,,,3.0,4.5,,,,
1115,train,1,standing,standing,standing__standing_20260714_141507_20hz,data/staging/20260731_rebuild01/cleaned_csv/standing_20260714_141507_20hz.csv,0,29,legacy_folder,legacy,True,,,0.0,1.5,,,,
1116,train,1,standing,standing,standing__standing_20260714_141507_20hz,data/staging/20260731_rebuild01/cleaned_csv/standing_20260714_141507_20hz.csv,15,44,legacy_folder,legacy,True,,,0.75,2.25,,,,
1117,train,1,standing,standing,standing__standing_20260714_141507_20hz,data/staging/20260731_rebuild01/cleaned_csv/standing_20260714_141507_20hz.csv,30,59,legacy_folder,legacy,True,,,1.5,3.0,,,,
1118,train,1,standing,standing,standing__standing_20260714_141507_20hz,data/staging/20260731_rebuild01/cleaned_csv/standing_20260714_141507_20hz.csv,45,74,legacy_folder,legacy,True,,,2.25,3.75,,,,
1119,train,1,standing,standing,standing__standing_20260714_141507_20hz,data/staging/20260731_rebuild01/cleaned_csv/standing_20260714_141507_20hz.csv,60,89,legacy_folder,legacy,True,,,3.0,4.5,,,,
1120,train,1,standing,standing,standing__standing_20260714_141517_20hz,data/staging/20260731_rebuild01/cleaned_csv/standing_20260714_141517_20hz.csv,0,29,legacy_folder,legacy,True,,,0.0,1.5,,,,
1121,train,1,standing,standing,standing__standing_20260714_141517_20hz,data/staging/20260731_rebuild01/cleaned_csv/standing_20260714_141517_20hz.csv,15,44,legacy_folder,legacy,True,,,0.75,2.25,,,,
1122,train,1,standing,standing,standing__standing_20260714_141517_20hz,data/staging/20260731_rebuild01/cleaned_csv/standing_20260714_141517_20hz.csv,30,59,legacy_folder,legacy,True,,,1.5,3.0,,,,
1123,train,1,standing,standing,standing__standing_20260714_141517_20hz,data/staging/20260731_rebuild01/cleaned_csv/standing_20260714_141517_20hz.csv,45,74,legacy_folder,legacy,True,,,2.25,3.75,,,,
1124,train,1,standing,standing,standing__standing_20260714_141517_20hz,data/staging/20260731_rebuild01/cleaned_csv/standing_20260714_141517_20hz.csv,60,89,legacy_folder,legacy,True,,,3.0,4.5,,,,
1125,train,1,standing,standing,standing__standing_20260714_141528_20hz,data/staging/20260731_rebuild01/cleaned_csv/standing_20260714_141528_20hz.csv,0,29,legacy_folder,legacy,True,,,0.0,1.5,,,,
1126,train,1,standing,standing,standing__standing_20260714_141528_20hz,data/staging/20260731_rebuild01/cleaned_csv/standing_20260714_141528_20hz.csv,15,44,legacy_folder,legacy,True,,,0.75,2.25,,,,
1127,train,1,standing,standing,standing__standing_20260714_141528_20hz,data/staging/20260731_rebuild01/cleaned_csv/standing_20260714_141528_20hz.csv,30,59,legacy_folder,legacy,True,,,1.5,3.0,,,,
1128,train,1,standing,standing,standing__standing_20260714_141528_20hz,data/staging/20260731_rebuild01/cleaned_csv/standing_20260714_141528_20hz.csv,45,74,legacy_folder,legacy,True,,,2.25,3.75,,,,
1129,train,1,standing,standing,standing__standing_20260714_141528_20hz,data/staging/20260731_rebuild01/cleaned_csv/standing_20260714_141528_20hz.csv,60,89,legacy_folder,legacy,True,,,3.0,4.5,,,,
1130,train,1,standing,standing,standing__standing_20260714_141541_20hz,data/staging/20260731_rebuild01/cleaned_csv/standing_20260714_141541_20hz.csv,0,29,legacy_folder,legacy,True,,,0.0,1.5,,,,
1131,train,1,standing,standing,standing__standing_20260714_141541_20hz,data/staging/20260731_rebuild01/cleaned_csv/standing_20260714_141541_20hz.csv,15,44,legacy_folder,legacy,True,,,0.75,2.25,,,,
1132,train,1,standing,standing,standing__standing_20260714_141541_20hz,data/staging/20260731_rebuild01/cleaned_csv/standing_20260714_141541_20hz.csv,30,59,legacy_folder,legacy,True,,,1.5,3.0,,,,
1133,train,1,standing,standing,standing__standing_20260714_141541_20hz,data/staging/20260731_rebuild01/cleaned_csv/standing_20260714_141541_20hz.csv,45,74,legacy_folder,legacy,True,,,2.25,3.75,,,,
1134,train,1,standing,standing,standing__standing_20260714_141541_20hz,data/staging/20260731_rebuild01/cleaned_csv/standing_20260714_141541_20hz.csv,60,89,legacy_folder,legacy,True,,,3.0,4.5,,,,
1135,train,1,standing,standing,standing__standing_20260714_141552_20hz,data/staging/20260731_rebuild01/cleaned_csv/standing_20260714_141552_20hz.csv,0,29,legacy_folder,legacy,True,,,0.0,1.5,,,,
1136,train,1,standing,standing,standing__standing_20260714_141552_20hz,data/staging/20260731_rebuild01/cleaned_csv/standing_20260714_141552_20hz.csv,15,44,legacy_folder,legacy,True,,,0.75,2.25,,,,
1137,train,1,standing,standing,standing__standing_20260714_141552_20hz,data/staging/20260731_rebuild01/cleaned_csv/standing_20260714_141552_20hz.csv,30,59,legacy_folder,legacy,True,,,1.5,3.0,,,,
1138,train,1,standing,standing,standing__standing_20260714_141552_20hz,data/staging/20260731_rebuild01/cleaned_csv/standing_20260714_141552_20hz.csv,45,74,legacy_folder,legacy,True,,,2.25,3.75,,,,
1139,train,1,standing,standing,standing__standing_20260714_141552_20hz,data/staging/20260731_rebuild01/cleaned_csv/standing_20260714_141552_20hz.csv,60,89,legacy_folder,legacy,True,,,3.0,4.5,,,,
1140,train,1,standing,standing,standing__standing_20260714_141607_20hz,data/staging/20260731_rebuild01/cleaned_csv/standing_20260714_141607_20hz.csv,0,29,legacy_folder,legacy,True,,,0.0,1.5,,,,
1141,train,1,standing,standing,standing__standing_20260714_141607_20hz,data/staging/20260731_rebuild01/cleaned_csv/standing_20260714_141607_20hz.csv,15,44,legacy_folder,legacy,True,,,0.75,2.25,,,,
1142,train,1,standing,standing,standing__standing_20260714_141607_20hz,data/staging/20260731_rebuild01/cleaned_csv/standing_20260714_141607_20hz.csv,30,59,legacy_folder,legacy,True,,,1.5,3.0,,,,
1143,train,1,standing,standing,standing__standing_20260714_141607_20hz,data/staging/20260731_rebuild01/cleaned_csv/standing_20260714_141607_20hz.csv,45,74,legacy_folder,legacy,True,,,2.25,3.75,,,,
1144,train,1,standing,standing,standing__standing_20260714_141607_20hz,data/staging/20260731_rebuild01/cleaned_csv/standing_20260714_141607_20hz.csv,60,89,legacy_folder,legacy,True,,,3.0,4.5,,,,
1145,train,1,standing,standing,standing__standing_20260714_141617_20hz,data/staging/20260731_rebuild01/cleaned_csv/standing_20260714_141617_20hz.csv,0,29,legacy_folder,legacy,True,,,0.0,1.5,,,,
1146,train,1,standing,standing,standing__standing_20260714_141617_20hz,data/staging/20260731_rebuild01/cleaned_csv/standing_20260714_141617_20hz.csv,15,44,legacy_folder,legacy,True,,,0.75,2.25,,,,
1147,train,1,standing,standing,standing__standing_20260714_141617_20hz,data/staging/20260731_rebuild01/cleaned_csv/standing_20260714_141617_20hz.csv,30,59,legacy_folder,legacy,True,,,1.5,3.0,,,,
1148,train,1,standing,standing,standing__standing_20260714_141617_20hz,data/staging/20260731_rebuild01/cleaned_csv/standing_20260714_141617_20hz.csv,45,74,legacy_folder,legacy,True,,,2.25,3.75,,,,
1149,train,1,standing,standing,standing__standing_20260714_141617_20hz,data/staging/20260731_rebuild01/cleaned_csv/standing_20260714_141617_20hz.csv,60,89,legacy_folder,legacy,True,,,3.0,4.5,,,,
1150,train,1,standing,standing,standing__standing_20260714_141629_20hz,data/staging/20260731_rebuild01/cleaned_csv/standing_20260714_141629_20hz.csv,0,29,legacy_folder,legacy,True,,,0.0,1.5,,,,
1151,train,1,standing,standing,standing__standing_20260714_141629_20hz,data/staging/20260731_rebuild01/cleaned_csv/standing_20260714_141629_20hz.csv,15,44,legacy_folder,legacy,True,,,0.75,2.25,,,,
1152,train,1,standing,standing,standing__standing_20260714_141629_20hz,data/staging/20260731_rebuild01/cleaned_csv/standing_20260714_141629_20hz.csv,30,59,legacy_folder,legacy,True,,,1.5,3.0,,,,
1153,train,1,standing,standing,standing__standing_20260714_141629_20hz,data/staging/20260731_rebuild01/cleaned_csv/standing_20260714_141629_20hz.csv,45,74,legacy_folder,legacy,True,,,2.25,3.75,,,,
1154,train,1,standing,standing,standing__standing_20260714_141629_20hz,data/staging/20260731_rebuild01/cleaned_csv/standing_20260714_141629_20hz.csv,60,89,legacy_folder,legacy,True,,,3.0,4.5,,,,
1165,train,1,standing,standing,standing__standing_20260714_141703_20hz,data/staging/20260731_rebuild01/cleaned_csv/standing_20260714_141703_20hz.csv,0,29,legacy_folder,legacy,True,,,0.0,1.5,,,,
1166,train,1,standing,standing,standing__standing_20260714_141703_20hz,data/staging/20260731_rebuild01/cleaned_csv/standing_20260714_141703_20hz.csv,15,44,legacy_folder,legacy,True,,,0.75,2.25,,,,
1167,train,1,standing,standing,standing__standing_20260714_141703_20hz,data/staging/20260731_rebuild01/cleaned_csv/standing_20260714_141703_20hz.csv,30,59,legacy_folder,legacy,True,,,1.5,3.0,,,,
1168,train,1,standing,standing,standing__standing_20260714_141703_20hz,data/staging/20260731_rebuild01/cleaned_csv/standing_20260714_141703_20hz.csv,45,74,legacy_folder,legacy,True,,,2.25,3.75,,,,
1169,train,1,standing,standing,standing__standing_20260714_141703_20hz,data/staging/20260731_rebuild01/cleaned_csv/standing_20260714_141703_20hz.csv,60,89,legacy_folder,legacy,True,,,3.0,4.5,,,,
1170,train,1,standing,standing,standing__standing_20260714_141714_20hz,data/staging/20260731_rebuild01/cleaned_csv/standing_20260714_141714_20hz.csv,0,29,legacy_folder,legacy,True,,,0.0,1.5,,,,
1171,train,1,standing,standing,standing__standing_20260714_141714_20hz,data/staging/20260731_rebuild01/cleaned_csv/standing_20260714_141714_20hz.csv,15,44,legacy_folder,legacy,True,,,0.75,2.25,,,,
1172,train,1,standing,standing,standing__standing_20260714_141714_20hz,data/staging/20260731_rebuild01/cleaned_csv/standing_20260714_141714_20hz.csv,30,59,legacy_folder,legacy,True,,,1.5,3.0,,,,
1173,train,1,standing,standing,standing__standing_20260714_141714_20hz,data/staging/20260731_rebuild01/cleaned_csv/standing_20260714_141714_20hz.csv,45,74,legacy_folder,legacy,True,,,2.25,3.75,,,,
1174,train,1,standing,standing,standing__standing_20260714_141714_20hz,data/staging/20260731_rebuild01/cleaned_csv/standing_20260714_141714_20hz.csv,60,89,legacy_folder,legacy,True,,,3.0,4.5,,,,
1175,train,1,standing,standing,standing__standing_20260714_141723_20hz,data/staging/20260731_rebuild01/cleaned_csv/standing_20260714_141723_20hz.csv,0,29,legacy_folder,legacy,True,,,0.0,1.5,,,,
1176,train,1,standing,standing,standing__standing_20260714_141723_20hz,data/staging/20260731_rebuild01/cleaned_csv/standing_20260714_141723_20hz.csv,15,44,legacy_folder,legacy,True,,,0.75,2.25,,,,
1177,train,1,standing,standing,standing__standing_20260714_141723_20hz,data/staging/20260731_rebuild01/cleaned_csv/standing_20260714_141723_20hz.csv,30,59,legacy_folder,legacy,True,,,1.5,3.0,,,,
1178,train,1,standing,standing,standing__standing_20260714_141723_20hz,data/staging/20260731_rebuild01/cleaned_csv/standing_20260714_141723_20hz.csv,45,74,legacy_folder,legacy,True,,,2.25,3.75,,,,
1179,train,1,standing,standing,standing__standing_20260714_141723_20hz,data/staging/20260731_rebuild01/cleaned_csv/standing_20260714_141723_20hz.csv,60,89,legacy_folder,legacy,True,,,3.0,4.5,,,,
1180,train,1,standing,standing,standing__standing_20260714_141733_20hz,data/staging/20260731_rebuild01/cleaned_csv/standing_20260714_141733_20hz.csv,0,29,legacy_folder,legacy,True,,,0.0,1.5,,,,
1181,train,1,standing,standing,standing__standing_20260714_141733_20hz,data/staging/20260731_rebuild01/cleaned_csv/standing_20260714_141733_20hz.csv,15,44,legacy_folder,legacy,True,,,0.75,2.25,,,,
1182,train,1,standing,standing,standing__standing_20260714_141733_20hz,data/staging/20260731_rebuild01/cleaned_csv/standing_20260714_141733_20hz.csv,30,59,legacy_folder,legacy,True,,,1.5,3.0,,,,
1183,train,1,standing,standing,standing__standing_20260714_141733_20hz,data/staging/20260731_rebuild01/cleaned_csv/standing_20260714_141733_20hz.csv,45,74,legacy_folder,legacy,True,,,2.25,3.75,,,,
1184,train,1,standing,standing,standing__standing_20260714_141733_20hz,data/staging/20260731_rebuild01/cleaned_csv/standing_20260714_141733_20hz.csv,60,89,legacy_folder,legacy,True,,,3.0,4.5,,,,
1190,train,1,standing,standing,standing__standing_20260714_141759_20hz,data/staging/20260731_rebuild01/cleaned_csv/standing_20260714_141759_20hz.csv,0,29,legacy_folder,legacy,True,,,0.0,1.5,,,,
1191,train,1,standing,standing,standing__standing_20260714_141759_20hz,data/staging/20260731_rebuild01/cleaned_csv/standing_20260714_141759_20hz.csv,15,44,legacy_folder,legacy,True,,,0.75,2.25,,,,
1192,train,1,standing,standing,standing__standing_20260714_141759_20hz,data/staging/20260731_rebuild01/cleaned_csv/standing_20260714_141759_20hz.csv,30,59,legacy_folder,legacy,True,,,1.5,3.0,,,,
1193,train,1,standing,standing,standing__standing_20260714_141759_20hz,data/staging/20260731_rebuild01/cleaned_csv/standing_20260714_141759_20hz.csv,45,74,legacy_folder,legacy,True,,,2.25,3.75,,,,
1194,train,1,standing,standing,standing__standing_20260714_141759_20hz,data/staging/20260731_rebuild01/cleaned_csv/standing_20260714_141759_20hz.csv,60,89,legacy_folder,legacy,True,,,3.0,4.5,,,,
1203,train,1,standing,standing,standing__standing_20260714_141830_20hz,data/staging/20260731_rebuild01/cleaned_csv/standing_20260714_141830_20hz.csv,0,29,legacy_folder,legacy,True,,,0.0,1.5,,,,
1204,train,1,standing,standing,standing__standing_20260714_141830_20hz,data/staging/20260731_rebuild01/cleaned_csv/standing_20260714_141830_20hz.csv,15,44,legacy_folder,legacy,True,,,0.75,2.25,,,,
1205,train,1,standing,standing,standing__standing_20260714_141830_20hz,data/staging/20260731_rebuild01/cleaned_csv/standing_20260714_141830_20hz.csv,30,59,legacy_folder,legacy,True,,,1.5,3.0,,,,
1206,train,1,standing,standing,standing__standing_20260714_141830_20hz,data/staging/20260731_rebuild01/cleaned_csv/standing_20260714_141830_20hz.csv,45,74,legacy_folder,legacy,True,,,2.25,3.75,,,,
1207,train,1,standing,standing,standing__standing_20260714_141830_20hz,data/staging/20260731_rebuild01/cleaned_csv/standing_20260714_141830_20hz.csv,60,89,legacy_folder,legacy,True,,,3.0,4.5,,,,
1223,train,1,standing,standing,standing__standing_20260714_141954_20hz,data/staging/20260731_rebuild01/cleaned_csv/standing_20260714_141954_20hz.csv,0,29,legacy_folder,legacy,True,,,0.0,1.5,,,,
1224,train,1,standing,standing,standing__standing_20260714_141954_20hz,data/staging/20260731_rebuild01/cleaned_csv/standing_20260714_141954_20hz.csv,15,44,legacy_folder,legacy,True,,,0.75,2.25,,,,
1225,train,1,standing,standing,standing__standing_20260714_141954_20hz,data/staging/20260731_rebuild01/cleaned_csv/standing_20260714_141954_20hz.csv,30,59,legacy_folder,legacy,True,,,1.5,3.0,,,,
1226,train,1,standing,standing,standing__standing_20260714_141954_20hz,data/staging/20260731_rebuild01/cleaned_csv/standing_20260714_141954_20hz.csv,45,74,legacy_folder,legacy,True,,,2.25,3.75,,,,
1227,train,1,standing,standing,standing__standing_20260714_141954_20hz,data/staging/20260731_rebuild01/cleaned_csv/standing_20260714_141954_20hz.csv,60,89,legacy_folder,legacy,True,,,3.0,4.5,,,,
1228,train,1,standing,standing,standing__standing_20260714_142003_20hz,data/staging/20260731_rebuild01/cleaned_csv/standing_20260714_142003_20hz.csv,0,29,legacy_folder,legacy,True,,,0.0,1.5,,,,
1229,train,1,standing,standing,standing__standing_20260714_142003_20hz,data/staging/20260731_rebuild01/cleaned_csv/standing_20260714_142003_20hz.csv,15,44,legacy_folder,legacy,True,,,0.75,2.25,,,,
1230,train,1,standing,standing,standing__standing_20260714_142003_20hz,data/staging/20260731_rebuild01/cleaned_csv/standing_20260714_142003_20hz.csv,30,59,legacy_folder,legacy,True,,,1.5,3.0,,,,
1231,train,1,standing,standing,standing__standing_20260714_142003_20hz,data/staging/20260731_rebuild01/cleaned_csv/standing_20260714_142003_20hz.csv,45,74,legacy_folder,legacy,True,,,2.25,3.75,,,,
1232,train,1,standing,standing,standing__standing_20260714_142003_20hz,data/staging/20260731_rebuild01/cleaned_csv/standing_20260714_142003_20hz.csv,60,89,legacy_folder,legacy,True,,,3.0,4.5,,,,
1233,train,1,standing,standing,standing__standing_20260714_142012_20hz,data/staging/20260731_rebuild01/cleaned_csv/standing_20260714_142012_20hz.csv,0,29,legacy_folder,legacy,True,,,0.0,1.5,,,,
1234,train,1,standing,standing,standing__standing_20260714_142012_20hz,data/staging/20260731_rebuild01/cleaned_csv/standing_20260714_142012_20hz.csv,15,44,legacy_folder,legacy,True,,,0.75,2.25,,,,
1235,train,1,standing,standing,standing__standing_20260714_142012_20hz,data/staging/20260731_rebuild01/cleaned_csv/standing_20260714_142012_20hz.csv,30,59,legacy_folder,legacy,True,,,1.5,3.0,,,,
1236,train,1,standing,standing,standing__standing_20260714_142012_20hz,data/staging/20260731_rebuild01/cleaned_csv/standing_20260714_142012_20hz.csv,45,74,legacy_folder,legacy,True,,,2.25,3.75,,,,
1237,train,1,standing,standing,standing__standing_20260714_142012_20hz,data/staging/20260731_rebuild01/cleaned_csv/standing_20260714_142012_20hz.csv,60,89,legacy_folder,legacy,True,,,3.0,4.5,,,,
1238,train,1,standing,standing,standing__standing_20260714_142022_20hz,data/staging/20260731_rebuild01/cleaned_csv/standing_20260714_142022_20hz.csv,0,29,legacy_folder,legacy,True,,,0.0,1.5,,,,
1239,train,1,standing,standing,standing__standing_20260714_142022_20hz,data/staging/20260731_rebuild01/cleaned_csv/standing_20260714_142022_20hz.csv,15,44,legacy_folder,legacy,True,,,0.75,2.25,,,,
1240,train,1,standing,standing,standing__standing_20260714_142022_20hz,data/staging/20260731_rebuild01/cleaned_csv/standing_20260714_142022_20hz.csv,30,59,legacy_folder,legacy,True,,,1.5,3.0,,,,
1241,train,1,standing,standing,standing__standing_20260714_142022_20hz,data/staging/20260731_rebuild01/cleaned_csv/standing_20260714_142022_20hz.csv,45,74,legacy_folder,legacy,True,,,2.25,3.75,,,,
1242,train,1,standing,standing,standing__standing_20260714_142022_20hz,data/staging/20260731_rebuild01/cleaned_csv/standing_20260714_142022_20hz.csv,60,89,legacy_folder,legacy,True,,,3.0,4.5,,,,
1243,train,1,standing,standing,standing__standing_20260714_142031_20hz,data/staging/20260731_rebuild01/cleaned_csv/standing_20260714_142031_20hz.csv,0,29,legacy_folder,legacy,True,,,0.0,1.5,,,,
1244,train,1,standing,standing,standing__standing_20260714_142031_20hz,data/staging/20260731_rebuild01/cleaned_csv/standing_20260714_142031_20hz.csv,15,44,legacy_folder,legacy,True,,,0.75,2.25,,,,
1245,train,1,standing,standing,standing__standing_20260714_142031_20hz,data/staging/20260731_rebuild01/cleaned_csv/standing_20260714_142031_20hz.csv,30,59,legacy_folder,legacy,True,,,1.5,3.0,,,,
1246,train,1,standing,standing,standing__standing_20260714_142031_20hz,data/staging/20260731_rebuild01/cleaned_csv/standing_20260714_142031_20hz.csv,45,74,legacy_folder,legacy,True,,,2.25,3.75,,,,
1247,train,1,standing,standing,standing__standing_20260714_142031_20hz,data/staging/20260731_rebuild01/cleaned_csv/standing_20260714_142031_20hz.csv,60,89,legacy_folder,legacy,True,,,3.0,4.5,,,,
1248,train,1,standing,standing,standing__standing_20260714_142041_20hz,data/staging/20260731_rebuild01/cleaned_csv/standing_20260714_142041_20hz.csv,0,29,legacy_folder,legacy,True,,,0.0,1.5,,,,
1249,train,1,standing,standing,standing__standing_20260714_142041_20hz,data/staging/20260731_rebuild01/cleaned_csv/standing_20260714_142041_20hz.csv,15,44,legacy_folder,legacy,True,,,0.75,2.25,,,,
1250,train,1,standing,standing,standing__standing_20260714_142041_20hz,data/staging/20260731_rebuild01/cleaned_csv/standing_20260714_142041_20hz.csv,30,59,legacy_folder,legacy,True,,,1.5,3.0,,,,
1251,train,1,standing,standing,standing__standing_20260714_142041_20hz,data/staging/20260731_rebuild01/cleaned_csv/standing_20260714_142041_20hz.csv,45,74,legacy_folder,legacy,True,,,2.25,3.75,,,,
1252,train,1,standing,standing,standing__standing_20260714_142041_20hz,data/staging/20260731_rebuild01/cleaned_csv/standing_20260714_142041_20hz.csv,60,89,legacy_folder,legacy,True,,,3.0,4.5,,,,
1263,train,1,standing,standing,standing__standing_20260714_142117_20hz,data/staging/20260731_rebuild01/cleaned_csv/standing_20260714_142117_20hz.csv,0,29,legacy_folder,legacy,True,,,0.0,1.5,,,,
1264,train,1,standing,standing,standing__standing_20260714_142117_20hz,data/staging/20260731_rebuild01/cleaned_csv/standing_20260714_142117_20hz.csv,15,44,legacy_folder,legacy,True,,,0.75,2.25,,,,
1265,train,1,standing,standing,standing__standing_20260714_142117_20hz,data/staging/20260731_rebuild01/cleaned_csv/standing_20260714_142117_20hz.csv,30,59,legacy_folder,legacy,True,,,1.5,3.0,,,,
1266,train,1,standing,standing,standing__standing_20260714_142117_20hz,data/staging/20260731_rebuild01/cleaned_csv/standing_20260714_142117_20hz.csv,45,74,legacy_folder,legacy,True,,,2.25,3.75,,,,
1267,train,1,standing,standing,standing__standing_20260714_142117_20hz,data/staging/20260731_rebuild01/cleaned_csv/standing_20260714_142117_20hz.csv,60,89,legacy_folder,legacy,True,,,3.0,4.5,,,,
1268,train,1,standing,standing,standing__standing_20260714_142132_20hz,data/staging/20260731_rebuild01/cleaned_csv/standing_20260714_142132_20hz.csv,0,29,legacy_folder,legacy,True,,,0.0,1.5,,,,
1269,train,1,standing,standing,standing__standing_20260714_142132_20hz,data/staging/20260731_rebuild01/cleaned_csv/standing_20260714_142132_20hz.csv,15,44,legacy_folder,legacy,True,,,0.75,2.25,,,,
1270,train,1,standing,standing,standing__standing_20260714_142132_20hz,data/staging/20260731_rebuild01/cleaned_csv/standing_20260714_142132_20hz.csv,30,59,legacy_folder,legacy,True,,,1.5,3.0,,,,
1271,train,1,standing,standing,standing__standing_20260714_142132_20hz,data/staging/20260731_rebuild01/cleaned_csv/standing_20260714_142132_20hz.csv,45,74,legacy_folder,legacy,True,,,2.25,3.75,,,,
1272,train,1,standing,standing,standing__standing_20260714_142132_20hz,data/staging/20260731_rebuild01/cleaned_csv/standing_20260714_142132_20hz.csv,60,89,legacy_folder,legacy,True,,,3.0,4.5,,,,
1278,train,1,standing,standing,standing__standing_20260714_142153_20hz,data/staging/20260731_rebuild01/cleaned_csv/standing_20260714_142153_20hz.csv,0,29,legacy_folder,legacy,True,,,0.0,1.5,,,,
1279,train,1,standing,standing,standing__standing_20260714_142153_20hz,data/staging/20260731_rebuild01/cleaned_csv/standing_20260714_142153_20hz.csv,15,44,legacy_folder,legacy,True,,,0.75,2.25,,,,
1280,train,1,standing,standing,standing__standing_20260714_142153_20hz,data/staging/20260731_rebuild01/cleaned_csv/standing_20260714_142153_20hz.csv,30,59,legacy_folder,legacy,True,,,1.5,3.0,,,,
1281,train,1,standing,standing,standing__standing_20260714_142153_20hz,data/staging/20260731_rebuild01/cleaned_csv/standing_20260714_142153_20hz.csv,45,74,legacy_folder,legacy,True,,,2.25,3.75,,,,
1282,train,1,standing,standing,standing__standing_20260714_142153_20hz,data/staging/20260731_rebuild01/cleaned_csv/standing_20260714_142153_20hz.csv,60,89,legacy_folder,legacy,True,,,3.0,4.5,,,,
1283,train,1,standing,standing,standing__standing_20260714_142204_20hz,data/staging/20260731_rebuild01/cleaned_csv/standing_20260714_142204_20hz.csv,0,29,legacy_folder,legacy,True,,,0.0,1.5,,,,
1284,train,1,standing,standing,standing__standing_20260714_142204_20hz,data/staging/20260731_rebuild01/cleaned_csv/standing_20260714_142204_20hz.csv,15,44,legacy_folder,legacy,True,,,0.75,2.25,,,,
1285,train,1,standing,standing,standing__standing_20260714_142204_20hz,data/staging/20260731_rebuild01/cleaned_csv/standing_20260714_142204_20hz.csv,30,59,legacy_folder,legacy,True,,,1.5,3.0,,,,
1286,train,1,standing,standing,standing__standing_20260714_142204_20hz,data/staging/20260731_rebuild01/cleaned_csv/standing_20260714_142204_20hz.csv,45,74,legacy_folder,legacy,True,,,2.25,3.75,,,,
1287,train,1,standing,standing,standing__standing_20260714_142204_20hz,data/staging/20260731_rebuild01/cleaned_csv/standing_20260714_142204_20hz.csv,60,89,legacy_folder,legacy,True,,,3.0,4.5,,,,
1288,train,1,standing,standing,standing__standing_20260714_142214_20hz,data/staging/20260731_rebuild01/cleaned_csv/standing_20260714_142214_20hz.csv,0,29,legacy_folder,legacy,True,,,0.0,1.5,,,,
1289,train,1,standing,standing,standing__standing_20260714_142214_20hz,data/staging/20260731_rebuild01/cleaned_csv/standing_20260714_142214_20hz.csv,15,44,legacy_folder,legacy,True,,,0.75,2.25,,,,
1290,train,1,standing,standing,standing__standing_20260714_142214_20hz,data/staging/20260731_rebuild01/cleaned_csv/standing_20260714_142214_20hz.csv,30,59,legacy_folder,legacy,True,,,1.5,3.0,,,,
1291,train,1,standing,standing,standing__standing_20260714_142214_20hz,data/staging/20260731_rebuild01/cleaned_csv/standing_20260714_142214_20hz.csv,45,74,legacy_folder,legacy,True,,,2.25,3.75,,,,
1292,train,1,standing,standing,standing__standing_20260714_142214_20hz,data/staging/20260731_rebuild01/cleaned_csv/standing_20260714_142214_20hz.csv,60,89,legacy_folder,legacy,True,,,3.0,4.5,,,,
1293,train,1,standing,standing,standing__standing_20260714_142226_20hz,data/staging/20260731_rebuild01/cleaned_csv/standing_20260714_142226_20hz.csv,0,29,legacy_folder,legacy,True,,,0.0,1.5,,,,
1294,train,1,standing,standing,standing__standing_20260714_142226_20hz,data/staging/20260731_rebuild01/cleaned_csv/standing_20260714_142226_20hz.csv,15,44,legacy_folder,legacy,True,,,0.75,2.25,,,,
1295,train,1,standing,standing,standing__standing_20260714_142226_20hz,data/staging/20260731_rebuild01/cleaned_csv/standing_20260714_142226_20hz.csv,30,59,legacy_folder,legacy,True,,,1.5,3.0,,,,
1296,train,1,standing,standing,standing__standing_20260714_142226_20hz,data/staging/20260731_rebuild01/cleaned_csv/standing_20260714_142226_20hz.csv,45,74,legacy_folder,legacy,True,,,2.25,3.75,,,,
1297,train,1,standing,standing,standing__standing_20260714_142226_20hz,data/staging/20260731_rebuild01/cleaned_csv/standing_20260714_142226_20hz.csv,60,89,legacy_folder,legacy,True,,,3.0,4.5,,,,
1298,train,1,standing,standing,standing__standing_20260714_142236_20hz,data/staging/20260731_rebuild01/cleaned_csv/standing_20260714_142236_20hz.csv,0,29,legacy_folder,legacy,True,,,0.0,1.5,,,,
1299,train,1,standing,standing,standing__standing_20260714_142236_20hz,data/staging/20260731_rebuild01/cleaned_csv/standing_20260714_142236_20hz.csv,15,44,legacy_folder,legacy,True,,,0.75,2.25,,,,
1300,train,1,standing,standing,standing__standing_20260714_142236_20hz,data/staging/20260731_rebuild01/cleaned_csv/standing_20260714_142236_20hz.csv,30,59,legacy_folder,legacy,True,,,1.5,3.0,,,,
1301,train,1,standing,standing,standing__standing_20260714_142236_20hz,data/staging/20260731_rebuild01/cleaned_csv/standing_20260714_142236_20hz.csv,45,74,legacy_folder,legacy,True,,,2.25,3.75,,,,
1302,train,1,standing,standing,standing__standing_20260714_142236_20hz,data/staging/20260731_rebuild01/cleaned_csv/standing_20260714_142236_20hz.csv,60,89,legacy_folder,legacy,True,,,3.0,4.5,,,,
1313,train,1,standing,standing,standing__standing_20260714_142312_20hz,data/staging/20260731_rebuild01/cleaned_csv/standing_20260714_142312_20hz.csv,0,29,legacy_folder,legacy,True,,,0.0,1.5,,,,
1314,train,1,standing,standing,standing__standing_20260714_142312_20hz,data/staging/20260731_rebuild01/cleaned_csv/standing_20260714_142312_20hz.csv,15,44,legacy_folder,legacy,True,,,0.75,2.25,,,,
1315,train,1,standing,standing,standing__standing_20260714_142312_20hz,data/staging/20260731_rebuild01/cleaned_csv/standing_20260714_142312_20hz.csv,30,59,legacy_folder,legacy,True,,,1.5,3.0,,,,
1316,train,1,standing,standing,standing__standing_20260714_142312_20hz,data/staging/20260731_rebuild01/cleaned_csv/standing_20260714_142312_20hz.csv,45,74,legacy_folder,legacy,True,,,2.25,3.75,,,,
1317,train,1,standing,standing,standing__standing_20260714_142312_20hz,data/staging/20260731_rebuild01/cleaned_csv/standing_20260714_142312_20hz.csv,60,89,legacy_folder,legacy,True,,,3.0,4.5,,,,
1318,train,1,standing,standing,standing__standing_20260714_142322_20hz,data/staging/20260731_rebuild01/cleaned_csv/standing_20260714_142322_20hz.csv,0,29,legacy_folder,legacy,True,,,0.0,1.5,,,,
1319,train,1,standing,standing,standing__standing_20260714_142322_20hz,data/staging/20260731_rebuild01/cleaned_csv/standing_20260714_142322_20hz.csv,15,44,legacy_folder,legacy,True,,,0.75,2.25,,,,
1320,train,1,standing,standing,standing__standing_20260714_142322_20hz,data/staging/20260731_rebuild01/cleaned_csv/standing_20260714_142322_20hz.csv,30,59,legacy_folder,legacy,True,,,1.5,3.0,,,,
1321,train,1,standing,standing,standing__standing_20260714_142322_20hz,data/staging/20260731_rebuild01/cleaned_csv/standing_20260714_142322_20hz.csv,45,74,legacy_folder,legacy,True,,,2.25,3.75,,,,
1322,train,1,standing,standing,standing__standing_20260714_142322_20hz,data/staging/20260731_rebuild01/cleaned_csv/standing_20260714_142322_20hz.csv,60,89,legacy_folder,legacy,True,,,3.0,4.5,,,,
1333,train,1,standing,standing,standing__standing_20260714_142400_20hz,data/staging/20260731_rebuild01/cleaned_csv/standing_20260714_142400_20hz.csv,0,29,legacy_folder,legacy,True,,,0.0,1.5,,,,
1334,train,1,standing,standing,standing__standing_20260714_142400_20hz,data/staging/20260731_rebuild01/cleaned_csv/standing_20260714_142400_20hz.csv,15,44,legacy_folder,legacy,True,,,0.75,2.25,,,,
1335,train,1,standing,standing,standing__standing_20260714_142400_20hz,data/staging/20260731_rebuild01/cleaned_csv/standing_20260714_142400_20hz.csv,30,59,legacy_folder,legacy,True,,,1.5,3.0,,,,
1336,train,1,standing,standing,standing__standing_20260714_142400_20hz,data/staging/20260731_rebuild01/cleaned_csv/standing_20260714_142400_20hz.csv,45,74,legacy_folder,legacy,True,,,2.25,3.75,,,,
1337,train,1,standing,standing,standing__standing_20260714_142400_20hz,data/staging/20260731_rebuild01/cleaned_csv/standing_20260714_142400_20hz.csv,60,89,legacy_folder,legacy,True,,,3.0,4.5,,,,
1343,train,1,standing,standing,standing__standing_20260714_142417_20hz,data/staging/20260731_rebuild01/cleaned_csv/standing_20260714_142417_20hz.csv,0,29,legacy_folder,legacy,True,,,0.0,1.5,,,,
1344,train,1,standing,standing,standing__standing_20260714_142417_20hz,data/staging/20260731_rebuild01/cleaned_csv/standing_20260714_142417_20hz.csv,15,44,legacy_folder,legacy,True,,,0.75,2.25,,,,
1345,train,1,standing,standing,standing__standing_20260714_142417_20hz,data/staging/20260731_rebuild01/cleaned_csv/standing_20260714_142417_20hz.csv,30,59,legacy_folder,legacy,True,,,1.5,3.0,,,,
1346,train,1,standing,standing,standing__standing_20260714_142417_20hz,data/staging/20260731_rebuild01/cleaned_csv/standing_20260714_142417_20hz.csv,45,74,legacy_folder,legacy,True,,,2.25,3.75,,,,
1347,train,1,standing,standing,standing__standing_20260714_142417_20hz,data/staging/20260731_rebuild01/cleaned_csv/standing_20260714_142417_20hz.csv,60,89,legacy_folder,legacy,True,,,3.0,4.5,,,,
1348,train,1,standing,standing,standing__standing_20260714_142458_20hz,data/staging/20260731_rebuild01/cleaned_csv/standing_20260714_142458_20hz.csv,0,29,legacy_folder,legacy,True,,,0.0,1.5,,,,
1349,train,1,standing,standing,standing__standing_20260714_142458_20hz,data/staging/20260731_rebuild01/cleaned_csv/standing_20260714_142458_20hz.csv,15,44,legacy_folder,legacy,True,,,0.75,2.25,,,,
1350,train,1,standing,standing,standing__standing_20260714_142458_20hz,data/staging/20260731_rebuild01/cleaned_csv/standing_20260714_142458_20hz.csv,30,59,legacy_folder,legacy,True,,,1.5,3.0,,,,
1351,train,1,standing,standing,standing__standing_20260714_142458_20hz,data/staging/20260731_rebuild01/cleaned_csv/standing_20260714_142458_20hz.csv,45,74,legacy_folder,legacy,True,,,2.25,3.75,,,,
1352,train,1,standing,standing,standing__standing_20260714_142458_20hz,data/staging/20260731_rebuild01/cleaned_csv/standing_20260714_142458_20hz.csv,60,89,legacy_folder,legacy,True,,,3.0,4.5,,,,
1353,train,1,standing,standing,standing__standing_20260714_142507_20hz,data/staging/20260731_rebuild01/cleaned_csv/standing_20260714_142507_20hz.csv,0,29,legacy_folder,legacy,True,,,0.0,1.5,,,,
1354,train,1,standing,standing,standing__standing_20260714_142507_20hz,data/staging/20260731_rebuild01/cleaned_csv/standing_20260714_142507_20hz.csv,15,44,legacy_folder,legacy,True,,,0.75,2.25,,,,
1355,train,1,standing,standing,standing__standing_20260714_142507_20hz,data/staging/20260731_rebuild01/cleaned_csv/standing_20260714_142507_20hz.csv,30,59,legacy_folder,legacy,True,,,1.5,3.0,,,,
1356,train,1,standing,standing,standing__standing_20260714_142507_20hz,data/staging/20260731_rebuild01/cleaned_csv/standing_20260714_142507_20hz.csv,45,74,legacy_folder,legacy,True,,,2.25,3.75,,,,
1357,train,1,standing,standing,standing__standing_20260714_142507_20hz,data/staging/20260731_rebuild01/cleaned_csv/standing_20260714_142507_20hz.csv,60,89,legacy_folder,legacy,True,,,3.0,4.5,,,,
1358,train,1,standing,standing,standing__standing_20260714_142517_20hz,data/staging/20260731_rebuild01/cleaned_csv/standing_20260714_142517_20hz.csv,0,29,legacy_folder,legacy,True,,,0.0,1.5,,,,
1359,train,1,standing,standing,standing__standing_20260714_142517_20hz,data/staging/20260731_rebuild01/cleaned_csv/standing_20260714_142517_20hz.csv,15,44,legacy_folder,legacy,True,,,0.75,2.25,,,,
1360,train,1,standing,standing,standing__standing_20260714_142517_20hz,data/staging/20260731_rebuild01/cleaned_csv/standing_20260714_142517_20hz.csv,30,59,legacy_folder,legacy,True,,,1.5,3.0,,,,
1361,train,1,standing,standing,standing__standing_20260714_142517_20hz,data/staging/20260731_rebuild01/cleaned_csv/standing_20260714_142517_20hz.csv,45,74,legacy_folder,legacy,True,,,2.25,3.75,,,,
1362,train,1,standing,standing,standing__standing_20260714_142517_20hz,data/staging/20260731_rebuild01/cleaned_csv/standing_20260714_142517_20hz.csv,60,89,legacy_folder,legacy,True,,,3.0,4.5,,,,
1373,train,1,standing,standing,standing__standing_20260714_142605_20hz,data/staging/20260731_rebuild01/cleaned_csv/standing_20260714_142605_20hz.csv,0,29,legacy_folder,legacy,True,,,0.0,1.5,,,,
1374,train,1,standing,standing,standing__standing_20260714_142605_20hz,data/staging/20260731_rebuild01/cleaned_csv/standing_20260714_142605_20hz.csv,15,44,legacy_folder,legacy,True,,,0.75,2.25,,,,
1375,train,1,standing,standing,standing__standing_20260714_142605_20hz,data/staging/20260731_rebuild01/cleaned_csv/standing_20260714_142605_20hz.csv,30,59,legacy_folder,legacy,True,,,1.5,3.0,,,,
1376,train,1,standing,standing,standing__standing_20260714_142605_20hz,data/staging/20260731_rebuild01/cleaned_csv/standing_20260714_142605_20hz.csv,45,74,legacy_folder,legacy,True,,,2.25,3.75,,,,
1377,train,1,standing,standing,standing__standing_20260714_142605_20hz,data/staging/20260731_rebuild01/cleaned_csv/standing_20260714_142605_20hz.csv,60,89,legacy_folder,legacy,True,,,3.0,4.5,,,,
1383,train,1,standing,standing,standing__standing_20260714_142636_20hz,data/staging/20260731_rebuild01/cleaned_csv/standing_20260714_142636_20hz.csv,0,29,legacy_folder,legacy,True,,,0.0,1.5,,,,
1384,train,1,standing,standing,standing__standing_20260714_142636_20hz,data/staging/20260731_rebuild01/cleaned_csv/standing_20260714_142636_20hz.csv,15,44,legacy_folder,legacy,True,,,0.75,2.25,,,,
1385,train,1,standing,standing,standing__standing_20260714_142636_20hz,data/staging/20260731_rebuild01/cleaned_csv/standing_20260714_142636_20hz.csv,30,59,legacy_folder,legacy,True,,,1.5,3.0,,,,
1386,train,1,standing,standing,standing__standing_20260714_142636_20hz,data/staging/20260731_rebuild01/cleaned_csv/standing_20260714_142636_20hz.csv,45,74,legacy_folder,legacy,True,,,2.25,3.75,,,,
1387,train,1,standing,standing,standing__standing_20260714_142636_20hz,data/staging/20260731_rebuild01/cleaned_csv/standing_20260714_142636_20hz.csv,60,89,legacy_folder,legacy,True,,,3.0,4.5,,,,
1398,train,1,standing,standing,standing__standing_20260716_132406_20hz,data/staging/20260731_rebuild01/cleaned_csv/standing_20260716_132406_20hz.csv,0,29,legacy_folder,legacy,True,,,0.0,1.5,,,,
1399,train,1,standing,standing,standing__standing_20260716_132406_20hz,data/staging/20260731_rebuild01/cleaned_csv/standing_20260716_132406_20hz.csv,15,44,legacy_folder,legacy,True,,,0.75,2.25,,,,
1400,train,1,standing,standing,standing__standing_20260716_132406_20hz,data/staging/20260731_rebuild01/cleaned_csv/standing_20260716_132406_20hz.csv,30,59,legacy_folder,legacy,True,,,1.5,3.0,,,,
1401,train,1,standing,standing,standing__standing_20260716_132406_20hz,data/staging/20260731_rebuild01/cleaned_csv/standing_20260716_132406_20hz.csv,45,74,legacy_folder,legacy,True,,,2.25,3.75,,,,
1402,train,1,standing,standing,standing__standing_20260716_132406_20hz,data/staging/20260731_rebuild01/cleaned_csv/standing_20260716_132406_20hz.csv,60,89,legacy_folder,legacy,True,,,3.0,4.5,,,,
1413,train,1,standing,standing,standing__standing_20260716_132530_20hz,data/staging/20260731_rebuild01/cleaned_csv/standing_20260716_132530_20hz.csv,0,29,legacy_folder,legacy,True,,,0.0,1.5,,,,
1414,train,1,standing,standing,standing__standing_20260716_132530_20hz,data/staging/20260731_rebuild01/cleaned_csv/standing_20260716_132530_20hz.csv,15,44,legacy_folder,legacy,True,,,0.75,2.25,,,,
1415,train,1,standing,standing,standing__standing_20260716_132530_20hz,data/staging/20260731_rebuild01/cleaned_csv/standing_20260716_132530_20hz.csv,30,59,legacy_folder,legacy,True,,,1.5,3.0,,,,
1416,train,1,standing,standing,standing__standing_20260716_132530_20hz,data/staging/20260731_rebuild01/cleaned_csv/standing_20260716_132530_20hz.csv,45,74,legacy_folder,legacy,True,,,2.25,3.75,,,,
1417,train,1,standing,standing,standing__standing_20260716_132530_20hz,data/staging/20260731_rebuild01/cleaned_csv/standing_20260716_132530_20hz.csv,60,89,legacy_folder,legacy,True,,,3.0,4.5,,,,
1418,train,1,standing,standing,standing__standing_20260716_132548_20hz,data/staging/20260731_rebuild01/cleaned_csv/standing_20260716_132548_20hz.csv,0,29,legacy_folder,legacy,True,,,0.0,1.5,,,,
1419,train,1,standing,standing,standing__standing_20260716_132548_20hz,data/staging/20260731_rebuild01/cleaned_csv/standing_20260716_132548_20hz.csv,15,44,legacy_folder,legacy,True,,,0.75,2.25,,,,
1420,train,1,standing,standing,standing__standing_20260716_132548_20hz,data/staging/20260731_rebuild01/cleaned_csv/standing_20260716_132548_20hz.csv,30,59,legacy_folder,legacy,True,,,1.5,3.0,,,,
1421,train,1,standing,standing,standing__standing_20260716_132548_20hz,data/staging/20260731_rebuild01/cleaned_csv/standing_20260716_132548_20hz.csv,45,74,legacy_folder,legacy,True,,,2.25,3.75,,,,
1422,train,1,standing,standing,standing__standing_20260716_132548_20hz,data/staging/20260731_rebuild01/cleaned_csv/standing_20260716_132548_20hz.csv,60,89,legacy_folder,legacy,True,,,3.0,4.5,,,,
1428,train,1,standing,standing,standing__standing_20260716_132622_20hz,data/staging/20260731_rebuild01/cleaned_csv/standing_20260716_132622_20hz.csv,0,29,legacy_folder,legacy,True,,,0.0,1.5,,,,
1429,train,1,standing,standing,standing__standing_20260716_132622_20hz,data/staging/20260731_rebuild01/cleaned_csv/standing_20260716_132622_20hz.csv,15,44,legacy_folder,legacy,True,,,0.75,2.25,,,,
1430,train,1,standing,standing,standing__standing_20260716_132622_20hz,data/staging/20260731_rebuild01/cleaned_csv/standing_20260716_132622_20hz.csv,30,59,legacy_folder,legacy,True,,,1.5,3.0,,,,
1431,train,1,standing,standing,standing__standing_20260716_132622_20hz,data/staging/20260731_rebuild01/cleaned_csv/standing_20260716_132622_20hz.csv,45,74,legacy_folder,legacy,True,,,2.25,3.75,,,,
1432,train,1,standing,standing,standing__standing_20260716_132622_20hz,data/staging/20260731_rebuild01/cleaned_csv/standing_20260716_132622_20hz.csv,60,89,legacy_folder,legacy,True,,,3.0,4.5,,,,
1433,train,1,standing,standing,standing__standing_20260716_132638_20hz,data/staging/20260731_rebuild01/cleaned_csv/standing_20260716_132638_20hz.csv,0,29,legacy_folder,legacy,True,,,0.0,1.5,,,,
1434,train,1,standing,standing,standing__standing_20260716_132638_20hz,data/staging/20260731_rebuild01/cleaned_csv/standing_20260716_132638_20hz.csv,15,44,legacy_folder,legacy,True,,,0.75,2.25,,,,
1435,train,1,standing,standing,standing__standing_20260716_132638_20hz,data/staging/20260731_rebuild01/cleaned_csv/standing_20260716_132638_20hz.csv,30,59,legacy_folder,legacy,True,,,1.5,3.0,,,,
1436,train,1,standing,standing,standing__standing_20260716_132638_20hz,data/staging/20260731_rebuild01/cleaned_csv/standing_20260716_132638_20hz.csv,45,74,legacy_folder,legacy,True,,,2.25,3.75,,,,
1437,train,1,standing,standing,standing__standing_20260716_132638_20hz,data/staging/20260731_rebuild01/cleaned_csv/standing_20260716_132638_20hz.csv,60,89,legacy_folder,legacy,True,,,3.0,4.5,,,,
1438,train,1,standing,standing,standing__standing_20260716_132658_20hz,data/staging/20260731_rebuild01/cleaned_csv/standing_20260716_132658_20hz.csv,0,29,legacy_folder,legacy,True,,,0.0,1.5,,,,
1439,train,1,standing,standing,standing__standing_20260716_132658_20hz,data/staging/20260731_rebuild01/cleaned_csv/standing_20260716_132658_20hz.csv,15,44,legacy_folder,legacy,True,,,0.75,2.25,,,,
1440,train,1,standing,standing,standing__standing_20260716_132658_20hz,data/staging/20260731_rebuild01/cleaned_csv/standing_20260716_132658_20hz.csv,30,59,legacy_folder,legacy,True,,,1.5,3.0,,,,
1441,train,1,standing,standing,standing__standing_20260716_132658_20hz,data/staging/20260731_rebuild01/cleaned_csv/standing_20260716_132658_20hz.csv,45,74,legacy_folder,legacy,True,,,2.25,3.75,,,,
1442,train,1,standing,standing,standing__standing_20260716_132658_20hz,data/staging/20260731_rebuild01/cleaned_csv/standing_20260716_132658_20hz.csv,60,89,legacy_folder,legacy,True,,,3.0,4.5,,,,
1443,train,1,standing,standing,standing__standing_20260716_132713_20hz,data/staging/20260731_rebuild01/cleaned_csv/standing_20260716_132713_20hz.csv,0,29,legacy_folder,legacy,True,,,0.0,1.5,,,,
1444,train,1,standing,standing,standing__standing_20260716_132713_20hz,data/staging/20260731_rebuild01/cleaned_csv/standing_20260716_132713_20hz.csv,15,44,legacy_folder,legacy,True,,,0.75,2.25,,,,
1445,train,1,standing,standing,standing__standing_20260716_132713_20hz,data/staging/20260731_rebuild01/cleaned_csv/standing_20260716_132713_20hz.csv,30,59,legacy_folder,legacy,True,,,1.5,3.0,,,,
1446,train,1,standing,standing,standing__standing_20260716_132713_20hz,data/staging/20260731_rebuild01/cleaned_csv/standing_20260716_132713_20hz.csv,45,74,legacy_folder,legacy,True,,,2.25,3.75,,,,
1447,train,1,standing,standing,standing__standing_20260716_132713_20hz,data/staging/20260731_rebuild01/cleaned_csv/standing_20260716_132713_20hz.csv,60,89,legacy_folder,legacy,True,,,3.0,4.5,,,,
1453,train,1,standing,standing,standing__standing_20260716_132752_20hz,data/staging/20260731_rebuild01/cleaned_csv/standing_20260716_132752_20hz.csv,0,29,legacy_folder,legacy,True,,,0.0,1.5,,,,
1454,train,1,standing,standing,standing__standing_20260716_132752_20hz,data/staging/20260731_rebuild01/cleaned_csv/standing_20260716_132752_20hz.csv,15,44,legacy_folder,legacy,True,,,0.75,2.25,,,,
1455,train,1,standing,standing,standing__standing_20260716_132752_20hz,data/staging/20260731_rebuild01/cleaned_csv/standing_20260716_132752_20hz.csv,30,59,legacy_folder,legacy,True,,,1.5,3.0,,,,
1456,train,1,standing,standing,standing__standing_20260716_132752_20hz,data/staging/20260731_rebuild01/cleaned_csv/standing_20260716_132752_20hz.csv,45,74,legacy_folder,legacy,True,,,2.25,3.75,,,,
1457,train,1,standing,standing,standing__standing_20260716_132752_20hz,data/staging/20260731_rebuild01/cleaned_csv/standing_20260716_132752_20hz.csv,60,89,legacy_folder,legacy,True,,,3.0,4.5,,,,
1458,train,1,standing,standing,standing__standing_20260716_132808_20hz,data/staging/20260731_rebuild01/cleaned_csv/standing_20260716_132808_20hz.csv,0,29,legacy_folder,legacy,True,,,0.0,1.5,,,,
1459,train,1,standing,standing,standing__standing_20260716_132808_20hz,data/staging/20260731_rebuild01/cleaned_csv/standing_20260716_132808_20hz.csv,15,44,legacy_folder,legacy,True,,,0.75,2.25,,,,
1460,train,1,standing,standing,standing__standing_20260716_132808_20hz,data/staging/20260731_rebuild01/cleaned_csv/standing_20260716_132808_20hz.csv,30,59,legacy_folder,legacy,True,,,1.5,3.0,,,,
1461,train,1,standing,standing,standing__standing_20260716_132808_20hz,data/staging/20260731_rebuild01/cleaned_csv/standing_20260716_132808_20hz.csv,45,74,legacy_folder,legacy,True,,,2.25,3.75,,,,
1462,train,1,standing,standing,standing__standing_20260716_132808_20hz,data/staging/20260731_rebuild01/cleaned_csv/standing_20260716_132808_20hz.csv,60,89,legacy_folder,legacy,True,,,3.0,4.5,,,,
1463,train,1,standing,standing,standing__standing_20260716_132822_20hz,data/staging/20260731_rebuild01/cleaned_csv/standing_20260716_132822_20hz.csv,0,29,legacy_folder,legacy,True,,,0.0,1.5,,,,
1464,train,1,standing,standing,standing__standing_20260716_132822_20hz,data/staging/20260731_rebuild01/cleaned_csv/standing_20260716_132822_20hz.csv,15,44,legacy_folder,legacy,True,,,0.75,2.25,,,,
1465,train,1,standing,standing,standing__standing_20260716_132822_20hz,data/staging/20260731_rebuild01/cleaned_csv/standing_20260716_132822_20hz.csv,30,59,legacy_folder,legacy,True,,,1.5,3.0,,,,
1466,train,1,standing,standing,standing__standing_20260716_132822_20hz,data/staging/20260731_rebuild01/cleaned_csv/standing_20260716_132822_20hz.csv,45,74,legacy_folder,legacy,True,,,2.25,3.75,,,,
1467,train,1,standing,standing,standing__standing_20260716_132822_20hz,data/staging/20260731_rebuild01/cleaned_csv/standing_20260716_132822_20hz.csv,60,89,legacy_folder,legacy,True,,,3.0,4.5,,,,
1473,train,1,standing,standing,standing__standing_20260716_132855_20hz,data/staging/20260731_rebuild01/cleaned_csv/standing_20260716_132855_20hz.csv,0,29,legacy_folder,legacy,True,,,0.0,1.5,,,,
1474,train,1,standing,standing,standing__standing_20260716_132855_20hz,data/staging/20260731_rebuild01/cleaned_csv/standing_20260716_132855_20hz.csv,15,44,legacy_folder,legacy,True,,,0.75,2.25,,,,
1475,train,1,standing,standing,standing__standing_20260716_132855_20hz,data/staging/20260731_rebuild01/cleaned_csv/standing_20260716_132855_20hz.csv,30,59,legacy_folder,legacy,True,,,1.5,3.0,,,,
1476,train,1,standing,standing,standing__standing_20260716_132855_20hz,data/staging/20260731_rebuild01/cleaned_csv/standing_20260716_132855_20hz.csv,45,74,legacy_folder,legacy,True,,,2.25,3.75,,,,
1477,train,1,standing,standing,standing__standing_20260716_132855_20hz,data/staging/20260731_rebuild01/cleaned_csv/standing_20260716_132855_20hz.csv,60,89,legacy_folder,legacy,True,,,3.0,4.5,,,,
1478,train,1,standing,standing,standing__standing_20260716_132939_20hz,data/staging/20260731_rebuild01/cleaned_csv/standing_20260716_132939_20hz.csv,0,29,legacy_folder,legacy,True,,,0.0,1.5,,,,
1479,train,1,standing,standing,standing__standing_20260716_132939_20hz,data/staging/20260731_rebuild01/cleaned_csv/standing_20260716_132939_20hz.csv,15,44,legacy_folder,legacy,True,,,0.75,2.25,,,,
1480,train,1,standing,standing,standing__standing_20260716_132939_20hz,data/staging/20260731_rebuild01/cleaned_csv/standing_20260716_132939_20hz.csv,30,59,legacy_folder,legacy,True,,,1.5,3.0,,,,
1481,train,1,standing,standing,standing__standing_20260716_132939_20hz,data/staging/20260731_rebuild01/cleaned_csv/standing_20260716_132939_20hz.csv,45,74,legacy_folder,legacy,True,,,2.25,3.75,,,,
1492,train,1,standing,standing,standing__standing_20260716_133024_20hz,data/staging/20260731_rebuild01/cleaned_csv/standing_20260716_133024_20hz.csv,0,29,legacy_folder,legacy,True,,,0.0,1.5,,,,
1493,train,1,standing,standing,standing__standing_20260716_133024_20hz,data/staging/20260731_rebuild01/cleaned_csv/standing_20260716_133024_20hz.csv,15,44,legacy_folder,legacy,True,,,0.75,2.25,,,,
1494,train,1,standing,standing,standing__standing_20260716_133024_20hz,data/staging/20260731_rebuild01/cleaned_csv/standing_20260716_133024_20hz.csv,30,59,legacy_folder,legacy,True,,,1.5,3.0,,,,
1495,train,1,standing,standing,standing__standing_20260716_133024_20hz,data/staging/20260731_rebuild01/cleaned_csv/standing_20260716_133024_20hz.csv,45,74,legacy_folder,legacy,True,,,2.25,3.75,,,,
1496,train,1,standing,standing,standing__standing_20260716_133024_20hz,data/staging/20260731_rebuild01/cleaned_csv/standing_20260716_133024_20hz.csv,60,89,legacy_folder,legacy,True,,,3.0,4.5,,,,
1497,train,1,standing,standing,standing__standing_20260716_133038_20hz,data/staging/20260731_rebuild01/cleaned_csv/standing_20260716_133038_20hz.csv,0,29,legacy_folder,legacy,True,,,0.0,1.5,,,,
1498,train,1,standing,standing,standing__standing_20260716_133038_20hz,data/staging/20260731_rebuild01/cleaned_csv/standing_20260716_133038_20hz.csv,15,44,legacy_folder,legacy,True,,,0.75,2.25,,,,
1499,train,1,standing,standing,standing__standing_20260716_133038_20hz,data/staging/20260731_rebuild01/cleaned_csv/standing_20260716_133038_20hz.csv,30,59,legacy_folder,legacy,True,,,1.5,3.0,,,,
1500,train,1,standing,standing,standing__standing_20260716_133038_20hz,data/staging/20260731_rebuild01/cleaned_csv/standing_20260716_133038_20hz.csv,45,74,legacy_folder,legacy,True,,,2.25,3.75,,,,
1501,train,1,standing,standing,standing__standing_20260716_133038_20hz,data/staging/20260731_rebuild01/cleaned_csv/standing_20260716_133038_20hz.csv,60,89,legacy_folder,legacy,True,,,3.0,4.5,,,,
1502,train,1,standing,standing,standing__standing_20260716_133059_20hz,data/staging/20260731_rebuild01/cleaned_csv/standing_20260716_133059_20hz.csv,0,29,legacy_folder,legacy,True,,,0.0,1.5,,,,
1503,train,1,standing,standing,standing__standing_20260716_133059_20hz,data/staging/20260731_rebuild01/cleaned_csv/standing_20260716_133059_20hz.csv,15,44,legacy_folder,legacy,True,,,0.75,2.25,,,,
1504,train,1,standing,standing,standing__standing_20260716_133059_20hz,data/staging/20260731_rebuild01/cleaned_csv/standing_20260716_133059_20hz.csv,30,59,legacy_folder,legacy,True,,,1.5,3.0,,,,
1505,train,1,standing,standing,standing__standing_20260716_133059_20hz,data/staging/20260731_rebuild01/cleaned_csv/standing_20260716_133059_20hz.csv,45,74,legacy_folder,legacy,True,,,2.25,3.75,,,,
1506,train,1,standing,standing,standing__standing_20260716_133059_20hz,data/staging/20260731_rebuild01/cleaned_csv/standing_20260716_133059_20hz.csv,60,89,legacy_folder,legacy,True,,,3.0,4.5,,,,
1507,train,1,standing,standing,standing__standing_20260716_133145_20hz,data/staging/20260731_rebuild01/cleaned_csv/standing_20260716_133145_20hz.csv,0,29,legacy_folder,legacy,True,,,0.0,1.5,,,,
1508,train,1,standing,standing,standing__standing_20260716_133145_20hz,data/staging/20260731_rebuild01/cleaned_csv/standing_20260716_133145_20hz.csv,15,44,legacy_folder,legacy,True,,,0.75,2.25,,,,
1509,train,1,standing,standing,standing__standing_20260716_133145_20hz,data/staging/20260731_rebuild01/cleaned_csv/standing_20260716_133145_20hz.csv,30,59,legacy_folder,legacy,True,,,1.5,3.0,,,,
1510,train,1,standing,standing,standing__standing_20260716_133145_20hz,data/staging/20260731_rebuild01/cleaned_csv/standing_20260716_133145_20hz.csv,45,74,legacy_folder,legacy,True,,,2.25,3.75,,,,
1511,train,1,standing,standing,standing__standing_20260716_133145_20hz,data/staging/20260731_rebuild01/cleaned_csv/standing_20260716_133145_20hz.csv,60,89,legacy_folder,legacy,True,,,3.0,4.5,,,,
1512,train,1,standing,standing,standing__standing_20260716_133230_20hz,data/staging/20260731_rebuild01/cleaned_csv/standing_20260716_133230_20hz.csv,0,29,legacy_folder,legacy,True,,,0.0,1.5,,,,
1513,train,1,standing,standing,standing__standing_20260716_133230_20hz,data/staging/20260731_rebuild01/cleaned_csv/standing_20260716_133230_20hz.csv,15,44,legacy_folder,legacy,True,,,0.75,2.25,,,,
1514,train,1,standing,standing,standing__standing_20260716_133230_20hz,data/staging/20260731_rebuild01/cleaned_csv/standing_20260716_133230_20hz.csv,30,59,legacy_folder,legacy,True,,,1.5,3.0,,,,
1515,train,1,standing,standing,standing__standing_20260716_133230_20hz,data/staging/20260731_rebuild01/cleaned_csv/standing_20260716_133230_20hz.csv,45,74,legacy_folder,legacy,True,,,2.25,3.75,,,,
1516,train,1,standing,standing,standing__standing_20260716_133230_20hz,data/staging/20260731_rebuild01/cleaned_csv/standing_20260716_133230_20hz.csv,60,89,legacy_folder,legacy,True,,,3.0,4.5,,,,
1522,train,1,standing,standing,standing__standing_20260716_133300_20hz,data/staging/20260731_rebuild01/cleaned_csv/standing_20260716_133300_20hz.csv,0,29,legacy_folder,legacy,True,,,0.0,1.5,,,,
1523,train,1,standing,standing,standing__standing_20260716_133300_20hz,data/staging/20260731_rebuild01/cleaned_csv/standing_20260716_133300_20hz.csv,15,44,legacy_folder,legacy,True,,,0.75,2.25,,,,
1524,train,1,standing,standing,standing__standing_20260716_133300_20hz,data/staging/20260731_rebuild01/cleaned_csv/standing_20260716_133300_20hz.csv,30,59,legacy_folder,legacy,True,,,1.5,3.0,,,,
1525,train,1,standing,standing,standing__standing_20260716_133300_20hz,data/staging/20260731_rebuild01/cleaned_csv/standing_20260716_133300_20hz.csv,45,74,legacy_folder,legacy,True,,,2.25,3.75,,,,
1526,train,1,standing,standing,standing__standing_20260716_133300_20hz,data/staging/20260731_rebuild01/cleaned_csv/standing_20260716_133300_20hz.csv,60,89,legacy_folder,legacy,True,,,3.0,4.5,,,,
1527,train,1,standing,standing,standing__standing_20260716_133314_20hz,data/staging/20260731_rebuild01/cleaned_csv/standing_20260716_133314_20hz.csv,0,29,legacy_folder,legacy,True,,,0.0,1.5,,,,
1528,train,1,standing,standing,standing__standing_20260716_133314_20hz,data/staging/20260731_rebuild01/cleaned_csv/standing_20260716_133314_20hz.csv,15,44,legacy_folder,legacy,True,,,0.75,2.25,,,,
1529,train,1,standing,standing,standing__standing_20260716_133314_20hz,data/staging/20260731_rebuild01/cleaned_csv/standing_20260716_133314_20hz.csv,30,59,legacy_folder,legacy,True,,,1.5,3.0,,,,
1530,train,1,standing,standing,standing__standing_20260716_133314_20hz,data/staging/20260731_rebuild01/cleaned_csv/standing_20260716_133314_20hz.csv,45,74,legacy_folder,legacy,True,,,2.25,3.75,,,,
1531,train,1,standing,standing,standing__standing_20260716_133314_20hz,data/staging/20260731_rebuild01/cleaned_csv/standing_20260716_133314_20hz.csv,60,89,legacy_folder,legacy,True,,,3.0,4.5,,,,
1537,train,1,standing,standing,standing__standing_20260716_133356_20hz,data/staging/20260731_rebuild01/cleaned_csv/standing_20260716_133356_20hz.csv,0,29,legacy_folder,legacy,True,,,0.0,1.5,,,,
1538,train,1,standing,standing,standing__standing_20260716_133356_20hz,data/staging/20260731_rebuild01/cleaned_csv/standing_20260716_133356_20hz.csv,15,44,legacy_folder,legacy,True,,,0.75,2.25,,,,
1539,train,1,standing,standing,standing__standing_20260716_133356_20hz,data/staging/20260731_rebuild01/cleaned_csv/standing_20260716_133356_20hz.csv,30,59,legacy_folder,legacy,True,,,1.5,3.0,,,,
1540,train,1,standing,standing,standing__standing_20260716_133356_20hz,data/staging/20260731_rebuild01/cleaned_csv/standing_20260716_133356_20hz.csv,45,74,legacy_folder,legacy,True,,,2.25,3.75,,,,
1541,train,1,standing,standing,standing__standing_20260716_133356_20hz,data/staging/20260731_rebuild01/cleaned_csv/standing_20260716_133356_20hz.csv,60,89,legacy_folder,legacy,True,,,3.0,4.5,,,,
1542,train,1,standing,standing,standing__standing_20260716_133409_20hz,data/staging/20260731_rebuild01/cleaned_csv/standing_20260716_133409_20hz.csv,0,29,legacy_folder,legacy,True,,,0.0,1.5,,,,
1543,train,1,standing,standing,standing__standing_20260716_133409_20hz,data/staging/20260731_rebuild01/cleaned_csv/standing_20260716_133409_20hz.csv,15,44,legacy_folder,legacy,True,,,0.75,2.25,,,,
1544,train,1,standing,standing,standing__standing_20260716_133409_20hz,data/staging/20260731_rebuild01/cleaned_csv/standing_20260716_133409_20hz.csv,30,59,legacy_folder,legacy,True,,,1.5,3.0,,,,
1545,train,1,standing,standing,standing__standing_20260716_133409_20hz,data/staging/20260731_rebuild01/cleaned_csv/standing_20260716_133409_20hz.csv,45,74,legacy_folder,legacy,True,,,2.25,3.75,,,,
1546,train,1,standing,standing,standing__standing_20260716_133409_20hz,data/staging/20260731_rebuild01/cleaned_csv/standing_20260716_133409_20hz.csv,60,89,legacy_folder,legacy,True,,,3.0,4.5,,,,
1547,train,1,standing,standing,standing__standing_20260716_133528_20hz,data/staging/20260731_rebuild01/cleaned_csv/standing_20260716_133528_20hz.csv,0,29,legacy_folder,legacy,True,,,0.0,1.5,,,,
1548,train,1,standing,standing,standing__standing_20260716_133528_20hz,data/staging/20260731_rebuild01/cleaned_csv/standing_20260716_133528_20hz.csv,15,44,legacy_folder,legacy,True,,,0.75,2.25,,,,
1549,train,1,standing,standing,standing__standing_20260716_133528_20hz,data/staging/20260731_rebuild01/cleaned_csv/standing_20260716_133528_20hz.csv,30,59,legacy_folder,legacy,True,,,1.5,3.0,,,,
1550,train,1,standing,standing,standing__standing_20260716_133528_20hz,data/staging/20260731_rebuild01/cleaned_csv/standing_20260716_133528_20hz.csv,45,74,legacy_folder,legacy,True,,,2.25,3.75,,,,
1551,train,1,standing,standing,standing__standing_20260716_133528_20hz,data/staging/20260731_rebuild01/cleaned_csv/standing_20260716_133528_20hz.csv,60,89,legacy_folder,legacy,True,,,3.0,4.5,,,,
1552,train,1,standing,standing,standing__standing_20260716_133547_20hz,data/staging/20260731_rebuild01/cleaned_csv/standing_20260716_133547_20hz.csv,0,29,legacy_folder,legacy,True,,,0.0,1.5,,,,
1553,train,1,standing,standing,standing__standing_20260716_133547_20hz,data/staging/20260731_rebuild01/cleaned_csv/standing_20260716_133547_20hz.csv,15,44,legacy_folder,legacy,True,,,0.75,2.25,,,,
1554,train,1,standing,standing,standing__standing_20260716_133547_20hz,data/staging/20260731_rebuild01/cleaned_csv/standing_20260716_133547_20hz.csv,30,59,legacy_folder,legacy,True,,,1.5,3.0,,,,
1555,train,1,standing,standing,standing__standing_20260716_133547_20hz,data/staging/20260731_rebuild01/cleaned_csv/standing_20260716_133547_20hz.csv,45,74,legacy_folder,legacy,True,,,2.25,3.75,,,,
1556,train,1,standing,standing,standing__standing_20260716_133547_20hz,data/staging/20260731_rebuild01/cleaned_csv/standing_20260716_133547_20hz.csv,60,89,legacy_folder,legacy,True,,,3.0,4.5,,,,
1562,train,1,standing,standing,standing__standing_20260717_145758_20hz,data/staging/20260731_rebuild01/cleaned_csv/standing_20260717_145758_20hz.csv,0,29,legacy_folder,legacy,True,,,0.0,1.5,,,,
1563,train,1,standing,standing,standing__standing_20260717_145758_20hz,data/staging/20260731_rebuild01/cleaned_csv/standing_20260717_145758_20hz.csv,15,44,legacy_folder,legacy,True,,,0.75,2.25,,,,
1564,train,1,standing,standing,standing__standing_20260717_145758_20hz,data/staging/20260731_rebuild01/cleaned_csv/standing_20260717_145758_20hz.csv,30,59,legacy_folder,legacy,True,,,1.5,3.0,,,,
1565,train,1,standing,standing,standing__standing_20260717_145758_20hz,data/staging/20260731_rebuild01/cleaned_csv/standing_20260717_145758_20hz.csv,45,74,legacy_folder,legacy,True,,,2.25,3.75,,,,
1566,train,1,standing,standing,standing__standing_20260717_145758_20hz,data/staging/20260731_rebuild01/cleaned_csv/standing_20260717_145758_20hz.csv,60,89,legacy_folder,legacy,True,,,3.0,4.5,,,,
1571,train,1,standing,standing,standing__standing_20260717_145826_20hz,data/staging/20260731_rebuild01/cleaned_csv/standing_20260717_145826_20hz.csv,0,29,legacy_folder,legacy,True,,,0.0,1.5,,,,
1572,train,1,standing,standing,standing__standing_20260717_145826_20hz,data/staging/20260731_rebuild01/cleaned_csv/standing_20260717_145826_20hz.csv,15,44,legacy_folder,legacy,True,,,0.75,2.25,,,,
1573,train,1,standing,standing,standing__standing_20260717_145826_20hz,data/staging/20260731_rebuild01/cleaned_csv/standing_20260717_145826_20hz.csv,30,59,legacy_folder,legacy,True,,,1.5,3.0,,,,
1574,train,1,standing,standing,standing__standing_20260717_145826_20hz,data/staging/20260731_rebuild01/cleaned_csv/standing_20260717_145826_20hz.csv,45,74,legacy_folder,legacy,True,,,2.25,3.75,,,,
1575,train,1,standing,standing,standing__standing_20260717_145826_20hz,data/staging/20260731_rebuild01/cleaned_csv/standing_20260717_145826_20hz.csv,60,89,legacy_folder,legacy,True,,,3.0,4.5,,,,
1576,train,1,standing,standing,standing__standing_20260717_145842_20hz,data/staging/20260731_rebuild01/cleaned_csv/standing_20260717_145842_20hz.csv,0,29,legacy_folder,legacy,True,,,0.0,1.5,,,,
1577,train,1,standing,standing,standing__standing_20260717_145842_20hz,data/staging/20260731_rebuild01/cleaned_csv/standing_20260717_145842_20hz.csv,15,44,legacy_folder,legacy,True,,,0.75,2.25,,,,
1578,train,1,standing,standing,standing__standing_20260717_145842_20hz,data/staging/20260731_rebuild01/cleaned_csv/standing_20260717_145842_20hz.csv,30,59,legacy_folder,legacy,True,,,1.5,3.0,,,,
1579,train,1,standing,standing,standing__standing_20260717_145842_20hz,data/staging/20260731_rebuild01/cleaned_csv/standing_20260717_145842_20hz.csv,45,74,legacy_folder,legacy,True,,,2.25,3.75,,,,
1580,train,1,standing,standing,standing__standing_20260717_145842_20hz,data/staging/20260731_rebuild01/cleaned_csv/standing_20260717_145842_20hz.csv,60,89,legacy_folder,legacy,True,,,3.0,4.5,,,,
1581,train,1,standing,standing,standing__standing_20260717_145855_20hz,data/staging/20260731_rebuild01/cleaned_csv/standing_20260717_145855_20hz.csv,0,29,legacy_folder,legacy,True,,,0.0,1.5,,,,
1582,train,1,standing,standing,standing__standing_20260717_145855_20hz,data/staging/20260731_rebuild01/cleaned_csv/standing_20260717_145855_20hz.csv,15,44,legacy_folder,legacy,True,,,0.75,2.25,,,,
1583,train,1,standing,standing,standing__standing_20260717_145855_20hz,data/staging/20260731_rebuild01/cleaned_csv/standing_20260717_145855_20hz.csv,30,59,legacy_folder,legacy,True,,,1.5,3.0,,,,
1584,train,1,standing,standing,standing__standing_20260717_145855_20hz,data/staging/20260731_rebuild01/cleaned_csv/standing_20260717_145855_20hz.csv,45,74,legacy_folder,legacy,True,,,2.25,3.75,,,,
1585,train,1,standing,standing,standing__standing_20260717_145855_20hz,data/staging/20260731_rebuild01/cleaned_csv/standing_20260717_145855_20hz.csv,60,89,legacy_folder,legacy,True,,,3.0,4.5,,,,
1586,train,1,standing,standing,standing__standing_20260717_145919_20hz,data/staging/20260731_rebuild01/cleaned_csv/standing_20260717_145919_20hz.csv,0,29,legacy_folder,legacy,True,,,0.0,1.5,,,,
1587,train,1,standing,standing,standing__standing_20260717_145919_20hz,data/staging/20260731_rebuild01/cleaned_csv/standing_20260717_145919_20hz.csv,15,44,legacy_folder,legacy,True,,,0.75,2.25,,,,
1588,train,1,standing,standing,standing__standing_20260717_145919_20hz,data/staging/20260731_rebuild01/cleaned_csv/standing_20260717_145919_20hz.csv,30,59,legacy_folder,legacy,True,,,1.5,3.0,,,,
1589,train,1,standing,standing,standing__standing_20260717_145919_20hz,data/staging/20260731_rebuild01/cleaned_csv/standing_20260717_145919_20hz.csv,45,74,legacy_folder,legacy,True,,,2.25,3.75,,,,
1590,train,1,standing,standing,standing__standing_20260717_145919_20hz,data/staging/20260731_rebuild01/cleaned_csv/standing_20260717_145919_20hz.csv,60,89,legacy_folder,legacy,True,,,3.0,4.5,,,,
1591,train,1,standing,standing,standing__standing_20260717_145931_20hz,data/staging/20260731_rebuild01/cleaned_csv/standing_20260717_145931_20hz.csv,0,29,legacy_folder,legacy,True,,,0.0,1.5,,,,
1592,train,1,standing,standing,standing__standing_20260717_145931_20hz,data/staging/20260731_rebuild01/cleaned_csv/standing_20260717_145931_20hz.csv,15,44,legacy_folder,legacy,True,,,0.75,2.25,,,,
1593,train,1,standing,standing,standing__standing_20260717_145931_20hz,data/staging/20260731_rebuild01/cleaned_csv/standing_20260717_145931_20hz.csv,30,59,legacy_folder,legacy,True,,,1.5,3.0,,,,
1594,train,1,standing,standing,standing__standing_20260717_145931_20hz,data/staging/20260731_rebuild01/cleaned_csv/standing_20260717_145931_20hz.csv,45,74,legacy_folder,legacy,True,,,2.25,3.75,,,,
1595,train,1,standing,standing,standing__standing_20260717_145931_20hz,data/staging/20260731_rebuild01/cleaned_csv/standing_20260717_145931_20hz.csv,60,89,legacy_folder,legacy,True,,,3.0,4.5,,,,
1596,train,1,standing,standing,standing__standing_20260717_145943_20hz,data/staging/20260731_rebuild01/cleaned_csv/standing_20260717_145943_20hz.csv,0,29,legacy_folder,legacy,True,,,0.0,1.5,,,,
1597,train,1,standing,standing,standing__standing_20260717_145943_20hz,data/staging/20260731_rebuild01/cleaned_csv/standing_20260717_145943_20hz.csv,15,44,legacy_folder,legacy,True,,,0.75,2.25,,,,
1598,train,1,standing,standing,standing__standing_20260717_145943_20hz,data/staging/20260731_rebuild01/cleaned_csv/standing_20260717_145943_20hz.csv,30,59,legacy_folder,legacy,True,,,1.5,3.0,,,,
1599,train,1,standing,standing,standing__standing_20260717_145943_20hz,data/staging/20260731_rebuild01/cleaned_csv/standing_20260717_145943_20hz.csv,45,74,legacy_folder,legacy,True,,,2.25,3.75,,,,
1600,train,1,standing,standing,standing__standing_20260717_145943_20hz,data/staging/20260731_rebuild01/cleaned_csv/standing_20260717_145943_20hz.csv,60,89,legacy_folder,legacy,True,,,3.0,4.5,,,,
1601,train,1,standing,standing,standing__standing_20260717_145957_20hz,data/staging/20260731_rebuild01/cleaned_csv/standing_20260717_145957_20hz.csv,0,29,legacy_folder,legacy,True,,,0.0,1.5,,,,
1602,train,1,standing,standing,standing__standing_20260717_145957_20hz,data/staging/20260731_rebuild01/cleaned_csv/standing_20260717_145957_20hz.csv,15,44,legacy_folder,legacy,True,,,0.75,2.25,,,,
1603,train,1,standing,standing,standing__standing_20260717_145957_20hz,data/staging/20260731_rebuild01/cleaned_csv/standing_20260717_145957_20hz.csv,30,59,legacy_folder,legacy,True,,,1.5,3.0,,,,
1604,train,1,standing,standing,standing__standing_20260717_145957_20hz,data/staging/20260731_rebuild01/cleaned_csv/standing_20260717_145957_20hz.csv,45,74,legacy_folder,legacy,True,,,2.25,3.75,,,,
1605,train,1,standing,standing,standing__standing_20260717_145957_20hz,data/staging/20260731_rebuild01/cleaned_csv/standing_20260717_145957_20hz.csv,60,89,legacy_folder,legacy,True,,,3.0,4.5,,,,
1606,train,1,standing,standing,standing__standing_20260717_150019_20hz,data/staging/20260731_rebuild01/cleaned_csv/standing_20260717_150019_20hz.csv,0,29,legacy_folder,legacy,True,,,0.0,1.5,,,,
1607,train,1,standing,standing,standing__standing_20260717_150019_20hz,data/staging/20260731_rebuild01/cleaned_csv/standing_20260717_150019_20hz.csv,15,44,legacy_folder,legacy,True,,,0.75,2.25,,,,
1608,train,1,standing,standing,standing__standing_20260717_150019_20hz,data/staging/20260731_rebuild01/cleaned_csv/standing_20260717_150019_20hz.csv,30,59,legacy_folder,legacy,True,,,1.5,3.0,,,,
1609,train,1,standing,standing,standing__standing_20260717_150019_20hz,data/staging/20260731_rebuild01/cleaned_csv/standing_20260717_150019_20hz.csv,45,74,legacy_folder,legacy,True,,,2.25,3.75,,,,
1610,train,1,standing,standing,standing__standing_20260717_150019_20hz,data/staging/20260731_rebuild01/cleaned_csv/standing_20260717_150019_20hz.csv,60,89,legacy_folder,legacy,True,,,3.0,4.5,,,,
1611,train,1,standing,standing,standing__standing_20260717_150034_20hz,data/staging/20260731_rebuild01/cleaned_csv/standing_20260717_150034_20hz.csv,0,29,legacy_folder,legacy,True,,,0.0,1.5,,,,
1612,train,1,standing,standing,standing__standing_20260717_150034_20hz,data/staging/20260731_rebuild01/cleaned_csv/standing_20260717_150034_20hz.csv,15,44,legacy_folder,legacy,True,,,0.75,2.25,,,,
1613,train,1,standing,standing,standing__standing_20260717_150034_20hz,data/staging/20260731_rebuild01/cleaned_csv/standing_20260717_150034_20hz.csv,30,59,legacy_folder,legacy,True,,,1.5,3.0,,,,
1614,train,1,standing,standing,standing__standing_20260717_150034_20hz,data/staging/20260731_rebuild01/cleaned_csv/standing_20260717_150034_20hz.csv,45,74,legacy_folder,legacy,True,,,2.25,3.75,,,,
1615,train,1,standing,standing,standing__standing_20260717_150034_20hz,data/staging/20260731_rebuild01/cleaned_csv/standing_20260717_150034_20hz.csv,60,89,legacy_folder,legacy,True,,,3.0,4.5,,,,
1621,train,1,standing,standing,standing__standing_20260717_150114_20hz,data/staging/20260731_rebuild01/cleaned_csv/standing_20260717_150114_20hz.csv,0,29,legacy_folder,legacy,True,,,0.0,1.5,,,,
1622,train,1,standing,standing,standing__standing_20260717_150114_20hz,data/staging/20260731_rebuild01/cleaned_csv/standing_20260717_150114_20hz.csv,15,44,legacy_folder,legacy,True,,,0.75,2.25,,,,
1623,train,1,standing,standing,standing__standing_20260717_150114_20hz,data/staging/20260731_rebuild01/cleaned_csv/standing_20260717_150114_20hz.csv,30,59,legacy_folder,legacy,True,,,1.5,3.0,,,,
1624,train,1,standing,standing,standing__standing_20260717_150114_20hz,data/staging/20260731_rebuild01/cleaned_csv/standing_20260717_150114_20hz.csv,45,74,legacy_folder,legacy,True,,,2.25,3.75,,,,
1625,train,1,standing,standing,standing__standing_20260717_150114_20hz,data/staging/20260731_rebuild01/cleaned_csv/standing_20260717_150114_20hz.csv,60,89,legacy_folder,legacy,True,,,3.0,4.5,,,,
1631,train,1,standing,standing,standing__standing_20260717_150221_20hz,data/staging/20260731_rebuild01/cleaned_csv/standing_20260717_150221_20hz.csv,0,29,legacy_folder,legacy,True,,,0.0,1.5,,,,
1632,train,1,standing,standing,standing__standing_20260717_150221_20hz,data/staging/20260731_rebuild01/cleaned_csv/standing_20260717_150221_20hz.csv,15,44,legacy_folder,legacy,True,,,0.75,2.25,,,,
1633,train,1,standing,standing,standing__standing_20260717_150221_20hz,data/staging/20260731_rebuild01/cleaned_csv/standing_20260717_150221_20hz.csv,30,59,legacy_folder,legacy,True,,,1.5,3.0,,,,
1634,train,1,standing,standing,standing__standing_20260717_150221_20hz,data/staging/20260731_rebuild01/cleaned_csv/standing_20260717_150221_20hz.csv,45,74,legacy_folder,legacy,True,,,2.25,3.75,,,,
1635,train,1,standing,standing,standing__standing_20260717_150221_20hz,data/staging/20260731_rebuild01/cleaned_csv/standing_20260717_150221_20hz.csv,60,89,legacy_folder,legacy,True,,,3.0,4.5,,,,
1636,train,1,standing,standing,standing__standing_20260717_150241_20hz,data/staging/20260731_rebuild01/cleaned_csv/standing_20260717_150241_20hz.csv,0,29,legacy_folder,legacy,True,,,0.0,1.5,,,,
1637,train,1,standing,standing,standing__standing_20260717_150241_20hz,data/staging/20260731_rebuild01/cleaned_csv/standing_20260717_150241_20hz.csv,15,44,legacy_folder,legacy,True,,,0.75,2.25,,,,
1638,train,1,standing,standing,standing__standing_20260717_150241_20hz,data/staging/20260731_rebuild01/cleaned_csv/standing_20260717_150241_20hz.csv,30,59,legacy_folder,legacy,True,,,1.5,3.0,,,,
1639,train,1,standing,standing,standing__standing_20260717_150241_20hz,data/staging/20260731_rebuild01/cleaned_csv/standing_20260717_150241_20hz.csv,45,74,legacy_folder,legacy,True,,,2.25,3.75,,,,
1640,train,1,standing,standing,standing__standing_20260717_150241_20hz,data/staging/20260731_rebuild01/cleaned_csv/standing_20260717_150241_20hz.csv,60,89,legacy_folder,legacy,True,,,3.0,4.5,,,,
1641,train,1,standing,standing,standing__standing_20260717_150257_20hz,data/staging/20260731_rebuild01/cleaned_csv/standing_20260717_150257_20hz.csv,0,29,legacy_folder,legacy,True,,,0.0,1.5,,,,
1642,train,1,standing,standing,standing__standing_20260717_150257_20hz,data/staging/20260731_rebuild01/cleaned_csv/standing_20260717_150257_20hz.csv,15,44,legacy_folder,legacy,True,,,0.75,2.25,,,,
1643,train,1,standing,standing,standing__standing_20260717_150257_20hz,data/staging/20260731_rebuild01/cleaned_csv/standing_20260717_150257_20hz.csv,30,59,legacy_folder,legacy,True,,,1.5,3.0,,,,
1644,train,1,standing,standing,standing__standing_20260717_150257_20hz,data/staging/20260731_rebuild01/cleaned_csv/standing_20260717_150257_20hz.csv,45,74,legacy_folder,legacy,True,,,2.25,3.75,,,,
1645,train,1,standing,standing,standing__standing_20260717_150257_20hz,data/staging/20260731_rebuild01/cleaned_csv/standing_20260717_150257_20hz.csv,60,89,legacy_folder,legacy,True,,,3.0,4.5,,,,
1646,train,1,standing,standing,standing__standing_20260717_150312_20hz,data/staging/20260731_rebuild01/cleaned_csv/standing_20260717_150312_20hz.csv,0,29,legacy_folder,legacy,True,,,0.0,1.5,,,,
1647,train,1,standing,standing,standing__standing_20260717_150312_20hz,data/staging/20260731_rebuild01/cleaned_csv/standing_20260717_150312_20hz.csv,15,44,legacy_folder,legacy,True,,,0.75,2.25,,,,
1648,train,1,standing,standing,standing__standing_20260717_150312_20hz,data/staging/20260731_rebuild01/cleaned_csv/standing_20260717_150312_20hz.csv,30,59,legacy_folder,legacy,True,,,1.5,3.0,,,,
1649,train,1,standing,standing,standing__standing_20260717_150312_20hz,data/staging/20260731_rebuild01/cleaned_csv/standing_20260717_150312_20hz.csv,45,74,legacy_folder,legacy,True,,,2.25,3.75,,,,
1650,train,1,standing,standing,standing__standing_20260717_150312_20hz,data/staging/20260731_rebuild01/cleaned_csv/standing_20260717_150312_20hz.csv,60,89,legacy_folder,legacy,True,,,3.0,4.5,,,,
1656,train,1,standing,standing,standing__standing_20260717_150533_20hz,data/staging/20260731_rebuild01/cleaned_csv/standing_20260717_150533_20hz.csv,0,29,legacy_folder,legacy,True,,,0.0,1.5,,,,
1657,train,1,standing,standing,standing__standing_20260717_150533_20hz,data/staging/20260731_rebuild01/cleaned_csv/standing_20260717_150533_20hz.csv,15,44,legacy_folder,legacy,True,,,0.75,2.25,,,,
1658,train,1,standing,standing,standing__standing_20260717_150533_20hz,data/staging/20260731_rebuild01/cleaned_csv/standing_20260717_150533_20hz.csv,30,59,legacy_folder,legacy,True,,,1.5,3.0,,,,
1659,train,1,standing,standing,standing__standing_20260717_150533_20hz,data/staging/20260731_rebuild01/cleaned_csv/standing_20260717_150533_20hz.csv,45,74,legacy_folder,legacy,True,,,2.25,3.75,,,,
1660,train,1,standing,standing,standing__standing_20260717_150533_20hz,data/staging/20260731_rebuild01/cleaned_csv/standing_20260717_150533_20hz.csv,60,89,legacy_folder,legacy,True,,,3.0,4.5,,,,
1661,train,1,standing,standing,standing__standing_20260717_150555_20hz,data/staging/20260731_rebuild01/cleaned_csv/standing_20260717_150555_20hz.csv,0,29,legacy_folder,legacy,True,,,0.0,1.5,,,,
1662,train,1,standing,standing,standing__standing_20260717_150555_20hz,data/staging/20260731_rebuild01/cleaned_csv/standing_20260717_150555_20hz.csv,15,44,legacy_folder,legacy,True,,,0.75,2.25,,,,
1663,train,1,standing,standing,standing__standing_20260717_150555_20hz,data/staging/20260731_rebuild01/cleaned_csv/standing_20260717_150555_20hz.csv,30,59,legacy_folder,legacy,True,,,1.5,3.0,,,,
1664,train,1,standing,standing,standing__standing_20260717_150555_20hz,data/staging/20260731_rebuild01/cleaned_csv/standing_20260717_150555_20hz.csv,45,74,legacy_folder,legacy,True,,,2.25,3.75,,,,
1665,train,1,standing,standing,standing__standing_20260717_150555_20hz,data/staging/20260731_rebuild01/cleaned_csv/standing_20260717_150555_20hz.csv,60,89,legacy_folder,legacy,True,,,3.0,4.5,,,,
1666,train,1,standing,standing,standing__standing_20260717_150613_20hz,data/staging/20260731_rebuild01/cleaned_csv/standing_20260717_150613_20hz.csv,0,29,legacy_folder,legacy,True,,,0.0,1.5,,,,
1667,train,1,standing,standing,standing__standing_20260717_150613_20hz,data/staging/20260731_rebuild01/cleaned_csv/standing_20260717_150613_20hz.csv,15,44,legacy_folder,legacy,True,,,0.75,2.25,,,,
1668,train,1,standing,standing,standing__standing_20260717_150613_20hz,data/staging/20260731_rebuild01/cleaned_csv/standing_20260717_150613_20hz.csv,30,59,legacy_folder,legacy,True,,,1.5,3.0,,,,
1669,train,1,standing,standing,standing__standing_20260717_150613_20hz,data/staging/20260731_rebuild01/cleaned_csv/standing_20260717_150613_20hz.csv,45,74,legacy_folder,legacy,True,,,2.25,3.75,,,,
1670,train,1,standing,standing,standing__standing_20260717_150613_20hz,data/staging/20260731_rebuild01/cleaned_csv/standing_20260717_150613_20hz.csv,60,89,legacy_folder,legacy,True,,,3.0,4.5,,,,
1671,train,1,standing,standing,standing__standing_20260717_150628_20hz,data/staging/20260731_rebuild01/cleaned_csv/standing_20260717_150628_20hz.csv,0,29,legacy_folder,legacy,True,,,0.0,1.5,,,,
1672,train,1,standing,standing,standing__standing_20260717_150628_20hz,data/staging/20260731_rebuild01/cleaned_csv/standing_20260717_150628_20hz.csv,15,44,legacy_folder,legacy,True,,,0.75,2.25,,,,
1673,train,1,standing,standing,standing__standing_20260717_150628_20hz,data/staging/20260731_rebuild01/cleaned_csv/standing_20260717_150628_20hz.csv,30,59,legacy_folder,legacy,True,,,1.5,3.0,,,,
1674,train,1,standing,standing,standing__standing_20260717_150628_20hz,data/staging/20260731_rebuild01/cleaned_csv/standing_20260717_150628_20hz.csv,45,74,legacy_folder,legacy,True,,,2.25,3.75,,,,
1675,train,1,standing,standing,standing__standing_20260717_150628_20hz,data/staging/20260731_rebuild01/cleaned_csv/standing_20260717_150628_20hz.csv,60,89,legacy_folder,legacy,True,,,3.0,4.5,,,,
1676,train,1,standing,standing,standing__standing_20260717_150643_20hz,data/staging/20260731_rebuild01/cleaned_csv/standing_20260717_150643_20hz.csv,0,29,legacy_folder,legacy,True,,,0.0,1.5,,,,
1677,train,1,standing,standing,standing__standing_20260717_150643_20hz,data/staging/20260731_rebuild01/cleaned_csv/standing_20260717_150643_20hz.csv,15,44,legacy_folder,legacy,True,,,0.75,2.25,,,,
1678,train,1,standing,standing,standing__standing_20260717_150643_20hz,data/staging/20260731_rebuild01/cleaned_csv/standing_20260717_150643_20hz.csv,30,59,legacy_folder,legacy,True,,,1.5,3.0,,,,
1679,train,1,standing,standing,standing__standing_20260717_150643_20hz,data/staging/20260731_rebuild01/cleaned_csv/standing_20260717_150643_20hz.csv,45,74,legacy_folder,legacy,True,,,2.25,3.75,,,,
1680,train,1,standing,standing,standing__standing_20260717_150643_20hz,data/staging/20260731_rebuild01/cleaned_csv/standing_20260717_150643_20hz.csv,60,89,legacy_folder,legacy,True,,,3.0,4.5,,,,
1686,train,1,standing,standing,standing__standing_20260717_150805_20hz,data/staging/20260731_rebuild01/cleaned_csv/standing_20260717_150805_20hz.csv,0,29,legacy_folder,legacy,True,,,0.0,1.5,,,,
1687,train,1,standing,standing,standing__standing_20260717_150805_20hz,data/staging/20260731_rebuild01/cleaned_csv/standing_20260717_150805_20hz.csv,15,44,legacy_folder,legacy,True,,,0.75,2.25,,,,
1688,train,1,standing,standing,standing__standing_20260717_150805_20hz,data/staging/20260731_rebuild01/cleaned_csv/standing_20260717_150805_20hz.csv,30,59,legacy_folder,legacy,True,,,1.5,3.0,,,,
1689,train,1,standing,standing,standing__standing_20260717_150805_20hz,data/staging/20260731_rebuild01/cleaned_csv/standing_20260717_150805_20hz.csv,45,74,legacy_folder,legacy,True,,,2.25,3.75,,,,
1690,train,1,standing,standing,standing__standing_20260717_150805_20hz,data/staging/20260731_rebuild01/cleaned_csv/standing_20260717_150805_20hz.csv,60,89,legacy_folder,legacy,True,,,3.0,4.5,,,,
1691,train,1,standing,standing,standing__standing_20260717_150824_20hz,data/staging/20260731_rebuild01/cleaned_csv/standing_20260717_150824_20hz.csv,0,29,legacy_folder,legacy,True,,,0.0,1.5,,,,
1692,train,1,standing,standing,standing__standing_20260717_150824_20hz,data/staging/20260731_rebuild01/cleaned_csv/standing_20260717_150824_20hz.csv,15,44,legacy_folder,legacy,True,,,0.75,2.25,,,,
1693,train,1,standing,standing,standing__standing_20260717_150824_20hz,data/staging/20260731_rebuild01/cleaned_csv/standing_20260717_150824_20hz.csv,30,59,legacy_folder,legacy,True,,,1.5,3.0,,,,
1694,train,1,standing,standing,standing__standing_20260717_150824_20hz,data/staging/20260731_rebuild01/cleaned_csv/standing_20260717_150824_20hz.csv,45,74,legacy_folder,legacy,True,,,2.25,3.75,,,,
1695,train,1,standing,standing,standing__standing_20260717_150824_20hz,data/staging/20260731_rebuild01/cleaned_csv/standing_20260717_150824_20hz.csv,60,89,legacy_folder,legacy,True,,,3.0,4.5,,,,
1701,train,1,standing,standing,standing__standing_20260717_150900_20hz,data/staging/20260731_rebuild01/cleaned_csv/standing_20260717_150900_20hz.csv,0,29,legacy_folder,legacy,True,,,0.0,1.5,,,,
1702,train,1,standing,standing,standing__standing_20260717_150900_20hz,data/staging/20260731_rebuild01/cleaned_csv/standing_20260717_150900_20hz.csv,15,44,legacy_folder,legacy,True,,,0.75,2.25,,,,
1703,train,1,standing,standing,standing__standing_20260717_150900_20hz,data/staging/20260731_rebuild01/cleaned_csv/standing_20260717_150900_20hz.csv,30,59,legacy_folder,legacy,True,,,1.5,3.0,,,,
1704,train,1,standing,standing,standing__standing_20260717_150900_20hz,data/staging/20260731_rebuild01/cleaned_csv/standing_20260717_150900_20hz.csv,45,74,legacy_folder,legacy,True,,,2.25,3.75,,,,
1705,train,1,standing,standing,standing__standing_20260717_150900_20hz,data/staging/20260731_rebuild01/cleaned_csv/standing_20260717_150900_20hz.csv,60,89,legacy_folder,legacy,True,,,3.0,4.5,,,,
1706,train,1,standing,standing,standing__standing_20260717_150916_20hz,data/staging/20260731_rebuild01/cleaned_csv/standing_20260717_150916_20hz.csv,0,29,legacy_folder,legacy,True,,,0.0,1.5,,,,
1707,train,1,standing,standing,standing__standing_20260717_150916_20hz,data/staging/20260731_rebuild01/cleaned_csv/standing_20260717_150916_20hz.csv,15,44,legacy_folder,legacy,True,,,0.75,2.25,,,,
1708,train,1,standing,standing,standing__standing_20260717_150916_20hz,data/staging/20260731_rebuild01/cleaned_csv/standing_20260717_150916_20hz.csv,30,59,legacy_folder,legacy,True,,,1.5,3.0,,,,
1709,train,1,standing,standing,standing__standing_20260717_150916_20hz,data/staging/20260731_rebuild01/cleaned_csv/standing_20260717_150916_20hz.csv,45,74,legacy_folder,legacy,True,,,2.25,3.75,,,,
1710,train,1,standing,standing,standing__standing_20260717_150916_20hz,data/staging/20260731_rebuild01/cleaned_csv/standing_20260717_150916_20hz.csv,60,89,legacy_folder,legacy,True,,,3.0,4.5,,,,
1711,train,1,standing,standing,standing__standing_20260717_151033_20hz,data/staging/20260731_rebuild01/cleaned_csv/standing_20260717_151033_20hz.csv,0,29,legacy_folder,legacy,True,,,0.0,1.5,,,,
1712,train,1,standing,standing,standing__standing_20260717_151033_20hz,data/staging/20260731_rebuild01/cleaned_csv/standing_20260717_151033_20hz.csv,15,44,legacy_folder,legacy,True,,,0.75,2.25,,,,
1713,train,1,standing,standing,standing__standing_20260717_151033_20hz,data/staging/20260731_rebuild01/cleaned_csv/standing_20260717_151033_20hz.csv,30,59,legacy_folder,legacy,True,,,1.5,3.0,,,,
1714,train,1,standing,standing,standing__standing_20260717_151033_20hz,data/staging/20260731_rebuild01/cleaned_csv/standing_20260717_151033_20hz.csv,45,74,legacy_folder,legacy,True,,,2.25,3.75,,,,
1715,train,1,standing,standing,standing__standing_20260717_151033_20hz,data/staging/20260731_rebuild01/cleaned_csv/standing_20260717_151033_20hz.csv,60,89,legacy_folder,legacy,True,,,3.0,4.5,,,,
1720,train,0,walking,walking,walking__walking_20260715_132116_20hz,data/staging/20260731_rebuild01/cleaned_csv/walking_20260715_132116_20hz.csv,0,29,legacy_folder,legacy,True,,,0.0,1.5,,,,
1721,train,0,walking,walking,walking__walking_20260715_132116_20hz,data/staging/20260731_rebuild01/cleaned_csv/walking_20260715_132116_20hz.csv,15,44,legacy_folder,legacy,True,,,0.75,2.25,,,,
1722,train,0,walking,walking,walking__walking_20260715_132116_20hz,data/staging/20260731_rebuild01/cleaned_csv/walking_20260715_132116_20hz.csv,30,59,legacy_folder,legacy,True,,,1.5,3.0,,,,
1723,train,0,walking,walking,walking__walking_20260715_132116_20hz,data/staging/20260731_rebuild01/cleaned_csv/walking_20260715_132116_20hz.csv,45,74,legacy_folder,legacy,True,,,2.25,3.75,,,,
1724,train,0,walking,walking,walking__walking_20260715_132116_20hz,data/staging/20260731_rebuild01/cleaned_csv/walking_20260715_132116_20hz.csv,60,89,legacy_folder,legacy,True,,,3.0,4.5,,,,
1725,train,0,walking,walking,walking__walking_20260715_132127_20hz,data/staging/20260731_rebuild01/cleaned_csv/walking_20260715_132127_20hz.csv,0,29,legacy_folder,legacy,True,,,0.0,1.5,,,,
1726,train,0,walking,walking,walking__walking_20260715_132127_20hz,data/staging/20260731_rebuild01/cleaned_csv/walking_20260715_132127_20hz.csv,15,44,legacy_folder,legacy,True,,,0.75,2.25,,,,
1727,train,0,walking,walking,walking__walking_20260715_132127_20hz,data/staging/20260731_rebuild01/cleaned_csv/walking_20260715_132127_20hz.csv,30,59,legacy_folder,legacy,True,,,1.5,3.0,,,,
1728,train,0,walking,walking,walking__walking_20260715_132127_20hz,data/staging/20260731_rebuild01/cleaned_csv/walking_20260715_132127_20hz.csv,45,74,legacy_folder,legacy,True,,,2.25,3.75,,,,
1729,train,0,walking,walking,walking__walking_20260715_132127_20hz,data/staging/20260731_rebuild01/cleaned_csv/walking_20260715_132127_20hz.csv,60,89,legacy_folder,legacy,True,,,3.0,4.5,,,,
1730,train,0,walking,walking,walking__walking_20260715_132139_20hz,data/staging/20260731_rebuild01/cleaned_csv/walking_20260715_132139_20hz.csv,0,29,legacy_folder,legacy,True,,,0.0,1.5,,,,
1731,train,0,walking,walking,walking__walking_20260715_132139_20hz,data/staging/20260731_rebuild01/cleaned_csv/walking_20260715_132139_20hz.csv,15,44,legacy_folder,legacy,True,,,0.75,2.25,,,,
1732,train,0,walking,walking,walking__walking_20260715_132139_20hz,data/staging/20260731_rebuild01/cleaned_csv/walking_20260715_132139_20hz.csv,30,59,legacy_folder,legacy,True,,,1.5,3.0,,,,
1733,train,0,walking,walking,walking__walking_20260715_132139_20hz,data/staging/20260731_rebuild01/cleaned_csv/walking_20260715_132139_20hz.csv,45,74,legacy_folder,legacy,True,,,2.25,3.75,,,,
1734,train,0,walking,walking,walking__walking_20260715_132139_20hz,data/staging/20260731_rebuild01/cleaned_csv/walking_20260715_132139_20hz.csv,60,89,legacy_folder,legacy,True,,,3.0,4.5,,,,
1735,train,0,walking,walking,walking__walking_20260715_132151_20hz,data/staging/20260731_rebuild01/cleaned_csv/walking_20260715_132151_20hz.csv,0,29,legacy_folder,legacy,True,,,0.0,1.5,,,,
1736,train,0,walking,walking,walking__walking_20260715_132151_20hz,data/staging/20260731_rebuild01/cleaned_csv/walking_20260715_132151_20hz.csv,15,44,legacy_folder,legacy,True,,,0.75,2.25,,,,
1737,train,0,walking,walking,walking__walking_20260715_132151_20hz,data/staging/20260731_rebuild01/cleaned_csv/walking_20260715_132151_20hz.csv,30,59,legacy_folder,legacy,True,,,1.5,3.0,,,,
1738,train,0,walking,walking,walking__walking_20260715_132151_20hz,data/staging/20260731_rebuild01/cleaned_csv/walking_20260715_132151_20hz.csv,45,74,legacy_folder,legacy,True,,,2.25,3.75,,,,
1739,train,0,walking,walking,walking__walking_20260715_132151_20hz,data/staging/20260731_rebuild01/cleaned_csv/walking_20260715_132151_20hz.csv,60,89,legacy_folder,legacy,True,,,3.0,4.5,,,,
1740,train,0,walking,walking,walking__walking_20260715_132209_20hz,data/staging/20260731_rebuild01/cleaned_csv/walking_20260715_132209_20hz.csv,0,29,legacy_folder,legacy,True,,,0.0,1.5,,,,
1741,train,0,walking,walking,walking__walking_20260715_132209_20hz,data/staging/20260731_rebuild01/cleaned_csv/walking_20260715_132209_20hz.csv,15,44,legacy_folder,legacy,True,,,0.75,2.25,,,,
1742,train,0,walking,walking,walking__walking_20260715_132209_20hz,data/staging/20260731_rebuild01/cleaned_csv/walking_20260715_132209_20hz.csv,30,59,legacy_folder,legacy,True,,,1.5,3.0,,,,
1743,train,0,walking,walking,walking__walking_20260715_132209_20hz,data/staging/20260731_rebuild01/cleaned_csv/walking_20260715_132209_20hz.csv,45,74,legacy_folder,legacy,True,,,2.25,3.75,,,,
1744,train,0,walking,walking,walking__walking_20260715_132209_20hz,data/staging/20260731_rebuild01/cleaned_csv/walking_20260715_132209_20hz.csv,60,89,legacy_folder,legacy,True,,,3.0,4.5,,,,
1750,train,0,walking,walking,walking__walking_20260715_132228_20hz,data/staging/20260731_rebuild01/cleaned_csv/walking_20260715_132228_20hz.csv,0,29,legacy_folder,legacy,True,,,0.0,1.5,,,,
1751,train,0,walking,walking,walking__walking_20260715_132228_20hz,data/staging/20260731_rebuild01/cleaned_csv/walking_20260715_132228_20hz.csv,15,44,legacy_folder,legacy,True,,,0.75,2.25,,,,
1752,train,0,walking,walking,walking__walking_20260715_132228_20hz,data/staging/20260731_rebuild01/cleaned_csv/walking_20260715_132228_20hz.csv,30,59,legacy_folder,legacy,True,,,1.5,3.0,,,,
1753,train,0,walking,walking,walking__walking_20260715_132228_20hz,data/staging/20260731_rebuild01/cleaned_csv/walking_20260715_132228_20hz.csv,45,74,legacy_folder,legacy,True,,,2.25,3.75,,,,
1754,train,0,walking,walking,walking__walking_20260715_132228_20hz,data/staging/20260731_rebuild01/cleaned_csv/walking_20260715_132228_20hz.csv,60,89,legacy_folder,legacy,True,,,3.0,4.5,,,,
1755,train,0,walking,walking,walking__walking_20260715_132237_20hz,data/staging/20260731_rebuild01/cleaned_csv/walking_20260715_132237_20hz.csv,0,29,legacy_folder,legacy,True,,,0.0,1.5,,,,
1756,train,0,walking,walking,walking__walking_20260715_132237_20hz,data/staging/20260731_rebuild01/cleaned_csv/walking_20260715_132237_20hz.csv,15,44,legacy_folder,legacy,True,,,0.75,2.25,,,,
1757,train,0,walking,walking,walking__walking_20260715_132237_20hz,data/staging/20260731_rebuild01/cleaned_csv/walking_20260715_132237_20hz.csv,30,59,legacy_folder,legacy,True,,,1.5,3.0,,,,
1758,train,0,walking,walking,walking__walking_20260715_132237_20hz,data/staging/20260731_rebuild01/cleaned_csv/walking_20260715_132237_20hz.csv,45,74,legacy_folder,legacy,True,,,2.25,3.75,,,,
1759,train,0,walking,walking,walking__walking_20260715_132237_20hz,data/staging/20260731_rebuild01/cleaned_csv/walking_20260715_132237_20hz.csv,60,89,legacy_folder,legacy,True,,,3.0,4.5,,,,
1760,train,0,walking,walking,walking__walking_20260715_132247_20hz,data/staging/20260731_rebuild01/cleaned_csv/walking_20260715_132247_20hz.csv,0,29,legacy_folder,legacy,True,,,0.0,1.5,,,,
1761,train,0,walking,walking,walking__walking_20260715_132247_20hz,data/staging/20260731_rebuild01/cleaned_csv/walking_20260715_132247_20hz.csv,15,44,legacy_folder,legacy,True,,,0.75,2.25,,,,
1762,train,0,walking,walking,walking__walking_20260715_132247_20hz,data/staging/20260731_rebuild01/cleaned_csv/walking_20260715_132247_20hz.csv,30,59,legacy_folder,legacy,True,,,1.5,3.0,,,,
1763,train,0,walking,walking,walking__walking_20260715_132247_20hz,data/staging/20260731_rebuild01/cleaned_csv/walking_20260715_132247_20hz.csv,45,74,legacy_folder,legacy,True,,,2.25,3.75,,,,
1764,train,0,walking,walking,walking__walking_20260715_132247_20hz,data/staging/20260731_rebuild01/cleaned_csv/walking_20260715_132247_20hz.csv,60,89,legacy_folder,legacy,True,,,3.0,4.5,,,,
1765,train,0,walking,walking,walking__walking_20260715_132314_20hz,data/staging/20260731_rebuild01/cleaned_csv/walking_20260715_132314_20hz.csv,0,29,legacy_folder,legacy,True,,,0.0,1.5,,,,
1766,train,0,walking,walking,walking__walking_20260715_132314_20hz,data/staging/20260731_rebuild01/cleaned_csv/walking_20260715_132314_20hz.csv,15,44,legacy_folder,legacy,True,,,0.75,2.25,,,,
1767,train,0,walking,walking,walking__walking_20260715_132314_20hz,data/staging/20260731_rebuild01/cleaned_csv/walking_20260715_132314_20hz.csv,30,59,legacy_folder,legacy,True,,,1.5,3.0,,,,
1768,train,0,walking,walking,walking__walking_20260715_132314_20hz,data/staging/20260731_rebuild01/cleaned_csv/walking_20260715_132314_20hz.csv,45,74,legacy_folder,legacy,True,,,2.25,3.75,,,,
1769,train,0,walking,walking,walking__walking_20260715_132314_20hz,data/staging/20260731_rebuild01/cleaned_csv/walking_20260715_132314_20hz.csv,60,89,legacy_folder,legacy,True,,,3.0,4.5,,,,
1770,train,0,walking,walking,walking__walking_20260715_132323_20hz,data/staging/20260731_rebuild01/cleaned_csv/walking_20260715_132323_20hz.csv,0,29,legacy_folder,legacy,True,,,0.0,1.5,,,,
1771,train,0,walking,walking,walking__walking_20260715_132323_20hz,data/staging/20260731_rebuild01/cleaned_csv/walking_20260715_132323_20hz.csv,15,44,legacy_folder,legacy,True,,,0.75,2.25,,,,
1772,train,0,walking,walking,walking__walking_20260715_132323_20hz,data/staging/20260731_rebuild01/cleaned_csv/walking_20260715_132323_20hz.csv,30,59,legacy_folder,legacy,True,,,1.5,3.0,,,,
1773,train,0,walking,walking,walking__walking_20260715_132323_20hz,data/staging/20260731_rebuild01/cleaned_csv/walking_20260715_132323_20hz.csv,45,74,legacy_folder,legacy,True,,,2.25,3.75,,,,
1774,train,0,walking,walking,walking__walking_20260715_132323_20hz,data/staging/20260731_rebuild01/cleaned_csv/walking_20260715_132323_20hz.csv,60,89,legacy_folder,legacy,True,,,3.0,4.5,,,,
1775,train,0,walking,walking,walking__walking_20260715_132332_20hz,data/staging/20260731_rebuild01/cleaned_csv/walking_20260715_132332_20hz.csv,0,29,legacy_folder,legacy,True,,,0.0,1.5,,,,
1776,train,0,walking,walking,walking__walking_20260715_132332_20hz,data/staging/20260731_rebuild01/cleaned_csv/walking_20260715_132332_20hz.csv,15,44,legacy_folder,legacy,True,,,0.75,2.25,,,,
1777,train,0,walking,walking,walking__walking_20260715_132332_20hz,data/staging/20260731_rebuild01/cleaned_csv/walking_20260715_132332_20hz.csv,30,59,legacy_folder,legacy,True,,,1.5,3.0,,,,
1778,train,0,walking,walking,walking__walking_20260715_132332_20hz,data/staging/20260731_rebuild01/cleaned_csv/walking_20260715_132332_20hz.csv,45,74,legacy_folder,legacy,True,,,2.25,3.75,,,,
1779,train,0,walking,walking,walking__walking_20260715_132332_20hz,data/staging/20260731_rebuild01/cleaned_csv/walking_20260715_132332_20hz.csv,60,89,legacy_folder,legacy,True,,,3.0,4.5,,,,
1780,train,0,walking,walking,walking__walking_20260715_132341_20hz,data/staging/20260731_rebuild01/cleaned_csv/walking_20260715_132341_20hz.csv,0,29,legacy_folder,legacy,True,,,0.0,1.5,,,,
1781,train,0,walking,walking,walking__walking_20260715_132341_20hz,data/staging/20260731_rebuild01/cleaned_csv/walking_20260715_132341_20hz.csv,15,44,legacy_folder,legacy,True,,,0.75,2.25,,,,
1782,train,0,walking,walking,walking__walking_20260715_132341_20hz,data/staging/20260731_rebuild01/cleaned_csv/walking_20260715_132341_20hz.csv,30,59,legacy_folder,legacy,True,,,1.5,3.0,,,,
1783,train,0,walking,walking,walking__walking_20260715_132341_20hz,data/staging/20260731_rebuild01/cleaned_csv/walking_20260715_132341_20hz.csv,45,74,legacy_folder,legacy,True,,,2.25,3.75,,,,
1784,train,0,walking,walking,walking__walking_20260715_132341_20hz,data/staging/20260731_rebuild01/cleaned_csv/walking_20260715_132341_20hz.csv,60,89,legacy_folder,legacy,True,,,3.0,4.5,,,,
1785,train,0,walking,walking,walking__walking_20260715_132351_20hz,data/staging/20260731_rebuild01/cleaned_csv/walking_20260715_132351_20hz.csv,0,29,legacy_folder,legacy,True,,,0.0,1.5,,,,
1786,train,0,walking,walking,walking__walking_20260715_132351_20hz,data/staging/20260731_rebuild01/cleaned_csv/walking_20260715_132351_20hz.csv,15,44,legacy_folder,legacy,True,,,0.75,2.25,,,,
1787,train,0,walking,walking,walking__walking_20260715_132351_20hz,data/staging/20260731_rebuild01/cleaned_csv/walking_20260715_132351_20hz.csv,30,59,legacy_folder,legacy,True,,,1.5,3.0,,,,
1788,train,0,walking,walking,walking__walking_20260715_132351_20hz,data/staging/20260731_rebuild01/cleaned_csv/walking_20260715_132351_20hz.csv,45,74,legacy_folder,legacy,True,,,2.25,3.75,,,,
1789,train,0,walking,walking,walking__walking_20260715_132351_20hz,data/staging/20260731_rebuild01/cleaned_csv/walking_20260715_132351_20hz.csv,60,89,legacy_folder,legacy,True,,,3.0,4.5,,,,
1790,train,0,walking,walking,walking__walking_20260715_132444_20hz,data/staging/20260731_rebuild01/cleaned_csv/walking_20260715_132444_20hz.csv,0,29,legacy_folder,legacy,True,,,0.0,1.5,,,,
1791,train,0,walking,walking,walking__walking_20260715_132444_20hz,data/staging/20260731_rebuild01/cleaned_csv/walking_20260715_132444_20hz.csv,15,44,legacy_folder,legacy,True,,,0.75,2.25,,,,
1792,train,0,walking,walking,walking__walking_20260715_132444_20hz,data/staging/20260731_rebuild01/cleaned_csv/walking_20260715_132444_20hz.csv,30,59,legacy_folder,legacy,True,,,1.5,3.0,,,,
1793,train,0,walking,walking,walking__walking_20260715_132444_20hz,data/staging/20260731_rebuild01/cleaned_csv/walking_20260715_132444_20hz.csv,45,74,legacy_folder,legacy,True,,,2.25,3.75,,,,
1794,train,0,walking,walking,walking__walking_20260715_132444_20hz,data/staging/20260731_rebuild01/cleaned_csv/walking_20260715_132444_20hz.csv,60,89,legacy_folder,legacy,True,,,3.0,4.5,,,,
1795,train,0,walking,walking,walking__walking_20260715_132456_20hz,data/staging/20260731_rebuild01/cleaned_csv/walking_20260715_132456_20hz.csv,0,29,legacy_folder,legacy,True,,,0.0,1.5,,,,
1796,train,0,walking,walking,walking__walking_20260715_132456_20hz,data/staging/20260731_rebuild01/cleaned_csv/walking_20260715_132456_20hz.csv,15,44,legacy_folder,legacy,True,,,0.75,2.25,,,,
1797,train,0,walking,walking,walking__walking_20260715_132456_20hz,data/staging/20260731_rebuild01/cleaned_csv/walking_20260715_132456_20hz.csv,30,59,legacy_folder,legacy,True,,,1.5,3.0,,,,
1798,train,0,walking,walking,walking__walking_20260715_132456_20hz,data/staging/20260731_rebuild01/cleaned_csv/walking_20260715_132456_20hz.csv,45,74,legacy_folder,legacy,True,,,2.25,3.75,,,,
1799,train,0,walking,walking,walking__walking_20260715_132456_20hz,data/staging/20260731_rebuild01/cleaned_csv/walking_20260715_132456_20hz.csv,60,89,legacy_folder,legacy,True,,,3.0,4.5,,,,
1814,train,0,walking,walking,walking__walking_20260715_132825_20hz,data/staging/20260731_rebuild01/cleaned_csv/walking_20260715_132825_20hz.csv,0,29,legacy_folder,legacy,True,,,0.0,1.5,,,,
1815,train,0,walking,walking,walking__walking_20260715_132825_20hz,data/staging/20260731_rebuild01/cleaned_csv/walking_20260715_132825_20hz.csv,15,44,legacy_folder,legacy,True,,,0.75,2.25,,,,
1816,train,0,walking,walking,walking__walking_20260715_132825_20hz,data/staging/20260731_rebuild01/cleaned_csv/walking_20260715_132825_20hz.csv,30,59,legacy_folder,legacy,True,,,1.5,3.0,,,,
1817,train,0,walking,walking,walking__walking_20260715_132836_20hz,data/staging/20260731_rebuild01/cleaned_csv/walking_20260715_132836_20hz.csv,0,29,legacy_folder,legacy,True,,,0.0,1.5,,,,
1818,train,0,walking,walking,walking__walking_20260715_132836_20hz,data/staging/20260731_rebuild01/cleaned_csv/walking_20260715_132836_20hz.csv,15,44,legacy_folder,legacy,True,,,0.75,2.25,,,,
1819,train,0,walking,walking,walking__walking_20260715_132836_20hz,data/staging/20260731_rebuild01/cleaned_csv/walking_20260715_132836_20hz.csv,30,59,legacy_folder,legacy,True,,,1.5,3.0,,,,
1820,train,0,walking,walking,walking__walking_20260715_132836_20hz,data/staging/20260731_rebuild01/cleaned_csv/walking_20260715_132836_20hz.csv,45,74,legacy_folder,legacy,True,,,2.25,3.75,,,,
1821,train,0,walking,walking,walking__walking_20260715_132836_20hz,data/staging/20260731_rebuild01/cleaned_csv/walking_20260715_132836_20hz.csv,60,89,legacy_folder,legacy,True,,,3.0,4.5,,,,
1822,train,0,walking,walking,walking__walking_20260715_132917_20hz,data/staging/20260731_rebuild01/cleaned_csv/walking_20260715_132917_20hz.csv,0,29,legacy_folder,legacy,True,,,0.0,1.5,,,,
1823,train,0,walking,walking,walking__walking_20260715_132917_20hz,data/staging/20260731_rebuild01/cleaned_csv/walking_20260715_132917_20hz.csv,15,44,legacy_folder,legacy,True,,,0.75,2.25,,,,
1824,train,0,walking,walking,walking__walking_20260715_132917_20hz,data/staging/20260731_rebuild01/cleaned_csv/walking_20260715_132917_20hz.csv,30,59,legacy_folder,legacy,True,,,1.5,3.0,,,,
1825,train,0,walking,walking,walking__walking_20260715_132917_20hz,data/staging/20260731_rebuild01/cleaned_csv/walking_20260715_132917_20hz.csv,45,74,legacy_folder,legacy,True,,,2.25,3.75,,,,
1826,train,0,walking,walking,walking__walking_20260715_132917_20hz,data/staging/20260731_rebuild01/cleaned_csv/walking_20260715_132917_20hz.csv,60,89,legacy_folder,legacy,True,,,3.0,4.5,,,,
1832,train,0,walking,walking,walking__walking_20260715_132941_20hz,data/staging/20260731_rebuild01/cleaned_csv/walking_20260715_132941_20hz.csv,0,29,legacy_folder,legacy,True,,,0.0,1.5,,,,
1833,train,0,walking,walking,walking__walking_20260715_132941_20hz,data/staging/20260731_rebuild01/cleaned_csv/walking_20260715_132941_20hz.csv,15,44,legacy_folder,legacy,True,,,0.75,2.25,,,,
1834,train,0,walking,walking,walking__walking_20260715_132941_20hz,data/staging/20260731_rebuild01/cleaned_csv/walking_20260715_132941_20hz.csv,30,59,legacy_folder,legacy,True,,,1.5,3.0,,,,
1835,train,0,walking,walking,walking__walking_20260715_132941_20hz,data/staging/20260731_rebuild01/cleaned_csv/walking_20260715_132941_20hz.csv,45,74,legacy_folder,legacy,True,,,2.25,3.75,,,,
1836,train,0,walking,walking,walking__walking_20260715_132941_20hz,data/staging/20260731_rebuild01/cleaned_csv/walking_20260715_132941_20hz.csv,60,89,legacy_folder,legacy,True,,,3.0,4.5,,,,
1837,train,0,walking,walking,walking__walking_20260715_132953_20hz,data/staging/20260731_rebuild01/cleaned_csv/walking_20260715_132953_20hz.csv,0,29,legacy_folder,legacy,True,,,0.0,1.5,,,,
1838,train,0,walking,walking,walking__walking_20260715_132953_20hz,data/staging/20260731_rebuild01/cleaned_csv/walking_20260715_132953_20hz.csv,15,44,legacy_folder,legacy,True,,,0.75,2.25,,,,
1839,train,0,walking,walking,walking__walking_20260715_132953_20hz,data/staging/20260731_rebuild01/cleaned_csv/walking_20260715_132953_20hz.csv,30,59,legacy_folder,legacy,True,,,1.5,3.0,,,,
1840,train,0,walking,walking,walking__walking_20260715_133010_20hz,data/staging/20260731_rebuild01/cleaned_csv/walking_20260715_133010_20hz.csv,0,29,legacy_folder,legacy,True,,,0.0,1.5,,,,
1841,train,0,walking,walking,walking__walking_20260715_133010_20hz,data/staging/20260731_rebuild01/cleaned_csv/walking_20260715_133010_20hz.csv,15,44,legacy_folder,legacy,True,,,0.75,2.25,,,,
1842,train,0,walking,walking,walking__walking_20260715_133010_20hz,data/staging/20260731_rebuild01/cleaned_csv/walking_20260715_133010_20hz.csv,30,59,legacy_folder,legacy,True,,,1.5,3.0,,,,
1843,train,0,walking,walking,walking__walking_20260715_133039_20hz,data/staging/20260731_rebuild01/cleaned_csv/walking_20260715_133039_20hz.csv,0,29,legacy_folder,legacy,True,,,0.0,1.5,,,,
1844,train,0,walking,walking,walking__walking_20260715_133039_20hz,data/staging/20260731_rebuild01/cleaned_csv/walking_20260715_133039_20hz.csv,15,44,legacy_folder,legacy,True,,,0.75,2.25,,,,
1845,train,0,walking,walking,walking__walking_20260715_133039_20hz,data/staging/20260731_rebuild01/cleaned_csv/walking_20260715_133039_20hz.csv,30,59,legacy_folder,legacy,True,,,1.5,3.0,,,,
1846,train,0,walking,walking,walking__walking_20260715_133039_20hz,data/staging/20260731_rebuild01/cleaned_csv/walking_20260715_133039_20hz.csv,45,74,legacy_folder,legacy,True,,,2.25,3.75,,,,
1847,train,0,walking,walking,walking__walking_20260715_133039_20hz,data/staging/20260731_rebuild01/cleaned_csv/walking_20260715_133039_20hz.csv,60,89,legacy_folder,legacy,True,,,3.0,4.5,,,,
1853,train,0,walking,walking,walking__walking_20260715_133119_20hz,data/staging/20260731_rebuild01/cleaned_csv/walking_20260715_133119_20hz.csv,0,29,legacy_folder,legacy,True,,,0.0,1.5,,,,
1854,train,0,walking,walking,walking__walking_20260715_133119_20hz,data/staging/20260731_rebuild01/cleaned_csv/walking_20260715_133119_20hz.csv,15,44,legacy_folder,legacy,True,,,0.75,2.25,,,,
1855,train,0,walking,walking,walking__walking_20260715_133119_20hz,data/staging/20260731_rebuild01/cleaned_csv/walking_20260715_133119_20hz.csv,30,59,legacy_folder,legacy,True,,,1.5,3.0,,,,
1856,train,0,walking,walking,walking__walking_20260715_133119_20hz,data/staging/20260731_rebuild01/cleaned_csv/walking_20260715_133119_20hz.csv,45,74,legacy_folder,legacy,True,,,2.25,3.75,,,,
1857,train,0,walking,walking,walking__walking_20260715_133119_20hz,data/staging/20260731_rebuild01/cleaned_csv/walking_20260715_133119_20hz.csv,60,89,legacy_folder,legacy,True,,,3.0,4.5,,,,
1858,train,0,walking,walking,walking__walking_20260715_133128_20hz,data/staging/20260731_rebuild01/cleaned_csv/walking_20260715_133128_20hz.csv,0,29,legacy_folder,legacy,True,,,0.0,1.5,,,,
1859,train,0,walking,walking,walking__walking_20260715_133128_20hz,data/staging/20260731_rebuild01/cleaned_csv/walking_20260715_133128_20hz.csv,15,44,legacy_folder,legacy,True,,,0.75,2.25,,,,
1870,train,0,walking,walking,walking__walking_20260715_133202_20hz,data/staging/20260731_rebuild01/cleaned_csv/walking_20260715_133202_20hz.csv,0,29,legacy_folder,legacy,True,,,0.0,1.5,,,,
1871,train,0,walking,walking,walking__walking_20260715_133202_20hz,data/staging/20260731_rebuild01/cleaned_csv/walking_20260715_133202_20hz.csv,15,44,legacy_folder,legacy,True,,,0.75,2.25,,,,
1872,train,0,walking,walking,walking__walking_20260715_133202_20hz,data/staging/20260731_rebuild01/cleaned_csv/walking_20260715_133202_20hz.csv,30,59,legacy_folder,legacy,True,,,1.5,3.0,,,,
1873,train,0,walking,walking,walking__walking_20260715_133312_20hz,data/staging/20260731_rebuild01/cleaned_csv/walking_20260715_133312_20hz.csv,0,29,legacy_folder,legacy,True,,,0.0,1.5,,,,
1874,train,0,walking,walking,walking__walking_20260715_133312_20hz,data/staging/20260731_rebuild01/cleaned_csv/walking_20260715_133312_20hz.csv,15,44,legacy_folder,legacy,True,,,0.75,2.25,,,,
1875,train,0,walking,walking,walking__walking_20260715_133312_20hz,data/staging/20260731_rebuild01/cleaned_csv/walking_20260715_133312_20hz.csv,30,59,legacy_folder,legacy,True,,,1.5,3.0,,,,
1876,train,0,walking,walking,walking__walking_20260715_133312_20hz,data/staging/20260731_rebuild01/cleaned_csv/walking_20260715_133312_20hz.csv,45,74,legacy_folder,legacy,True,,,2.25,3.75,,,,
1877,train,0,walking,walking,walking__walking_20260715_133312_20hz,data/staging/20260731_rebuild01/cleaned_csv/walking_20260715_133312_20hz.csv,60,89,legacy_folder,legacy,True,,,3.0,4.5,,,,
1878,train,0,walking,walking,walking__walking_20260715_133322_20hz,data/staging/20260731_rebuild01/cleaned_csv/walking_20260715_133322_20hz.csv,0,29,legacy_folder,legacy,True,,,0.0,1.5,,,,
1879,train,0,walking,walking,walking__walking_20260715_133322_20hz,data/staging/20260731_rebuild01/cleaned_csv/walking_20260715_133322_20hz.csv,15,44,legacy_folder,legacy,True,,,0.75,2.25,,,,
1880,train,0,walking,walking,walking__walking_20260715_133322_20hz,data/staging/20260731_rebuild01/cleaned_csv/walking_20260715_133322_20hz.csv,30,59,legacy_folder,legacy,True,,,1.5,3.0,,,,
1881,train,0,walking,walking,walking__walking_20260715_133322_20hz,data/staging/20260731_rebuild01/cleaned_csv/walking_20260715_133322_20hz.csv,45,74,legacy_folder,legacy,True,,,2.25,3.75,,,,
1887,train,0,walking,walking,walking__walking_20260715_133344_20hz,data/staging/20260731_rebuild01/cleaned_csv/walking_20260715_133344_20hz.csv,0,29,legacy_folder,legacy,True,,,0.0,1.5,,,,
1888,train,0,walking,walking,walking__walking_20260715_133344_20hz,data/staging/20260731_rebuild01/cleaned_csv/walking_20260715_133344_20hz.csv,15,44,legacy_folder,legacy,True,,,0.75,2.25,,,,
1889,train,0,walking,walking,walking__walking_20260715_133344_20hz,data/staging/20260731_rebuild01/cleaned_csv/walking_20260715_133344_20hz.csv,30,59,legacy_folder,legacy,True,,,1.5,3.0,,,,
1890,train,0,walking,walking,walking__walking_20260715_133344_20hz,data/staging/20260731_rebuild01/cleaned_csv/walking_20260715_133344_20hz.csv,45,74,legacy_folder,legacy,True,,,2.25,3.75,,,,
1891,train,0,walking,walking,walking__walking_20260715_133344_20hz,data/staging/20260731_rebuild01/cleaned_csv/walking_20260715_133344_20hz.csv,60,89,legacy_folder,legacy,True,,,3.0,4.5,,,,
1892,train,0,walking,walking,walking__walking_20260715_133354_20hz,data/staging/20260731_rebuild01/cleaned_csv/walking_20260715_133354_20hz.csv,0,29,legacy_folder,legacy,True,,,0.0,1.5,,,,
1893,train,0,walking,walking,walking__walking_20260715_133354_20hz,data/staging/20260731_rebuild01/cleaned_csv/walking_20260715_133354_20hz.csv,15,44,legacy_folder,legacy,True,,,0.75,2.25,,,,
1894,train,0,walking,walking,walking__walking_20260715_133354_20hz,data/staging/20260731_rebuild01/cleaned_csv/walking_20260715_133354_20hz.csv,30,59,legacy_folder,legacy,True,,,1.5,3.0,,,,
1895,train,0,walking,walking,walking__walking_20260715_133354_20hz,data/staging/20260731_rebuild01/cleaned_csv/walking_20260715_133354_20hz.csv,45,74,legacy_folder,legacy,True,,,2.25,3.75,,,,
1896,train,0,walking,walking,walking__walking_20260715_133354_20hz,data/staging/20260731_rebuild01/cleaned_csv/walking_20260715_133354_20hz.csv,60,89,legacy_folder,legacy,True,,,3.0,4.5,,,,
1897,train,0,walking,walking,walking__walking_20260715_133404_20hz,data/staging/20260731_rebuild01/cleaned_csv/walking_20260715_133404_20hz.csv,0,29,legacy_folder,legacy,True,,,0.0,1.5,,,,
1898,train,0,walking,walking,walking__walking_20260715_133404_20hz,data/staging/20260731_rebuild01/cleaned_csv/walking_20260715_133404_20hz.csv,15,44,legacy_folder,legacy,True,,,0.75,2.25,,,,
1899,train,0,walking,walking,walking__walking_20260715_133404_20hz,data/staging/20260731_rebuild01/cleaned_csv/walking_20260715_133404_20hz.csv,30,59,legacy_folder,legacy,True,,,1.5,3.0,,,,
1900,train,0,walking,walking,walking__walking_20260715_133404_20hz,data/staging/20260731_rebuild01/cleaned_csv/walking_20260715_133404_20hz.csv,45,74,legacy_folder,legacy,True,,,2.25,3.75,,,,
1901,train,0,walking,walking,walking__walking_20260715_133404_20hz,data/staging/20260731_rebuild01/cleaned_csv/walking_20260715_133404_20hz.csv,60,89,legacy_folder,legacy,True,,,3.0,4.5,,,,
1917,train,0,walking,walking,walking__walking_20260715_133445_20hz,data/staging/20260731_rebuild01/cleaned_csv/walking_20260715_133445_20hz.csv,0,29,legacy_folder,legacy,True,,,0.0,1.5,,,,
1918,train,0,walking,walking,walking__walking_20260715_133445_20hz,data/staging/20260731_rebuild01/cleaned_csv/walking_20260715_133445_20hz.csv,15,44,legacy_folder,legacy,True,,,0.75,2.25,,,,
1919,train,0,walking,walking,walking__walking_20260715_133445_20hz,data/staging/20260731_rebuild01/cleaned_csv/walking_20260715_133445_20hz.csv,30,59,legacy_folder,legacy,True,,,1.5,3.0,,,,
1920,train,0,walking,walking,walking__walking_20260715_133445_20hz,data/staging/20260731_rebuild01/cleaned_csv/walking_20260715_133445_20hz.csv,45,74,legacy_folder,legacy,True,,,2.25,3.75,,,,
1921,train,0,walking,walking,walking__walking_20260715_133445_20hz,data/staging/20260731_rebuild01/cleaned_csv/walking_20260715_133445_20hz.csv,60,89,legacy_folder,legacy,True,,,3.0,4.5,,,,
1922,train,0,walking,walking,walking__walking_20260715_133456_20hz,data/staging/20260731_rebuild01/cleaned_csv/walking_20260715_133456_20hz.csv,0,29,legacy_folder,legacy,True,,,0.0,1.5,,,,
1923,train,0,walking,walking,walking__walking_20260715_133456_20hz,data/staging/20260731_rebuild01/cleaned_csv/walking_20260715_133456_20hz.csv,15,44,legacy_folder,legacy,True,,,0.75,2.25,,,,
1924,train,0,walking,walking,walking__walking_20260715_133456_20hz,data/staging/20260731_rebuild01/cleaned_csv/walking_20260715_133456_20hz.csv,30,59,legacy_folder,legacy,True,,,1.5,3.0,,,,
1925,train,0,walking,walking,walking__walking_20260715_133456_20hz,data/staging/20260731_rebuild01/cleaned_csv/walking_20260715_133456_20hz.csv,45,74,legacy_folder,legacy,True,,,2.25,3.75,,,,
1926,train,0,walking,walking,walking__walking_20260715_133456_20hz,data/staging/20260731_rebuild01/cleaned_csv/walking_20260715_133456_20hz.csv,60,89,legacy_folder,legacy,True,,,3.0,4.5,,,,
1927,train,0,walking,walking,walking__walking_20260715_133507_20hz,data/staging/20260731_rebuild01/cleaned_csv/walking_20260715_133507_20hz.csv,0,29,legacy_folder,legacy,True,,,0.0,1.5,,,,
1928,train,0,walking,walking,walking__walking_20260715_133507_20hz,data/staging/20260731_rebuild01/cleaned_csv/walking_20260715_133507_20hz.csv,15,44,legacy_folder,legacy,True,,,0.75,2.25,,,,
1929,train,0,walking,walking,walking__walking_20260715_133507_20hz,data/staging/20260731_rebuild01/cleaned_csv/walking_20260715_133507_20hz.csv,30,59,legacy_folder,legacy,True,,,1.5,3.0,,,,
1930,train,0,walking,walking,walking__walking_20260715_133507_20hz,data/staging/20260731_rebuild01/cleaned_csv/walking_20260715_133507_20hz.csv,45,74,legacy_folder,legacy,True,,,2.25,3.75,,,,
1931,train,0,walking,walking,walking__walking_20260715_133507_20hz,data/staging/20260731_rebuild01/cleaned_csv/walking_20260715_133507_20hz.csv,60,89,legacy_folder,legacy,True,,,3.0,4.5,,,,
1932,train,0,walking,walking,walking__walking_20260715_133516_20hz,data/staging/20260731_rebuild01/cleaned_csv/walking_20260715_133516_20hz.csv,0,29,legacy_folder,legacy,True,,,0.0,1.5,,,,
1933,train,0,walking,walking,walking__walking_20260715_133516_20hz,data/staging/20260731_rebuild01/cleaned_csv/walking_20260715_133516_20hz.csv,15,44,legacy_folder,legacy,True,,,0.75,2.25,,,,
1934,train,0,walking,walking,walking__walking_20260715_133516_20hz,data/staging/20260731_rebuild01/cleaned_csv/walking_20260715_133516_20hz.csv,30,59,legacy_folder,legacy,True,,,1.5,3.0,,,,
1935,train,0,walking,walking,walking__walking_20260715_133516_20hz,data/staging/20260731_rebuild01/cleaned_csv/walking_20260715_133516_20hz.csv,45,74,legacy_folder,legacy,True,,,2.25,3.75,,,,
1936,train,0,walking,walking,walking__walking_20260715_133516_20hz,data/staging/20260731_rebuild01/cleaned_csv/walking_20260715_133516_20hz.csv,60,89,legacy_folder,legacy,True,,,3.0,4.5,,,,
1942,train,0,walking,walking,walking__walking_20260715_133536_20hz,data/staging/20260731_rebuild01/cleaned_csv/walking_20260715_133536_20hz.csv,0,29,legacy_folder,legacy,True,,,0.0,1.5,,,,
1943,train,0,walking,walking,walking__walking_20260715_133536_20hz,data/staging/20260731_rebuild01/cleaned_csv/walking_20260715_133536_20hz.csv,15,44,legacy_folder,legacy,True,,,0.75,2.25,,,,
1944,train,0,walking,walking,walking__walking_20260715_133536_20hz,data/staging/20260731_rebuild01/cleaned_csv/walking_20260715_133536_20hz.csv,30,59,legacy_folder,legacy,True,,,1.5,3.0,,,,
1945,train,0,walking,walking,walking__walking_20260715_133536_20hz,data/staging/20260731_rebuild01/cleaned_csv/walking_20260715_133536_20hz.csv,45,74,legacy_folder,legacy,True,,,2.25,3.75,,,,
1946,train,0,walking,walking,walking__walking_20260715_133536_20hz,data/staging/20260731_rebuild01/cleaned_csv/walking_20260715_133536_20hz.csv,60,89,legacy_folder,legacy,True,,,3.0,4.5,,,,
1947,train,0,walking,walking,walking__walking_20260715_133749_20hz,data/staging/20260731_rebuild01/cleaned_csv/walking_20260715_133749_20hz.csv,0,29,legacy_folder,legacy,True,,,0.0,1.5,,,,
1948,train,0,walking,walking,walking__walking_20260715_133749_20hz,data/staging/20260731_rebuild01/cleaned_csv/walking_20260715_133749_20hz.csv,15,44,legacy_folder,legacy,True,,,0.75,2.25,,,,
1949,train,0,walking,walking,walking__walking_20260715_133749_20hz,data/staging/20260731_rebuild01/cleaned_csv/walking_20260715_133749_20hz.csv,30,59,legacy_folder,legacy,True,,,1.5,3.0,,,,
1950,train,0,walking,walking,walking__walking_20260715_133749_20hz,data/staging/20260731_rebuild01/cleaned_csv/walking_20260715_133749_20hz.csv,45,74,legacy_folder,legacy,True,,,2.25,3.75,,,,
1951,train,0,walking,walking,walking__walking_20260715_133749_20hz,data/staging/20260731_rebuild01/cleaned_csv/walking_20260715_133749_20hz.csv,60,89,legacy_folder,legacy,True,,,3.0,4.5,,,,
1952,train,0,walking,walking,walking__walking_20260715_133803_20hz,data/staging/20260731_rebuild01/cleaned_csv/walking_20260715_133803_20hz.csv,0,29,legacy_folder,legacy,True,,,0.0,1.5,,,,
1953,train,0,walking,walking,walking__walking_20260715_133803_20hz,data/staging/20260731_rebuild01/cleaned_csv/walking_20260715_133803_20hz.csv,15,44,legacy_folder,legacy,True,,,0.75,2.25,,,,
1954,train,0,walking,walking,walking__walking_20260715_133803_20hz,data/staging/20260731_rebuild01/cleaned_csv/walking_20260715_133803_20hz.csv,30,59,legacy_folder,legacy,True,,,1.5,3.0,,,,
1955,train,0,walking,walking,walking__walking_20260715_133803_20hz,data/staging/20260731_rebuild01/cleaned_csv/walking_20260715_133803_20hz.csv,45,74,legacy_folder,legacy,True,,,2.25,3.75,,,,
1956,train,0,walking,walking,walking__walking_20260715_133803_20hz,data/staging/20260731_rebuild01/cleaned_csv/walking_20260715_133803_20hz.csv,60,89,legacy_folder,legacy,True,,,3.0,4.5,,,,
1957,train,0,walking,walking,walking__walking_20260715_133827_20hz,data/staging/20260731_rebuild01/cleaned_csv/walking_20260715_133827_20hz.csv,0,29,legacy_folder,legacy,True,,,0.0,1.5,,,,
1958,train,0,walking,walking,walking__walking_20260715_133827_20hz,data/staging/20260731_rebuild01/cleaned_csv/walking_20260715_133827_20hz.csv,15,44,legacy_folder,legacy,True,,,0.75,2.25,,,,
1959,train,0,walking,walking,walking__walking_20260715_133827_20hz,data/staging/20260731_rebuild01/cleaned_csv/walking_20260715_133827_20hz.csv,30,59,legacy_folder,legacy,True,,,1.5,3.0,,,,
1960,train,0,walking,walking,walking__walking_20260715_133827_20hz,data/staging/20260731_rebuild01/cleaned_csv/walking_20260715_133827_20hz.csv,45,74,legacy_folder,legacy,True,,,2.25,3.75,,,,
1961,train,0,walking,walking,walking__walking_20260715_133827_20hz,data/staging/20260731_rebuild01/cleaned_csv/walking_20260715_133827_20hz.csv,60,89,legacy_folder,legacy,True,,,3.0,4.5,,,,
1972,train,0,walking,walking,walking__walking_20260715_134027_20hz,data/staging/20260731_rebuild01/cleaned_csv/walking_20260715_134027_20hz.csv,0,29,legacy_folder,legacy,True,,,0.0,1.5,,,,
1973,train,0,walking,walking,walking__walking_20260715_134027_20hz,data/staging/20260731_rebuild01/cleaned_csv/walking_20260715_134027_20hz.csv,15,44,legacy_folder,legacy,True,,,0.75,2.25,,,,
1974,train,0,walking,walking,walking__walking_20260715_134027_20hz,data/staging/20260731_rebuild01/cleaned_csv/walking_20260715_134027_20hz.csv,30,59,legacy_folder,legacy,True,,,1.5,3.0,,,,
1975,train,0,walking,walking,walking__walking_20260715_134027_20hz,data/staging/20260731_rebuild01/cleaned_csv/walking_20260715_134027_20hz.csv,45,74,legacy_folder,legacy,True,,,2.25,3.75,,,,
1976,train,0,walking,walking,walking__walking_20260715_134027_20hz,data/staging/20260731_rebuild01/cleaned_csv/walking_20260715_134027_20hz.csv,60,89,legacy_folder,legacy,True,,,3.0,4.5,,,,
1977,train,0,walking,walking,walking__walking_20260715_134127_20hz,data/staging/20260731_rebuild01/cleaned_csv/walking_20260715_134127_20hz.csv,0,29,legacy_folder,legacy,True,,,0.0,1.5,,,,
1978,train,0,walking,walking,walking__walking_20260715_134127_20hz,data/staging/20260731_rebuild01/cleaned_csv/walking_20260715_134127_20hz.csv,15,44,legacy_folder,legacy,True,,,0.75,2.25,,,,
1979,train,0,walking,walking,walking__walking_20260715_134127_20hz,data/staging/20260731_rebuild01/cleaned_csv/walking_20260715_134127_20hz.csv,30,59,legacy_folder,legacy,True,,,1.5,3.0,,,,
1980,train,0,walking,walking,walking__walking_20260715_134127_20hz,data/staging/20260731_rebuild01/cleaned_csv/walking_20260715_134127_20hz.csv,45,74,legacy_folder,legacy,True,,,2.25,3.75,,,,
1981,train,0,walking,walking,walking__walking_20260715_134127_20hz,data/staging/20260731_rebuild01/cleaned_csv/walking_20260715_134127_20hz.csv,60,89,legacy_folder,legacy,True,,,3.0,4.5,,,,
1987,train,0,walking,walking,walking__walking_20260715_134154_20hz,data/staging/20260731_rebuild01/cleaned_csv/walking_20260715_134154_20hz.csv,0,29,legacy_folder,legacy,True,,,0.0,1.5,,,,
1988,train,0,walking,walking,walking__walking_20260715_134154_20hz,data/staging/20260731_rebuild01/cleaned_csv/walking_20260715_134154_20hz.csv,15,44,legacy_folder,legacy,True,,,0.75,2.25,,,,
1989,train,0,walking,walking,walking__walking_20260715_134154_20hz,data/staging/20260731_rebuild01/cleaned_csv/walking_20260715_134154_20hz.csv,30,59,legacy_folder,legacy,True,,,1.5,3.0,,,,
1990,train,0,walking,walking,walking__walking_20260715_134154_20hz,data/staging/20260731_rebuild01/cleaned_csv/walking_20260715_134154_20hz.csv,45,74,legacy_folder,legacy,True,,,2.25,3.75,,,,
1991,train,0,walking,walking,walking__walking_20260715_134154_20hz,data/staging/20260731_rebuild01/cleaned_csv/walking_20260715_134154_20hz.csv,60,89,legacy_folder,legacy,True,,,3.0,4.5,,,,
1997,train,0,walking,walking,walking__walking_20260715_134221_20hz,data/staging/20260731_rebuild01/cleaned_csv/walking_20260715_134221_20hz.csv,0,29,legacy_folder,legacy,True,,,0.0,1.5,,,,
1998,train,0,walking,walking,walking__walking_20260715_134221_20hz,data/staging/20260731_rebuild01/cleaned_csv/walking_20260715_134221_20hz.csv,15,44,legacy_folder,legacy,True,,,0.75,2.25,,,,
1999,train,0,walking,walking,walking__walking_20260715_134221_20hz,data/staging/20260731_rebuild01/cleaned_csv/walking_20260715_134221_20hz.csv,30,59,legacy_folder,legacy,True,,,1.5,3.0,,,,
2000,train,0,walking,walking,walking__walking_20260715_134221_20hz,data/staging/20260731_rebuild01/cleaned_csv/walking_20260715_134221_20hz.csv,45,74,legacy_folder,legacy,True,,,2.25,3.75,,,,
2001,train,0,walking,walking,walking__walking_20260715_134221_20hz,data/staging/20260731_rebuild01/cleaned_csv/walking_20260715_134221_20hz.csv,60,89,legacy_folder,legacy,True,,,3.0,4.5,,,,
2007,train,0,walking,walking,walking__walking_20260715_134305_20hz,data/staging/20260731_rebuild01/cleaned_csv/walking_20260715_134305_20hz.csv,0,29,legacy_folder,legacy,True,,,0.0,1.5,,,,
2008,train,0,walking,walking,walking__walking_20260715_134305_20hz,data/staging/20260731_rebuild01/cleaned_csv/walking_20260715_134305_20hz.csv,15,44,legacy_folder,legacy,True,,,0.75,2.25,,,,
2009,train,0,walking,walking,walking__walking_20260715_134305_20hz,data/staging/20260731_rebuild01/cleaned_csv/walking_20260715_134305_20hz.csv,30,59,legacy_folder,legacy,True,,,1.5,3.0,,,,
2010,train,0,walking,walking,walking__walking_20260715_134305_20hz,data/staging/20260731_rebuild01/cleaned_csv/walking_20260715_134305_20hz.csv,45,74,legacy_folder,legacy,True,,,2.25,3.75,,,,
2011,train,0,walking,walking,walking__walking_20260715_134305_20hz,data/staging/20260731_rebuild01/cleaned_csv/walking_20260715_134305_20hz.csv,60,89,legacy_folder,legacy,True,,,3.0,4.5,,,,
2017,train,0,walking,walking,walking__walking_20260715_134337_20hz,data/staging/20260731_rebuild01/cleaned_csv/walking_20260715_134337_20hz.csv,0,29,legacy_folder,legacy,True,,,0.0,1.5,,,,
2018,train,0,walking,walking,walking__walking_20260715_134337_20hz,data/staging/20260731_rebuild01/cleaned_csv/walking_20260715_134337_20hz.csv,15,44,legacy_folder,legacy,True,,,0.75,2.25,,,,
2019,train,0,walking,walking,walking__walking_20260715_134337_20hz,data/staging/20260731_rebuild01/cleaned_csv/walking_20260715_134337_20hz.csv,30,59,legacy_folder,legacy,True,,,1.5,3.0,,,,
2020,train,0,walking,walking,walking__walking_20260715_134337_20hz,data/staging/20260731_rebuild01/cleaned_csv/walking_20260715_134337_20hz.csv,45,74,legacy_folder,legacy,True,,,2.25,3.75,,,,
2021,train,0,walking,walking,walking__walking_20260715_134337_20hz,data/staging/20260731_rebuild01/cleaned_csv/walking_20260715_134337_20hz.csv,60,89,legacy_folder,legacy,True,,,3.0,4.5,,,,
2022,train,0,walking,walking,walking__walking_20260715_134422_20hz,data/staging/20260731_rebuild01/cleaned_csv/walking_20260715_134422_20hz.csv,0,29,legacy_folder,legacy,True,,,0.0,1.5,,,,
2023,train,0,walking,walking,walking__walking_20260715_134422_20hz,data/staging/20260731_rebuild01/cleaned_csv/walking_20260715_134422_20hz.csv,15,44,legacy_folder,legacy,True,,,0.75,2.25,,,,
2024,train,0,walking,walking,walking__walking_20260715_134422_20hz,data/staging/20260731_rebuild01/cleaned_csv/walking_20260715_134422_20hz.csv,30,59,legacy_folder,legacy,True,,,1.5,3.0,,,,
2025,train,0,walking,walking,walking__walking_20260715_134422_20hz,data/staging/20260731_rebuild01/cleaned_csv/walking_20260715_134422_20hz.csv,45,74,legacy_folder,legacy,True,,,2.25,3.75,,,,
2026,train,0,walking,walking,walking__walking_20260715_134422_20hz,data/staging/20260731_rebuild01/cleaned_csv/walking_20260715_134422_20hz.csv,60,89,legacy_folder,legacy,True,,,3.0,4.5,,,,
2027,train,0,walking,walking,walking__walking_20260715_134435_20hz,data/staging/20260731_rebuild01/cleaned_csv/walking_20260715_134435_20hz.csv,0,29,legacy_folder,legacy,True,,,0.0,1.5,,,,
2028,train,0,walking,walking,walking__walking_20260715_134435_20hz,data/staging/20260731_rebuild01/cleaned_csv/walking_20260715_134435_20hz.csv,15,44,legacy_folder,legacy,True,,,0.75,2.25,,,,
2029,train,0,walking,walking,walking__walking_20260715_134435_20hz,data/staging/20260731_rebuild01/cleaned_csv/walking_20260715_134435_20hz.csv,30,59,legacy_folder,legacy,True,,,1.5,3.0,,,,
2030,train,0,walking,walking,walking__walking_20260715_134435_20hz,data/staging/20260731_rebuild01/cleaned_csv/walking_20260715_134435_20hz.csv,45,74,legacy_folder,legacy,True,,,2.25,3.75,,,,
2031,train,0,walking,walking,walking__walking_20260715_134435_20hz,data/staging/20260731_rebuild01/cleaned_csv/walking_20260715_134435_20hz.csv,60,89,legacy_folder,legacy,True,,,3.0,4.5,,,,
2032,train,0,walking,walking,walking__walking_20260715_134447_20hz,data/staging/20260731_rebuild01/cleaned_csv/walking_20260715_134447_20hz.csv,0,29,legacy_folder,legacy,True,,,0.0,1.5,,,,
2033,train,0,walking,walking,walking__walking_20260715_134447_20hz,data/staging/20260731_rebuild01/cleaned_csv/walking_20260715_134447_20hz.csv,15,44,legacy_folder,legacy,True,,,0.75,2.25,,,,
2034,train,0,walking,walking,walking__walking_20260715_134447_20hz,data/staging/20260731_rebuild01/cleaned_csv/walking_20260715_134447_20hz.csv,30,59,legacy_folder,legacy,True,,,1.5,3.0,,,,
2035,train,0,walking,walking,walking__walking_20260715_134447_20hz,data/staging/20260731_rebuild01/cleaned_csv/walking_20260715_134447_20hz.csv,45,74,legacy_folder,legacy,True,,,2.25,3.75,,,,
2036,train,0,walking,walking,walking__walking_20260715_134447_20hz,data/staging/20260731_rebuild01/cleaned_csv/walking_20260715_134447_20hz.csv,60,89,legacy_folder,legacy,True,,,3.0,4.5,,,,
2042,train,0,walking,walking,walking__walking_20260715_134511_20hz,data/staging/20260731_rebuild01/cleaned_csv/walking_20260715_134511_20hz.csv,0,29,legacy_folder,legacy,True,,,0.0,1.5,,,,
2043,train,0,walking,walking,walking__walking_20260715_134511_20hz,data/staging/20260731_rebuild01/cleaned_csv/walking_20260715_134511_20hz.csv,15,44,legacy_folder,legacy,True,,,0.75,2.25,,,,
2044,train,0,walking,walking,walking__walking_20260715_134511_20hz,data/staging/20260731_rebuild01/cleaned_csv/walking_20260715_134511_20hz.csv,30,59,legacy_folder,legacy,True,,,1.5,3.0,,,,
2045,train,0,walking,walking,walking__walking_20260715_134522_20hz,data/staging/20260731_rebuild01/cleaned_csv/walking_20260715_134522_20hz.csv,0,29,legacy_folder,legacy,True,,,0.0,1.5,,,,
2046,train,0,walking,walking,walking__walking_20260715_134522_20hz,data/staging/20260731_rebuild01/cleaned_csv/walking_20260715_134522_20hz.csv,15,44,legacy_folder,legacy,True,,,0.75,2.25,,,,
2047,train,0,walking,walking,walking__walking_20260715_134522_20hz,data/staging/20260731_rebuild01/cleaned_csv/walking_20260715_134522_20hz.csv,30,59,legacy_folder,legacy,True,,,1.5,3.0,,,,
2048,train,0,walking,walking,walking__walking_20260715_134522_20hz,data/staging/20260731_rebuild01/cleaned_csv/walking_20260715_134522_20hz.csv,45,74,legacy_folder,legacy,True,,,2.25,3.75,,,,
2049,train,0,walking,walking,walking__walking_20260715_134522_20hz,data/staging/20260731_rebuild01/cleaned_csv/walking_20260715_134522_20hz.csv,60,89,legacy_folder,legacy,True,,,3.0,4.5,,,,
2050,train,0,walking,walking,walking__walking_20260715_134542_20hz,data/staging/20260731_rebuild01/cleaned_csv/walking_20260715_134542_20hz.csv,0,29,legacy_folder,legacy,True,,,0.0,1.5,,,,
2051,train,0,walking,walking,walking__walking_20260715_134542_20hz,data/staging/20260731_rebuild01/cleaned_csv/walking_20260715_134542_20hz.csv,15,44,legacy_folder,legacy,True,,,0.75,2.25,,,,
2052,train,0,walking,walking,walking__walking_20260715_134542_20hz,data/staging/20260731_rebuild01/cleaned_csv/walking_20260715_134542_20hz.csv,30,59,legacy_folder,legacy,True,,,1.5,3.0,,,,
2053,train,0,walking,walking,walking__walking_20260715_134542_20hz,data/staging/20260731_rebuild01/cleaned_csv/walking_20260715_134542_20hz.csv,45,74,legacy_folder,legacy,True,,,2.25,3.75,,,,
2054,train,0,walking,walking,walking__walking_20260715_134542_20hz,data/staging/20260731_rebuild01/cleaned_csv/walking_20260715_134542_20hz.csv,60,89,legacy_folder,legacy,True,,,3.0,4.5,,,,
2065,train,0,walking,walking,walking__walking_20260715_134612_20hz,data/staging/20260731_rebuild01/cleaned_csv/walking_20260715_134612_20hz.csv,0,29,legacy_folder,legacy,True,,,0.0,1.5,,,,
2066,train,0,walking,walking,walking__walking_20260715_134612_20hz,data/staging/20260731_rebuild01/cleaned_csv/walking_20260715_134612_20hz.csv,15,44,legacy_folder,legacy,True,,,0.75,2.25,,,,
2067,train,0,walking,walking,walking__walking_20260715_134612_20hz,data/staging/20260731_rebuild01/cleaned_csv/walking_20260715_134612_20hz.csv,30,59,legacy_folder,legacy,True,,,1.5,3.0,,,,
2068,train,0,walking,walking,walking__walking_20260715_134612_20hz,data/staging/20260731_rebuild01/cleaned_csv/walking_20260715_134612_20hz.csv,45,74,legacy_folder,legacy,True,,,2.25,3.75,,,,
2069,train,0,walking,walking,walking__walking_20260715_134612_20hz,data/staging/20260731_rebuild01/cleaned_csv/walking_20260715_134612_20hz.csv,60,89,legacy_folder,legacy,True,,,3.0,4.5,,,,
2070,train,0,walking,walking,walking__walking_20260715_134622_20hz,data/staging/20260731_rebuild01/cleaned_csv/walking_20260715_134622_20hz.csv,0,29,legacy_folder,legacy,True,,,0.0,1.5,,,,
2071,train,0,walking,walking,walking__walking_20260715_134622_20hz,data/staging/20260731_rebuild01/cleaned_csv/walking_20260715_134622_20hz.csv,15,44,legacy_folder,legacy,True,,,0.75,2.25,,,,
2072,train,0,walking,walking,walking__walking_20260715_134622_20hz,data/staging/20260731_rebuild01/cleaned_csv/walking_20260715_134622_20hz.csv,30,59,legacy_folder,legacy,True,,,1.5,3.0,,,,
2073,train,0,walking,walking,walking__walking_20260715_134622_20hz,data/staging/20260731_rebuild01/cleaned_csv/walking_20260715_134622_20hz.csv,45,74,legacy_folder,legacy,True,,,2.25,3.75,,,,
2074,train,0,walking,walking,walking__walking_20260715_134622_20hz,data/staging/20260731_rebuild01/cleaned_csv/walking_20260715_134622_20hz.csv,60,89,legacy_folder,legacy,True,,,3.0,4.5,,,,
2075,train,0,walking,walking,walking__walking_20260715_134631_20hz,data/staging/20260731_rebuild01/cleaned_csv/walking_20260715_134631_20hz.csv,0,29,legacy_folder,legacy,True,,,0.0,1.5,,,,
2076,train,0,walking,walking,walking__walking_20260715_134631_20hz,data/staging/20260731_rebuild01/cleaned_csv/walking_20260715_134631_20hz.csv,15,44,legacy_folder,legacy,True,,,0.75,2.25,,,,
2077,train,0,walking,walking,walking__walking_20260715_134631_20hz,data/staging/20260731_rebuild01/cleaned_csv/walking_20260715_134631_20hz.csv,30,59,legacy_folder,legacy,True,,,1.5,3.0,,,,
2078,train,0,walking,walking,walking__walking_20260715_134631_20hz,data/staging/20260731_rebuild01/cleaned_csv/walking_20260715_134631_20hz.csv,45,74,legacy_folder,legacy,True,,,2.25,3.75,,,,
2079,train,0,walking,walking,walking__walking_20260715_134631_20hz,data/staging/20260731_rebuild01/cleaned_csv/walking_20260715_134631_20hz.csv,60,89,legacy_folder,legacy,True,,,3.0,4.5,,,,
2080,train,0,walking,walking,walking__walking_20260715_134641_20hz,data/staging/20260731_rebuild01/cleaned_csv/walking_20260715_134641_20hz.csv,0,29,legacy_folder,legacy,True,,,0.0,1.5,,,,
2081,train,0,walking,walking,walking__walking_20260715_134641_20hz,data/staging/20260731_rebuild01/cleaned_csv/walking_20260715_134641_20hz.csv,15,44,legacy_folder,legacy,True,,,0.75,2.25,,,,
2082,train,0,walking,walking,walking__walking_20260715_134641_20hz,data/staging/20260731_rebuild01/cleaned_csv/walking_20260715_134641_20hz.csv,30,59,legacy_folder,legacy,True,,,1.5,3.0,,,,
2083,train,0,walking,walking,walking__walking_20260715_134641_20hz,data/staging/20260731_rebuild01/cleaned_csv/walking_20260715_134641_20hz.csv,45,74,legacy_folder,legacy,True,,,2.25,3.75,,,,
2084,train,0,walking,walking,walking__walking_20260715_134641_20hz,data/staging/20260731_rebuild01/cleaned_csv/walking_20260715_134641_20hz.csv,60,89,legacy_folder,legacy,True,,,3.0,4.5,,,,
2085,train,0,walking,walking,walking__walking_20260715_134650_20hz,data/staging/20260731_rebuild01/cleaned_csv/walking_20260715_134650_20hz.csv,0,29,legacy_folder,legacy,True,,,0.0,1.5,,,,
2086,train,0,walking,walking,walking__walking_20260715_134650_20hz,data/staging/20260731_rebuild01/cleaned_csv/walking_20260715_134650_20hz.csv,15,44,legacy_folder,legacy,True,,,0.75,2.25,,,,
2087,train,0,walking,walking,walking__walking_20260715_134650_20hz,data/staging/20260731_rebuild01/cleaned_csv/walking_20260715_134650_20hz.csv,30,59,legacy_folder,legacy,True,,,1.5,3.0,,,,
2088,train,0,walking,walking,walking__walking_20260715_134650_20hz,data/staging/20260731_rebuild01/cleaned_csv/walking_20260715_134650_20hz.csv,45,74,legacy_folder,legacy,True,,,2.25,3.75,,,,
2089,train,0,walking,walking,walking__walking_20260715_134650_20hz,data/staging/20260731_rebuild01/cleaned_csv/walking_20260715_134650_20hz.csv,60,89,legacy_folder,legacy,True,,,3.0,4.5,,,,
2090,train,0,walking,walking,walking__walking_20260715_134700_20hz,data/staging/20260731_rebuild01/cleaned_csv/walking_20260715_134700_20hz.csv,0,29,legacy_folder,legacy,True,,,0.0,1.5,,,,
2091,train,0,walking,walking,walking__walking_20260715_134700_20hz,data/staging/20260731_rebuild01/cleaned_csv/walking_20260715_134700_20hz.csv,15,44,legacy_folder,legacy,True,,,0.75,2.25,,,,
2092,train,0,walking,walking,walking__walking_20260715_134700_20hz,data/staging/20260731_rebuild01/cleaned_csv/walking_20260715_134700_20hz.csv,30,59,legacy_folder,legacy,True,,,1.5,3.0,,,,
2093,train,0,walking,walking,walking__walking_20260715_134700_20hz,data/staging/20260731_rebuild01/cleaned_csv/walking_20260715_134700_20hz.csv,45,74,legacy_folder,legacy,True,,,2.25,3.75,,,,
2094,train,0,walking,walking,walking__walking_20260715_134700_20hz,data/staging/20260731_rebuild01/cleaned_csv/walking_20260715_134700_20hz.csv,60,89,legacy_folder,legacy,True,,,3.0,4.5,,,,
2110,train,0,walking,walking,walking__walking_20260715_134750_20hz,data/staging/20260731_rebuild01/cleaned_csv/walking_20260715_134750_20hz.csv,0,29,legacy_folder,legacy,True,,,0.0,1.5,,,,
2111,train,0,walking,walking,walking__walking_20260715_134750_20hz,data/staging/20260731_rebuild01/cleaned_csv/walking_20260715_134750_20hz.csv,15,44,legacy_folder,legacy,True,,,0.75,2.25,,,,
2112,train,0,walking,walking,walking__walking_20260715_134750_20hz,data/staging/20260731_rebuild01/cleaned_csv/walking_20260715_134750_20hz.csv,30,59,legacy_folder,legacy,True,,,1.5,3.0,,,,
2113,train,0,walking,walking,walking__walking_20260715_134750_20hz,data/staging/20260731_rebuild01/cleaned_csv/walking_20260715_134750_20hz.csv,45,74,legacy_folder,legacy,True,,,2.25,3.75,,,,
2114,train,0,walking,walking,walking__walking_20260715_134750_20hz,data/staging/20260731_rebuild01/cleaned_csv/walking_20260715_134750_20hz.csv,60,89,legacy_folder,legacy,True,,,3.0,4.5,,,,
2120,train,0,walking,walking,walking__walking_20260715_134817_20hz,data/staging/20260731_rebuild01/cleaned_csv/walking_20260715_134817_20hz.csv,0,29,legacy_folder,legacy,True,,,0.0,1.5,,,,
2121,train,0,walking,walking,walking__walking_20260715_134817_20hz,data/staging/20260731_rebuild01/cleaned_csv/walking_20260715_134817_20hz.csv,15,44,legacy_folder,legacy,True,,,0.75,2.25,,,,
2122,train,0,walking,walking,walking__walking_20260715_134817_20hz,data/staging/20260731_rebuild01/cleaned_csv/walking_20260715_134817_20hz.csv,30,59,legacy_folder,legacy,True,,,1.5,3.0,,,,
2123,train,0,walking,walking,walking__walking_20260715_134817_20hz,data/staging/20260731_rebuild01/cleaned_csv/walking_20260715_134817_20hz.csv,45,74,legacy_folder,legacy,True,,,2.25,3.75,,,,
2124,train,0,walking,walking,walking__walking_20260715_134817_20hz,data/staging/20260731_rebuild01/cleaned_csv/walking_20260715_134817_20hz.csv,60,89,legacy_folder,legacy,True,,,3.0,4.5,,,,
2125,train,0,walking,walking,walking__walking_20260715_134826_20hz,data/staging/20260731_rebuild01/cleaned_csv/walking_20260715_134826_20hz.csv,0,29,legacy_folder,legacy,True,,,0.0,1.5,,,,
2126,train,0,walking,walking,walking__walking_20260715_134826_20hz,data/staging/20260731_rebuild01/cleaned_csv/walking_20260715_134826_20hz.csv,15,44,legacy_folder,legacy,True,,,0.75,2.25,,,,
2127,train,0,walking,walking,walking__walking_20260715_134826_20hz,data/staging/20260731_rebuild01/cleaned_csv/walking_20260715_134826_20hz.csv,30,59,legacy_folder,legacy,True,,,1.5,3.0,,,,
2128,train,0,walking,walking,walking__walking_20260715_134826_20hz,data/staging/20260731_rebuild01/cleaned_csv/walking_20260715_134826_20hz.csv,45,74,legacy_folder,legacy,True,,,2.25,3.75,,,,
2129,train,0,walking,walking,walking__walking_20260715_134826_20hz,data/staging/20260731_rebuild01/cleaned_csv/walking_20260715_134826_20hz.csv,60,89,legacy_folder,legacy,True,,,3.0,4.5,,,,
2130,train,0,walking,walking,walking__walking_20260715_134836_20hz,data/staging/20260731_rebuild01/cleaned_csv/walking_20260715_134836_20hz.csv,0,29,legacy_folder,legacy,True,,,0.0,1.5,,,,
2131,train,0,walking,walking,walking__walking_20260715_134836_20hz,data/staging/20260731_rebuild01/cleaned_csv/walking_20260715_134836_20hz.csv,15,44,legacy_folder,legacy,True,,,0.75,2.25,,,,
2132,train,0,walking,walking,walking__walking_20260715_134836_20hz,data/staging/20260731_rebuild01/cleaned_csv/walking_20260715_134836_20hz.csv,30,59,legacy_folder,legacy,True,,,1.5,3.0,,,,
2133,train,0,walking,walking,walking__walking_20260715_134836_20hz,data/staging/20260731_rebuild01/cleaned_csv/walking_20260715_134836_20hz.csv,45,74,legacy_folder,legacy,True,,,2.25,3.75,,,,
2134,train,0,walking,walking,walking__walking_20260715_134836_20hz,data/staging/20260731_rebuild01/cleaned_csv/walking_20260715_134836_20hz.csv,60,89,legacy_folder,legacy,True,,,3.0,4.5,,,,
2135,train,0,walking,walking,walking__walking_20260715_134846_20hz,data/staging/20260731_rebuild01/cleaned_csv/walking_20260715_134846_20hz.csv,0,29,legacy_folder,legacy,True,,,0.0,1.5,,,,
2136,train,0,walking,walking,walking__walking_20260715_134846_20hz,data/staging/20260731_rebuild01/cleaned_csv/walking_20260715_134846_20hz.csv,15,44,legacy_folder,legacy,True,,,0.75,2.25,,,,
2137,train,0,walking,walking,walking__walking_20260715_134846_20hz,data/staging/20260731_rebuild01/cleaned_csv/walking_20260715_134846_20hz.csv,30,59,legacy_folder,legacy,True,,,1.5,3.0,,,,
2138,train,0,walking,walking,walking__walking_20260715_134846_20hz,data/staging/20260731_rebuild01/cleaned_csv/walking_20260715_134846_20hz.csv,45,74,legacy_folder,legacy,True,,,2.25,3.75,,,,
2139,train,0,walking,walking,walking__walking_20260715_134846_20hz,data/staging/20260731_rebuild01/cleaned_csv/walking_20260715_134846_20hz.csv,60,89,legacy_folder,legacy,True,,,3.0,4.5,,,,
2140,train,0,walking,walking,walking__walking_20260715_134856_20hz,data/staging/20260731_rebuild01/cleaned_csv/walking_20260715_134856_20hz.csv,0,29,legacy_folder,legacy,True,,,0.0,1.5,,,,
2141,train,0,walking,walking,walking__walking_20260715_134856_20hz,data/staging/20260731_rebuild01/cleaned_csv/walking_20260715_134856_20hz.csv,15,44,legacy_folder,legacy,True,,,0.75,2.25,,,,
2142,train,0,walking,walking,walking__walking_20260715_134856_20hz,data/staging/20260731_rebuild01/cleaned_csv/walking_20260715_134856_20hz.csv,30,59,legacy_folder,legacy,True,,,1.5,3.0,,,,
2143,train,0,walking,walking,walking__walking_20260715_134856_20hz,data/staging/20260731_rebuild01/cleaned_csv/walking_20260715_134856_20hz.csv,45,74,legacy_folder,legacy,True,,,2.25,3.75,,,,
2144,train,0,walking,walking,walking__walking_20260715_134856_20hz,data/staging/20260731_rebuild01/cleaned_csv/walking_20260715_134856_20hz.csv,60,89,legacy_folder,legacy,True,,,3.0,4.5,,,,
2145,train,0,walking,walking,walking__walking_20260715_134933_20hz,data/staging/20260731_rebuild01/cleaned_csv/walking_20260715_134933_20hz.csv,0,29,legacy_folder,legacy,True,,,0.0,1.5,,,,
2146,train,0,walking,walking,walking__walking_20260715_134933_20hz,data/staging/20260731_rebuild01/cleaned_csv/walking_20260715_134933_20hz.csv,15,44,legacy_folder,legacy,True,,,0.75,2.25,,,,
2147,train,0,walking,walking,walking__walking_20260715_134933_20hz,data/staging/20260731_rebuild01/cleaned_csv/walking_20260715_134933_20hz.csv,30,59,legacy_folder,legacy,True,,,1.5,3.0,,,,
2148,train,0,walking,walking,walking__walking_20260715_134933_20hz,data/staging/20260731_rebuild01/cleaned_csv/walking_20260715_134933_20hz.csv,45,74,legacy_folder,legacy,True,,,2.25,3.75,,,,
2149,train,0,walking,walking,walking__walking_20260715_134933_20hz,data/staging/20260731_rebuild01/cleaned_csv/walking_20260715_134933_20hz.csv,60,89,legacy_folder,legacy,True,,,3.0,4.5,,,,
2150,train,0,walking,walking,walking__walking_20260715_134945_20hz,data/staging/20260731_rebuild01/cleaned_csv/walking_20260715_134945_20hz.csv,0,29,legacy_folder,legacy,True,,,0.0,1.5,,,,
2151,train,0,walking,walking,walking__walking_20260715_134945_20hz,data/staging/20260731_rebuild01/cleaned_csv/walking_20260715_134945_20hz.csv,15,44,legacy_folder,legacy,True,,,0.75,2.25,,,,
2152,train,0,walking,walking,walking__walking_20260715_134945_20hz,data/staging/20260731_rebuild01/cleaned_csv/walking_20260715_134945_20hz.csv,30,59,legacy_folder,legacy,True,,,1.5,3.0,,,,
2153,train,0,walking,walking,walking__walking_20260715_134945_20hz,data/staging/20260731_rebuild01/cleaned_csv/walking_20260715_134945_20hz.csv,45,74,legacy_folder,legacy,True,,,2.25,3.75,,,,
2154,train,0,walking,walking,walking__walking_20260715_134945_20hz,data/staging/20260731_rebuild01/cleaned_csv/walking_20260715_134945_20hz.csv,60,89,legacy_folder,legacy,True,,,3.0,4.5,,,,
2160,train,0,walking,walking,walking__walking_20260715_135009_20hz,data/staging/20260731_rebuild01/cleaned_csv/walking_20260715_135009_20hz.csv,0,29,legacy_folder,legacy,True,,,0.0,1.5,,,,
2161,train,0,walking,walking,walking__walking_20260715_135009_20hz,data/staging/20260731_rebuild01/cleaned_csv/walking_20260715_135009_20hz.csv,15,44,legacy_folder,legacy,True,,,0.75,2.25,,,,
2162,train,0,walking,walking,walking__walking_20260715_135009_20hz,data/staging/20260731_rebuild01/cleaned_csv/walking_20260715_135009_20hz.csv,30,59,legacy_folder,legacy,True,,,1.5,3.0,,,,
2163,train,0,walking,walking,walking__walking_20260715_135009_20hz,data/staging/20260731_rebuild01/cleaned_csv/walking_20260715_135009_20hz.csv,45,74,legacy_folder,legacy,True,,,2.25,3.75,,,,
2164,train,0,walking,walking,walking__walking_20260715_135009_20hz,data/staging/20260731_rebuild01/cleaned_csv/walking_20260715_135009_20hz.csv,60,89,legacy_folder,legacy,True,,,3.0,4.5,,,,
2165,train,0,walking,walking,walking__walking_20260715_135022_20hz,data/staging/20260731_rebuild01/cleaned_csv/walking_20260715_135022_20hz.csv,0,29,legacy_folder,legacy,True,,,0.0,1.5,,,,
2166,train,0,walking,walking,walking__walking_20260715_135022_20hz,data/staging/20260731_rebuild01/cleaned_csv/walking_20260715_135022_20hz.csv,15,44,legacy_folder,legacy,True,,,0.75,2.25,,,,
2167,train,0,walking,walking,walking__walking_20260715_135022_20hz,data/staging/20260731_rebuild01/cleaned_csv/walking_20260715_135022_20hz.csv,30,59,legacy_folder,legacy,True,,,1.5,3.0,,,,
2168,train,0,walking,walking,walking__walking_20260715_135022_20hz,data/staging/20260731_rebuild01/cleaned_csv/walking_20260715_135022_20hz.csv,45,74,legacy_folder,legacy,True,,,2.25,3.75,,,,
2169,train,0,walking,walking,walking__walking_20260715_135022_20hz,data/staging/20260731_rebuild01/cleaned_csv/walking_20260715_135022_20hz.csv,60,89,legacy_folder,legacy,True,,,3.0,4.5,,,,
2170,train,0,walking,walking,walking__walking_20260715_135036_20hz,data/staging/20260731_rebuild01/cleaned_csv/walking_20260715_135036_20hz.csv,0,29,legacy_folder,legacy,True,,,0.0,1.5,,,,
2171,train,0,walking,walking,walking__walking_20260715_135036_20hz,data/staging/20260731_rebuild01/cleaned_csv/walking_20260715_135036_20hz.csv,15,44,legacy_folder,legacy,True,,,0.75,2.25,,,,
2172,train,0,walking,walking,walking__walking_20260715_135036_20hz,data/staging/20260731_rebuild01/cleaned_csv/walking_20260715_135036_20hz.csv,30,59,legacy_folder,legacy,True,,,1.5,3.0,,,,
2173,train,0,walking,walking,walking__walking_20260715_135036_20hz,data/staging/20260731_rebuild01/cleaned_csv/walking_20260715_135036_20hz.csv,45,74,legacy_folder,legacy,True,,,2.25,3.75,,,,
2174,train,0,walking,walking,walking__walking_20260715_135036_20hz,data/staging/20260731_rebuild01/cleaned_csv/walking_20260715_135036_20hz.csv,60,89,legacy_folder,legacy,True,,,3.0,4.5,,,,
2175,train,0,walking,walking,walking__walking_20260715_135049_20hz,data/staging/20260731_rebuild01/cleaned_csv/walking_20260715_135049_20hz.csv,0,29,legacy_folder,legacy,True,,,0.0,1.5,,,,
2176,train,0,walking,walking,walking__walking_20260715_135049_20hz,data/staging/20260731_rebuild01/cleaned_csv/walking_20260715_135049_20hz.csv,15,44,legacy_folder,legacy,True,,,0.75,2.25,,,,
2177,train,0,walking,walking,walking__walking_20260715_135049_20hz,data/staging/20260731_rebuild01/cleaned_csv/walking_20260715_135049_20hz.csv,30,59,legacy_folder,legacy,True,,,1.5,3.0,,,,
2178,train,0,walking,walking,walking__walking_20260715_135049_20hz,data/staging/20260731_rebuild01/cleaned_csv/walking_20260715_135049_20hz.csv,45,74,legacy_folder,legacy,True,,,2.25,3.75,,,,
2179,train,0,walking,walking,walking__walking_20260715_135049_20hz,data/staging/20260731_rebuild01/cleaned_csv/walking_20260715_135049_20hz.csv,60,89,legacy_folder,legacy,True,,,3.0,4.5,,,,
2180,train,0,walking,walking,walking__walking_20260715_135102_20hz,data/staging/20260731_rebuild01/cleaned_csv/walking_20260715_135102_20hz.csv,0,29,legacy_folder,legacy,True,,,0.0,1.5,,,,
2181,train,0,walking,walking,walking__walking_20260715_135102_20hz,data/staging/20260731_rebuild01/cleaned_csv/walking_20260715_135102_20hz.csv,15,44,legacy_folder,legacy,True,,,0.75,2.25,,,,
2182,train,0,walking,walking,walking__walking_20260715_135102_20hz,data/staging/20260731_rebuild01/cleaned_csv/walking_20260715_135102_20hz.csv,30,59,legacy_folder,legacy,True,,,1.5,3.0,,,,
2183,train,0,walking,walking,walking__walking_20260715_135102_20hz,data/staging/20260731_rebuild01/cleaned_csv/walking_20260715_135102_20hz.csv,45,74,legacy_folder,legacy,True,,,2.25,3.75,,,,
2184,train,0,walking,walking,walking__walking_20260715_135102_20hz,data/staging/20260731_rebuild01/cleaned_csv/walking_20260715_135102_20hz.csv,60,89,legacy_folder,legacy,True,,,3.0,4.5,,,,
2185,train,0,walking,walking,walking__walking_20260715_135116_20hz,data/staging/20260731_rebuild01/cleaned_csv/walking_20260715_135116_20hz.csv,0,29,legacy_folder,legacy,True,,,0.0,1.5,,,,
2186,train,0,walking,walking,walking__walking_20260715_135116_20hz,data/staging/20260731_rebuild01/cleaned_csv/walking_20260715_135116_20hz.csv,15,44,legacy_folder,legacy,True,,,0.75,2.25,,,,
2187,train,0,walking,walking,walking__walking_20260715_135116_20hz,data/staging/20260731_rebuild01/cleaned_csv/walking_20260715_135116_20hz.csv,30,59,legacy_folder,legacy,True,,,1.5,3.0,,,,
2188,train,0,walking,walking,walking__walking_20260715_135116_20hz,data/staging/20260731_rebuild01/cleaned_csv/walking_20260715_135116_20hz.csv,45,74,legacy_folder,legacy,True,,,2.25,3.75,,,,
2189,train,0,walking,walking,walking__walking_20260715_135116_20hz,data/staging/20260731_rebuild01/cleaned_csv/walking_20260715_135116_20hz.csv,60,89,legacy_folder,legacy,True,,,3.0,4.5,,,,
2195,train,0,walking,walking,walking__walking_20260715_135141_20hz,data/staging/20260731_rebuild01/cleaned_csv/walking_20260715_135141_20hz.csv,0,29,legacy_folder,legacy,True,,,0.0,1.5,,,,
2196,train,0,walking,walking,walking__walking_20260715_135141_20hz,data/staging/20260731_rebuild01/cleaned_csv/walking_20260715_135141_20hz.csv,15,44,legacy_folder,legacy,True,,,0.75,2.25,,,,
2197,train,0,walking,walking,walking__walking_20260715_135141_20hz,data/staging/20260731_rebuild01/cleaned_csv/walking_20260715_135141_20hz.csv,30,59,legacy_folder,legacy,True,,,1.5,3.0,,,,
2198,train,0,walking,walking,walking__walking_20260715_135141_20hz,data/staging/20260731_rebuild01/cleaned_csv/walking_20260715_135141_20hz.csv,45,74,legacy_folder,legacy,True,,,2.25,3.75,,,,
2199,train,0,walking,walking,walking__walking_20260715_135141_20hz,data/staging/20260731_rebuild01/cleaned_csv/walking_20260715_135141_20hz.csv,60,89,legacy_folder,legacy,True,,,3.0,4.5,,,,
2205,train,0,walking,walking,walking__walking_20260715_175015_20hz,data/staging/20260731_rebuild01/cleaned_csv/walking_20260715_175015_20hz.csv,0,29,legacy_folder,legacy,True,,,0.0,1.5,,,,
2206,train,0,walking,walking,walking__walking_20260715_175015_20hz,data/staging/20260731_rebuild01/cleaned_csv/walking_20260715_175015_20hz.csv,15,44,legacy_folder,legacy,True,,,0.75,2.25,,,,
2207,train,0,walking,walking,walking__walking_20260715_175015_20hz,data/staging/20260731_rebuild01/cleaned_csv/walking_20260715_175015_20hz.csv,30,59,legacy_folder,legacy,True,,,1.5,3.0,,,,
2208,train,0,walking,walking,walking__walking_20260715_175015_20hz,data/staging/20260731_rebuild01/cleaned_csv/walking_20260715_175015_20hz.csv,45,74,legacy_folder,legacy,True,,,2.25,3.75,,,,
2214,train,0,walking,walking,walking__walking_20260715_175122_20hz,data/staging/20260731_rebuild01/cleaned_csv/walking_20260715_175122_20hz.csv,0,29,legacy_folder,legacy,True,,,0.0,1.5,,,,
2215,train,0,walking,walking,walking__walking_20260715_175122_20hz,data/staging/20260731_rebuild01/cleaned_csv/walking_20260715_175122_20hz.csv,15,44,legacy_folder,legacy,True,,,0.75,2.25,,,,
2216,train,0,walking,walking,walking__walking_20260715_175122_20hz,data/staging/20260731_rebuild01/cleaned_csv/walking_20260715_175122_20hz.csv,30,59,legacy_folder,legacy,True,,,1.5,3.0,,,,
2217,train,0,walking,walking,walking__walking_20260715_175122_20hz,data/staging/20260731_rebuild01/cleaned_csv/walking_20260715_175122_20hz.csv,45,74,legacy_folder,legacy,True,,,2.25,3.75,,,,
2218,train,0,walking,walking,walking__walking_20260715_175122_20hz,data/staging/20260731_rebuild01/cleaned_csv/walking_20260715_175122_20hz.csv,60,89,legacy_folder,legacy,True,,,3.0,4.5,,,,
2224,train,0,walking,walking,walking__walking_20260715_175426_20hz,data/staging/20260731_rebuild01/cleaned_csv/walking_20260715_175426_20hz.csv,0,29,legacy_folder,legacy,True,,,0.0,1.5,,,,
2225,train,0,walking,walking,walking__walking_20260715_175426_20hz,data/staging/20260731_rebuild01/cleaned_csv/walking_20260715_175426_20hz.csv,15,44,legacy_folder,legacy,True,,,0.75,2.25,,,,
2226,train,0,walking,walking,walking__walking_20260715_175426_20hz,data/staging/20260731_rebuild01/cleaned_csv/walking_20260715_175426_20hz.csv,30,59,legacy_folder,legacy,True,,,1.5,3.0,,,,
2227,train,0,walking,walking,walking__walking_20260715_175426_20hz,data/staging/20260731_rebuild01/cleaned_csv/walking_20260715_175426_20hz.csv,45,74,legacy_folder,legacy,True,,,2.25,3.75,,,,
2228,train,0,walking,walking,walking__walking_20260715_175426_20hz,data/staging/20260731_rebuild01/cleaned_csv/walking_20260715_175426_20hz.csv,60,89,legacy_folder,legacy,True,,,3.0,4.5,,,,
2229,train,0,walking,walking,walking__walking_20260715_175445_20hz,data/staging/20260731_rebuild01/cleaned_csv/walking_20260715_175445_20hz.csv,0,29,legacy_folder,legacy,True,,,0.0,1.5,,,,
2230,train,0,walking,walking,walking__walking_20260715_175445_20hz,data/staging/20260731_rebuild01/cleaned_csv/walking_20260715_175445_20hz.csv,15,44,legacy_folder,legacy,True,,,0.75,2.25,,,,
2231,train,0,walking,walking,walking__walking_20260715_175445_20hz,data/staging/20260731_rebuild01/cleaned_csv/walking_20260715_175445_20hz.csv,30,59,legacy_folder,legacy,True,,,1.5,3.0,,,,
2232,train,0,walking,walking,walking__walking_20260715_175445_20hz,data/staging/20260731_rebuild01/cleaned_csv/walking_20260715_175445_20hz.csv,45,74,legacy_folder,legacy,True,,,2.25,3.75,,,,
2233,train,0,walking,walking,walking__walking_20260715_175445_20hz,data/staging/20260731_rebuild01/cleaned_csv/walking_20260715_175445_20hz.csv,60,89,legacy_folder,legacy,True,,,3.0,4.5,,,,
2244,train,0,walking,walking,walking__walking_20260715_175528_20hz,data/staging/20260731_rebuild01/cleaned_csv/walking_20260715_175528_20hz.csv,0,29,legacy_folder,legacy,True,,,0.0,1.5,,,,
2245,train,0,walking,walking,walking__walking_20260715_175528_20hz,data/staging/20260731_rebuild01/cleaned_csv/walking_20260715_175528_20hz.csv,15,44,legacy_folder,legacy,True,,,0.75,2.25,,,,
2246,train,0,walking,walking,walking__walking_20260715_175528_20hz,data/staging/20260731_rebuild01/cleaned_csv/walking_20260715_175528_20hz.csv,30,59,legacy_folder,legacy,True,,,1.5,3.0,,,,
2247,train,0,walking,walking,walking__walking_20260715_175528_20hz,data/staging/20260731_rebuild01/cleaned_csv/walking_20260715_175528_20hz.csv,45,74,legacy_folder,legacy,True,,,2.25,3.75,,,,
2248,train,0,walking,walking,walking__walking_20260715_175528_20hz,data/staging/20260731_rebuild01/cleaned_csv/walking_20260715_175528_20hz.csv,60,89,legacy_folder,legacy,True,,,3.0,4.5,,,,
2254,train,0,walking,walking,walking__walking_20260715_175552_20hz,data/staging/20260731_rebuild01/cleaned_csv/walking_20260715_175552_20hz.csv,0,29,legacy_folder,legacy,True,,,0.0,1.5,,,,
2255,train,0,walking,walking,walking__walking_20260715_175552_20hz,data/staging/20260731_rebuild01/cleaned_csv/walking_20260715_175552_20hz.csv,15,44,legacy_folder,legacy,True,,,0.75,2.25,,,,
2256,train,0,walking,walking,walking__walking_20260715_175552_20hz,data/staging/20260731_rebuild01/cleaned_csv/walking_20260715_175552_20hz.csv,30,59,legacy_folder,legacy,True,,,1.5,3.0,,,,
2257,train,0,walking,walking,walking__walking_20260715_175552_20hz,data/staging/20260731_rebuild01/cleaned_csv/walking_20260715_175552_20hz.csv,45,74,legacy_folder,legacy,True,,,2.25,3.75,,,,
2258,train,0,walking,walking,walking__walking_20260715_175552_20hz,data/staging/20260731_rebuild01/cleaned_csv/walking_20260715_175552_20hz.csv,60,89,legacy_folder,legacy,True,,,3.0,4.5,,,,
2264,train,0,walking,walking,walking__walking_20260715_175627_20hz,data/staging/20260731_rebuild01/cleaned_csv/walking_20260715_175627_20hz.csv,0,29,legacy_folder,legacy,True,,,0.0,1.5,,,,
2265,train,0,walking,walking,walking__walking_20260715_175627_20hz,data/staging/20260731_rebuild01/cleaned_csv/walking_20260715_175627_20hz.csv,15,44,legacy_folder,legacy,True,,,0.75,2.25,,,,
2266,train,0,walking,walking,walking__walking_20260715_175627_20hz,data/staging/20260731_rebuild01/cleaned_csv/walking_20260715_175627_20hz.csv,30,59,legacy_folder,legacy,True,,,1.5,3.0,,,,
2267,train,0,walking,walking,walking__walking_20260715_175627_20hz,data/staging/20260731_rebuild01/cleaned_csv/walking_20260715_175627_20hz.csv,45,74,legacy_folder,legacy,True,,,2.25,3.75,,,,
2268,train,0,walking,walking,walking__walking_20260715_175627_20hz,data/staging/20260731_rebuild01/cleaned_csv/walking_20260715_175627_20hz.csv,60,89,legacy_folder,legacy,True,,,3.0,4.5,,,,
2269,train,0,walking,walking,walking__walking_20260715_175641_20hz,data/staging/20260731_rebuild01/cleaned_csv/walking_20260715_175641_20hz.csv,0,29,legacy_folder,legacy,True,,,0.0,1.5,,,,
2270,train,0,walking,walking,walking__walking_20260715_175641_20hz,data/staging/20260731_rebuild01/cleaned_csv/walking_20260715_175641_20hz.csv,15,44,legacy_folder,legacy,True,,,0.75,2.25,,,,
2271,train,0,walking,walking,walking__walking_20260715_175641_20hz,data/staging/20260731_rebuild01/cleaned_csv/walking_20260715_175641_20hz.csv,30,59,legacy_folder,legacy,True,,,1.5,3.0,,,,
2272,train,0,walking,walking,walking__walking_20260715_175641_20hz,data/staging/20260731_rebuild01/cleaned_csv/walking_20260715_175641_20hz.csv,45,74,legacy_folder,legacy,True,,,2.25,3.75,,,,
2273,train,0,walking,walking,walking__walking_20260715_175652_20hz,data/staging/20260731_rebuild01/cleaned_csv/walking_20260715_175652_20hz.csv,0,29,legacy_folder,legacy,True,,,0.0,1.5,,,,
2274,train,0,walking,walking,walking__walking_20260715_175652_20hz,data/staging/20260731_rebuild01/cleaned_csv/walking_20260715_175652_20hz.csv,15,44,legacy_folder,legacy,True,,,0.75,2.25,,,,
2275,train,0,walking,walking,walking__walking_20260715_175652_20hz,data/staging/20260731_rebuild01/cleaned_csv/walking_20260715_175652_20hz.csv,30,59,legacy_folder,legacy,True,,,1.5,3.0,,,,
2276,train,0,walking,walking,walking__walking_20260715_175652_20hz,data/staging/20260731_rebuild01/cleaned_csv/walking_20260715_175652_20hz.csv,45,74,legacy_folder,legacy,True,,,2.25,3.75,,,,
2277,train,0,walking,walking,walking__walking_20260715_175705_20hz,data/staging/20260731_rebuild01/cleaned_csv/walking_20260715_175705_20hz.csv,0,29,legacy_folder,legacy,True,,,0.0,1.5,,,,
2278,train,0,walking,walking,walking__walking_20260715_175705_20hz,data/staging/20260731_rebuild01/cleaned_csv/walking_20260715_175705_20hz.csv,15,44,legacy_folder,legacy,True,,,0.75,2.25,,,,
2279,train,0,walking,walking,walking__walking_20260715_175705_20hz,data/staging/20260731_rebuild01/cleaned_csv/walking_20260715_175705_20hz.csv,30,59,legacy_folder,legacy,True,,,1.5,3.0,,,,
2280,train,0,walking,walking,walking__walking_20260715_175705_20hz,data/staging/20260731_rebuild01/cleaned_csv/walking_20260715_175705_20hz.csv,45,74,legacy_folder,legacy,True,,,2.25,3.75,,,,
2281,train,0,walking,walking,walking__walking_20260715_175705_20hz,data/staging/20260731_rebuild01/cleaned_csv/walking_20260715_175705_20hz.csv,60,89,legacy_folder,legacy,True,,,3.0,4.5,,,,
2284,train,0,walking,walking,walking__walking_20260715_175733_20hz,data/staging/20260731_rebuild01/cleaned_csv/walking_20260715_175733_20hz.csv,0,29,legacy_folder,legacy,True,,,0.0,1.5,,,,
2285,train,0,walking,walking,walking__walking_20260715_175733_20hz,data/staging/20260731_rebuild01/cleaned_csv/walking_20260715_175733_20hz.csv,15,44,legacy_folder,legacy,True,,,0.75,2.25,,,,
2286,train,0,walking,walking,walking__walking_20260715_175733_20hz,data/staging/20260731_rebuild01/cleaned_csv/walking_20260715_175733_20hz.csv,30,59,legacy_folder,legacy,True,,,1.5,3.0,,,,
2287,train,0,walking,walking,walking__walking_20260715_175733_20hz,data/staging/20260731_rebuild01/cleaned_csv/walking_20260715_175733_20hz.csv,45,74,legacy_folder,legacy,True,,,2.25,3.75,,,,
2288,train,0,walking,walking,walking__walking_20260715_175733_20hz,data/staging/20260731_rebuild01/cleaned_csv/walking_20260715_175733_20hz.csv,60,89,legacy_folder,legacy,True,,,3.0,4.5,,,,
2289,train,0,walking,walking,walking__walking_20260715_175747_20hz,data/staging/20260731_rebuild01/cleaned_csv/walking_20260715_175747_20hz.csv,0,29,legacy_folder,legacy,True,,,0.0,1.5,,,,
2290,train,0,walking,walking,walking__walking_20260715_175747_20hz,data/staging/20260731_rebuild01/cleaned_csv/walking_20260715_175747_20hz.csv,15,44,legacy_folder,legacy,True,,,0.75,2.25,,,,
2291,train,0,walking,walking,walking__walking_20260715_175747_20hz,data/staging/20260731_rebuild01/cleaned_csv/walking_20260715_175747_20hz.csv,30,59,legacy_folder,legacy,True,,,1.5,3.0,,,,
2292,train,0,walking,walking,walking__walking_20260715_175747_20hz,data/staging/20260731_rebuild01/cleaned_csv/walking_20260715_175747_20hz.csv,45,74,legacy_folder,legacy,True,,,2.25,3.75,,,,
2293,train,0,walking,walking,walking__walking_20260715_175747_20hz,data/staging/20260731_rebuild01/cleaned_csv/walking_20260715_175747_20hz.csv,60,89,legacy_folder,legacy,True,,,3.0,4.5,,,,
2294,train,0,walking,walking,walking__walking_20260715_175758_20hz,data/staging/20260731_rebuild01/cleaned_csv/walking_20260715_175758_20hz.csv,0,29,legacy_folder,legacy,True,,,0.0,1.5,,,,
2295,train,0,walking,walking,walking__walking_20260715_175758_20hz,data/staging/20260731_rebuild01/cleaned_csv/walking_20260715_175758_20hz.csv,15,44,legacy_folder,legacy,True,,,0.75,2.25,,,,
2296,train,0,walking,walking,walking__walking_20260715_175758_20hz,data/staging/20260731_rebuild01/cleaned_csv/walking_20260715_175758_20hz.csv,30,59,legacy_folder,legacy,True,,,1.5,3.0,,,,
2297,train,0,walking,walking,walking__walking_20260715_175758_20hz,data/staging/20260731_rebuild01/cleaned_csv/walking_20260715_175758_20hz.csv,45,74,legacy_folder,legacy,True,,,2.25,3.75,,,,
2298,train,0,walking,walking,walking__walking_20260715_175758_20hz,data/staging/20260731_rebuild01/cleaned_csv/walking_20260715_175758_20hz.csv,60,89,legacy_folder,legacy,True,,,3.0,4.5,,,,
2299,train,0,walking,walking,walking__walking_20260715_175810_20hz,data/staging/20260731_rebuild01/cleaned_csv/walking_20260715_175810_20hz.csv,0,29,legacy_folder,legacy,True,,,0.0,1.5,,,,
2300,train,0,walking,walking,walking__walking_20260715_175810_20hz,data/staging/20260731_rebuild01/cleaned_csv/walking_20260715_175810_20hz.csv,15,44,legacy_folder,legacy,True,,,0.75,2.25,,,,
2301,train,0,walking,walking,walking__walking_20260715_175810_20hz,data/staging/20260731_rebuild01/cleaned_csv/walking_20260715_175810_20hz.csv,30,59,legacy_folder,legacy,True,,,1.5,3.0,,,,
2302,train,0,walking,walking,walking__walking_20260715_175810_20hz,data/staging/20260731_rebuild01/cleaned_csv/walking_20260715_175810_20hz.csv,45,74,legacy_folder,legacy,True,,,2.25,3.75,,,,
2303,train,0,walking,walking,walking__walking_20260715_175810_20hz,data/staging/20260731_rebuild01/cleaned_csv/walking_20260715_175810_20hz.csv,60,89,legacy_folder,legacy,True,,,3.0,4.5,,,,
2304,train,0,walking,walking,walking__walking_20260715_175823_20hz,data/staging/20260731_rebuild01/cleaned_csv/walking_20260715_175823_20hz.csv,0,29,legacy_folder,legacy,True,,,0.0,1.5,,,,
2305,train,0,walking,walking,walking__walking_20260715_175823_20hz,data/staging/20260731_rebuild01/cleaned_csv/walking_20260715_175823_20hz.csv,15,44,legacy_folder,legacy,True,,,0.75,2.25,,,,
2306,train,0,walking,walking,walking__walking_20260715_175823_20hz,data/staging/20260731_rebuild01/cleaned_csv/walking_20260715_175823_20hz.csv,30,59,legacy_folder,legacy,True,,,1.5,3.0,,,,
2307,train,0,walking,walking,walking__walking_20260715_175823_20hz,data/staging/20260731_rebuild01/cleaned_csv/walking_20260715_175823_20hz.csv,45,74,legacy_folder,legacy,True,,,2.25,3.75,,,,
2308,train,0,walking,walking,walking__walking_20260715_175823_20hz,data/staging/20260731_rebuild01/cleaned_csv/walking_20260715_175823_20hz.csv,60,89,legacy_folder,legacy,True,,,3.0,4.5,,,,
2323,train,0,walking,walking,walking__walking_20260715_175955_20hz,data/staging/20260731_rebuild01/cleaned_csv/walking_20260715_175955_20hz.csv,0,29,legacy_folder,legacy,True,,,0.0,1.5,,,,
2324,train,0,walking,walking,walking__walking_20260715_175955_20hz,data/staging/20260731_rebuild01/cleaned_csv/walking_20260715_175955_20hz.csv,15,44,legacy_folder,legacy,True,,,0.75,2.25,,,,
2325,train,0,walking,walking,walking__walking_20260715_175955_20hz,data/staging/20260731_rebuild01/cleaned_csv/walking_20260715_175955_20hz.csv,30,59,legacy_folder,legacy,True,,,1.5,3.0,,,,
2326,train,0,walking,walking,walking__walking_20260715_175955_20hz,data/staging/20260731_rebuild01/cleaned_csv/walking_20260715_175955_20hz.csv,45,74,legacy_folder,legacy,True,,,2.25,3.75,,,,
2327,train,0,walking,walking,walking__walking_20260715_175955_20hz,data/staging/20260731_rebuild01/cleaned_csv/walking_20260715_175955_20hz.csv,60,89,legacy_folder,legacy,True,,,3.0,4.5,,,,
2328,train,0,walking,walking,walking__walking_20260715_180006_20hz,data/staging/20260731_rebuild01/cleaned_csv/walking_20260715_180006_20hz.csv,0,29,legacy_folder,legacy,True,,,0.0,1.5,,,,
2329,train,0,walking,walking,walking__walking_20260715_180006_20hz,data/staging/20260731_rebuild01/cleaned_csv/walking_20260715_180006_20hz.csv,15,44,legacy_folder,legacy,True,,,0.75,2.25,,,,
2330,train,0,walking,walking,walking__walking_20260715_180006_20hz,data/staging/20260731_rebuild01/cleaned_csv/walking_20260715_180006_20hz.csv,30,59,legacy_folder,legacy,True,,,1.5,3.0,,,,
2331,train,0,walking,walking,walking__walking_20260715_180006_20hz,data/staging/20260731_rebuild01/cleaned_csv/walking_20260715_180006_20hz.csv,45,74,legacy_folder,legacy,True,,,2.25,3.75,,,,
2332,train,0,walking,walking,walking__walking_20260715_180006_20hz,data/staging/20260731_rebuild01/cleaned_csv/walking_20260715_180006_20hz.csv,60,89,legacy_folder,legacy,True,,,3.0,4.5,,,,
2333,train,0,walking,walking,walking__walking_20260715_180126_20hz,data/staging/20260731_rebuild01/cleaned_csv/walking_20260715_180126_20hz.csv,0,29,legacy_folder,legacy,True,,,0.0,1.5,,,,
2334,train,0,walking,walking,walking__walking_20260715_180126_20hz,data/staging/20260731_rebuild01/cleaned_csv/walking_20260715_180126_20hz.csv,15,44,legacy_folder,legacy,True,,,0.75,2.25,,,,
2335,train,0,walking,walking,walking__walking_20260715_180126_20hz,data/staging/20260731_rebuild01/cleaned_csv/walking_20260715_180126_20hz.csv,30,59,legacy_folder,legacy,True,,,1.5,3.0,,,,
2336,train,0,walking,walking,walking__walking_20260715_180126_20hz,data/staging/20260731_rebuild01/cleaned_csv/walking_20260715_180126_20hz.csv,45,74,legacy_folder,legacy,True,,,2.25,3.75,,,,
2337,train,0,walking,walking,walking__walking_20260715_180126_20hz,data/staging/20260731_rebuild01/cleaned_csv/walking_20260715_180126_20hz.csv,60,89,legacy_folder,legacy,True,,,3.0,4.5,,,,
2338,train,0,walking,walking,walking__walking_20260715_180137_20hz,data/staging/20260731_rebuild01/cleaned_csv/walking_20260715_180137_20hz.csv,0,29,legacy_folder,legacy,True,,,0.0,1.5,,,,
2339,train,0,walking,walking,walking__walking_20260715_180137_20hz,data/staging/20260731_rebuild01/cleaned_csv/walking_20260715_180137_20hz.csv,15,44,legacy_folder,legacy,True,,,0.75,2.25,,,,
2340,train,0,walking,walking,walking__walking_20260715_180137_20hz,data/staging/20260731_rebuild01/cleaned_csv/walking_20260715_180137_20hz.csv,30,59,legacy_folder,legacy,True,,,1.5,3.0,,,,
2341,train,0,walking,walking,walking__walking_20260715_180137_20hz,data/staging/20260731_rebuild01/cleaned_csv/walking_20260715_180137_20hz.csv,45,74,legacy_folder,legacy,True,,,2.25,3.75,,,,
2342,train,0,walking,walking,walking__walking_20260715_180137_20hz,data/staging/20260731_rebuild01/cleaned_csv/walking_20260715_180137_20hz.csv,60,89,legacy_folder,legacy,True,,,3.0,4.5,,,,
2343,train,0,walking,walking,walking__walking_20260715_180151_20hz,data/staging/20260731_rebuild01/cleaned_csv/walking_20260715_180151_20hz.csv,0,29,legacy_folder,legacy,True,,,0.0,1.5,,,,
2344,train,0,walking,walking,walking__walking_20260715_180151_20hz,data/staging/20260731_rebuild01/cleaned_csv/walking_20260715_180151_20hz.csv,15,44,legacy_folder,legacy,True,,,0.75,2.25,,,,
2345,train,0,walking,walking,walking__walking_20260715_180151_20hz,data/staging/20260731_rebuild01/cleaned_csv/walking_20260715_180151_20hz.csv,30,59,legacy_folder,legacy,True,,,1.5,3.0,,,,
2346,train,0,walking,walking,walking__walking_20260715_180151_20hz,data/staging/20260731_rebuild01/cleaned_csv/walking_20260715_180151_20hz.csv,45,74,legacy_folder,legacy,True,,,2.25,3.75,,,,
2347,train,0,walking,walking,walking__walking_20260715_180151_20hz,data/staging/20260731_rebuild01/cleaned_csv/walking_20260715_180151_20hz.csv,60,89,legacy_folder,legacy,True,,,3.0,4.5,,,,
2348,train,0,walking,walking,walking__walking_20260715_180205_20hz,data/staging/20260731_rebuild01/cleaned_csv/walking_20260715_180205_20hz.csv,0,29,legacy_folder,legacy,True,,,0.0,1.5,,,,
2349,train,0,walking,walking,walking__walking_20260715_180205_20hz,data/staging/20260731_rebuild01/cleaned_csv/walking_20260715_180205_20hz.csv,15,44,legacy_folder,legacy,True,,,0.75,2.25,,,,
2350,train,0,walking,walking,walking__walking_20260715_180205_20hz,data/staging/20260731_rebuild01/cleaned_csv/walking_20260715_180205_20hz.csv,30,59,legacy_folder,legacy,True,,,1.5,3.0,,,,
2351,train,0,walking,walking,walking__walking_20260715_180205_20hz,data/staging/20260731_rebuild01/cleaned_csv/walking_20260715_180205_20hz.csv,45,74,legacy_folder,legacy,True,,,2.25,3.75,,,,
2352,train,0,walking,walking,walking__walking_20260715_180232_20hz,data/staging/20260731_rebuild01/cleaned_csv/walking_20260715_180232_20hz.csv,0,29,legacy_folder,legacy,True,,,0.0,1.5,,,,
2353,train,0,walking,walking,walking__walking_20260715_180232_20hz,data/staging/20260731_rebuild01/cleaned_csv/walking_20260715_180232_20hz.csv,15,44,legacy_folder,legacy,True,,,0.75,2.25,,,,
2354,train,0,walking,walking,walking__walking_20260715_180232_20hz,data/staging/20260731_rebuild01/cleaned_csv/walking_20260715_180232_20hz.csv,30,59,legacy_folder,legacy,True,,,1.5,3.0,,,,
2355,train,0,walking,walking,walking__walking_20260715_180232_20hz,data/staging/20260731_rebuild01/cleaned_csv/walking_20260715_180232_20hz.csv,45,74,legacy_folder,legacy,True,,,2.25,3.75,,,,
2356,train,0,walking,walking,walking__walking_20260715_180232_20hz,data/staging/20260731_rebuild01/cleaned_csv/walking_20260715_180232_20hz.csv,60,89,legacy_folder,legacy,True,,,3.0,4.5,,,,
2357,train,0,walking,walking,walking__walking_20260715_180248_20hz,data/staging/20260731_rebuild01/cleaned_csv/walking_20260715_180248_20hz.csv,0,29,legacy_folder,legacy,True,,,0.0,1.5,,,,
2358,train,0,walking,walking,walking__walking_20260715_180248_20hz,data/staging/20260731_rebuild01/cleaned_csv/walking_20260715_180248_20hz.csv,15,44,legacy_folder,legacy,True,,,0.75,2.25,,,,
2359,train,0,walking,walking,walking__walking_20260715_180248_20hz,data/staging/20260731_rebuild01/cleaned_csv/walking_20260715_180248_20hz.csv,30,59,legacy_folder,legacy,True,,,1.5,3.0,,,,
2360,train,0,walking,walking,walking__walking_20260715_180248_20hz,data/staging/20260731_rebuild01/cleaned_csv/walking_20260715_180248_20hz.csv,45,74,legacy_folder,legacy,True,,,2.25,3.75,,,,
2361,train,0,walking,walking,walking__walking_20260715_180248_20hz,data/staging/20260731_rebuild01/cleaned_csv/walking_20260715_180248_20hz.csv,60,89,legacy_folder,legacy,True,,,3.0,4.5,,,,
2362,train,0,walking,walking,walking__walking_20260715_180358_20hz,data/staging/20260731_rebuild01/cleaned_csv/walking_20260715_180358_20hz.csv,0,29,legacy_folder,legacy,True,,,0.0,1.5,,,,
2363,train,0,walking,walking,walking__walking_20260715_180358_20hz,data/staging/20260731_rebuild01/cleaned_csv/walking_20260715_180358_20hz.csv,15,44,legacy_folder,legacy,True,,,0.75,2.25,,,,
2364,train,0,walking,walking,walking__walking_20260715_180358_20hz,data/staging/20260731_rebuild01/cleaned_csv/walking_20260715_180358_20hz.csv,30,59,legacy_folder,legacy,True,,,1.5,3.0,,,,
2365,train,0,walking,walking,walking__walking_20260715_180358_20hz,data/staging/20260731_rebuild01/cleaned_csv/walking_20260715_180358_20hz.csv,45,74,legacy_folder,legacy,True,,,2.25,3.75,,,,
2366,train,0,walking,walking,walking__walking_20260715_180358_20hz,data/staging/20260731_rebuild01/cleaned_csv/walking_20260715_180358_20hz.csv,60,89,legacy_folder,legacy,True,,,3.0,4.5,,,,
2367,train,0,walking,walking,walking__walking_20260715_180413_20hz,data/staging/20260731_rebuild01/cleaned_csv/walking_20260715_180413_20hz.csv,0,29,legacy_folder,legacy,True,,,0.0,1.5,,,,
2368,train,0,walking,walking,walking__walking_20260715_180413_20hz,data/staging/20260731_rebuild01/cleaned_csv/walking_20260715_180413_20hz.csv,15,44,legacy_folder,legacy,True,,,0.75,2.25,,,,
2369,train,0,walking,walking,walking__walking_20260715_180413_20hz,data/staging/20260731_rebuild01/cleaned_csv/walking_20260715_180413_20hz.csv,30,59,legacy_folder,legacy,True,,,1.5,3.0,,,,
2370,train,0,walking,walking,walking__walking_20260715_180413_20hz,data/staging/20260731_rebuild01/cleaned_csv/walking_20260715_180413_20hz.csv,45,74,legacy_folder,legacy,True,,,2.25,3.75,,,,
2371,train,0,walking,walking,walking__walking_20260715_180413_20hz,data/staging/20260731_rebuild01/cleaned_csv/walking_20260715_180413_20hz.csv,60,89,legacy_folder,legacy,True,,,3.0,4.5,,,,
11,val,1,standing,fall,fall__falling_20260714_160746_20hz,data/staging/20260731_rebuild01/cleaned_csv/falling_20260714_160746_20hz.csv,0,29,event_metadata,pre_event,True,0.0,0.0,0.0,1.5,,medium,geometry_edge_warning,auto_event_heuristic_v1
12,val,3,fall,fall,fall__falling_20260714_160746_20hz,data/staging/20260731_rebuild01/cleaned_csv/falling_20260714_160746_20hz.csv,30,59,event_metadata,fall_event,True,1.0499999523162842,0.699999988079071,1.5,3.0,,medium,geometry_edge_warning,auto_event_heuristic_v1
13,val,3,fall,fall,fall__falling_20260714_160746_20hz,data/staging/20260731_rebuild01/cleaned_csv/falling_20260714_160746_20hz.csv,45,74,event_metadata,fall_event,True,1.5,1.0,2.25,3.75,,medium,geometry_edge_warning,auto_event_heuristic_v1
14,val,3,fall,fall,fall__falling_20260714_160746_20hz,data/staging/20260731_rebuild01/cleaned_csv/falling_20260714_160746_20hz.csv,60,89,event_metadata,fall_event,True,1.149999976158142,0.7666666507720947,3.0,4.5,,medium,geometry_edge_warning,auto_event_heuristic_v1
34,val,1,standing,fall,fall__falling_20260714_161551_20hz,data/staging/20260731_rebuild01/cleaned_csv/falling_20260714_161551_20hz.csv,0,29,event_metadata,pre_event,True,0.0,0.0,0.0,1.5,,medium,geometry_edge_warning,auto_event_heuristic_v1
35,val,3,fall,fall,fall__falling_20260714_161551_20hz,data/staging/20260731_rebuild01/cleaned_csv/falling_20260714_161551_20hz.csv,30,59,event_metadata,fall_event,True,0.800000011920929,0.5333333611488342,1.5,3.0,,medium,geometry_edge_warning,auto_event_heuristic_v1
36,val,3,fall,fall,fall__falling_20260714_161551_20hz,data/staging/20260731_rebuild01/cleaned_csv/falling_20260714_161551_20hz.csv,45,74,event_metadata,fall_event,True,1.350000023841858,0.8999999761581421,2.25,3.75,,medium,geometry_edge_warning,auto_event_heuristic_v1
37,val,3,fall,fall,fall__falling_20260714_161632_20hz,data/staging/20260731_rebuild01/cleaned_csv/falling_20260714_161632_20hz.csv,15,44,event_metadata,fall_event,True,1.100000023841858,0.7333333492279053,0.75,2.25,,medium,geometry_edge_warning,auto_event_heuristic_v1
38,val,3,fall,fall,fall__falling_20260714_161632_20hz,data/staging/20260731_rebuild01/cleaned_csv/falling_20260714_161632_20hz.csv,30,59,event_metadata,fall_event,True,1.5,1.0,1.5,3.0,,medium,geometry_edge_warning,auto_event_heuristic_v1
39,val,3,fall,fall,fall__falling_20260714_161632_20hz,data/staging/20260731_rebuild01/cleaned_csv/falling_20260714_161632_20hz.csv,45,74,event_metadata,fall_event,True,1.100000023841858,0.7333333492279053,2.25,3.75,,medium,geometry_edge_warning,auto_event_heuristic_v1
52,val,3,fall,fall,fall__falling_20260715_140019_20hz,data/staging/20260731_rebuild01/cleaned_csv/falling_20260715_140019_20hz.csv,0,29,event_metadata,fall_event,True,1.0,0.6666666865348816,0.0,1.5,,medium,geometry_edge_warning,auto_event_heuristic_v1
53,val,3,fall,fall,fall__falling_20260715_140019_20hz,data/staging/20260731_rebuild01/cleaned_csv/falling_20260715_140019_20hz.csv,15,44,event_metadata,fall_event,True,1.5,1.0,0.75,2.25,,medium,geometry_edge_warning,auto_event_heuristic_v1
54,val,3,fall,fall,fall__falling_20260715_140019_20hz,data/staging/20260731_rebuild01/cleaned_csv/falling_20260715_140019_20hz.csv,30,59,event_metadata,fall_event,True,1.2000000476837158,0.800000011920929,1.5,3.0,,medium,geometry_edge_warning,auto_event_heuristic_v1
70,val,1,standing,fall,fall__falling_20260715_140602_20hz,data/staging/20260731_rebuild01/cleaned_csv/falling_20260715_140602_20hz.csv,0,29,event_metadata,pre_event,True,0.0,0.0,0.0,1.5,,medium,event_near_recording_boundary;geometry_edge_warning;missing_post_event_stability;weak_height_evidence,auto_event_heuristic_v1
71,val,1,standing,fall,fall__falling_20260715_140602_20hz,data/staging/20260731_rebuild01/cleaned_csv/falling_20260715_140602_20hz.csv,15,44,event_metadata,pre_event,True,0.0,0.0,0.75,2.25,,medium,event_near_recording_boundary;geometry_edge_warning;missing_post_event_stability;weak_height_evidence,auto_event_heuristic_v1
106,val,3,fall,fall,fall__falling_20260715_142152_20hz,data/staging/20260731_rebuild01/cleaned_csv/falling_20260715_142152_20hz.csv,0,29,event_metadata,fall_event,True,0.949999988079071,0.6333333253860474,0.0,1.5,,medium,geometry_edge_warning,auto_event_heuristic_v1
142,val,3,fall,fall,fall__falling_20260717_140959_20hz,data/staging/20260731_rebuild01/cleaned_csv/falling_20260717_140959_20hz.csv,15,44,event_metadata,fall_event,True,1.2999999523162842,0.8666666746139526,0.75,2.25,,medium,geometry_edge_warning,auto_event_heuristic_v1
143,val,3,fall,fall,fall__falling_20260717_140959_20hz,data/staging/20260731_rebuild01/cleaned_csv/falling_20260717_140959_20hz.csv,30,59,event_metadata,fall_event,True,1.5,1.0,1.5,3.0,,medium,geometry_edge_warning,auto_event_heuristic_v1
144,val,3,fall,fall,fall__falling_20260717_140959_20hz,data/staging/20260731_rebuild01/cleaned_csv/falling_20260717_140959_20hz.csv,45,74,event_metadata,fall_event,True,0.8999999761581421,0.6000000238418579,2.25,3.75,,medium,geometry_edge_warning,auto_event_heuristic_v1
175,val,3,fall,fall,fall__falling_20260717_142754_20hz,data/staging/20260731_rebuild01/cleaned_csv/falling_20260717_142754_20hz.csv,0,29,event_metadata,fall_event,True,1.0,0.6666666865348816,0.0,1.5,,medium,geometry_edge_warning,auto_event_heuristic_v1
176,val,3,fall,fall,fall__falling_20260717_142754_20hz,data/staging/20260731_rebuild01/cleaned_csv/falling_20260717_142754_20hz.csv,15,44,event_metadata,fall_event,True,1.5,1.0,0.75,2.25,,medium,geometry_edge_warning,auto_event_heuristic_v1
177,val,3,fall,fall,fall__falling_20260717_142754_20hz,data/staging/20260731_rebuild01/cleaned_csv/falling_20260717_142754_20hz.csv,30,59,event_metadata,fall_event,True,0.75,0.5,1.5,3.0,,medium,geometry_edge_warning,auto_event_heuristic_v1
185,val,3,fall,fall,fall__falling_20260717_143219_20hz,data/staging/20260731_rebuild01/cleaned_csv/falling_20260717_143219_20hz.csv,0,29,event_metadata,fall_event,True,0.75,0.5,0.0,1.5,,medium,geometry_edge_warning,auto_event_heuristic_v1
186,val,3,fall,fall,fall__falling_20260717_143219_20hz,data/staging/20260731_rebuild01/cleaned_csv/falling_20260717_143219_20hz.csv,15,44,event_metadata,fall_event,True,1.5,1.0,0.75,2.25,,medium,geometry_edge_warning,auto_event_heuristic_v1
187,val,3,fall,fall,fall__falling_20260717_143219_20hz,data/staging/20260731_rebuild01/cleaned_csv/falling_20260717_143219_20hz.csv,30,59,event_metadata,fall_event,True,1.4500000476837158,0.9666666388511658,1.5,3.0,,medium,geometry_edge_warning,auto_event_heuristic_v1
191,val,1,standing,fall,fall__falling_20260717_144138_20hz,data/staging/20260731_rebuild01/cleaned_csv/falling_20260717_144138_20hz.csv,0,29,event_metadata,pre_event,True,0.0,0.0,0.0,1.5,,medium,geometry_edge_warning;multiple_or_broad_peaks,auto_event_heuristic_v1
192,val,3,fall,fall,fall__falling_20260717_144138_20hz,data/staging/20260731_rebuild01/cleaned_csv/falling_20260717_144138_20hz.csv,30,59,event_metadata,fall_event,True,0.800000011920929,0.5333333611488342,1.5,3.0,,medium,geometry_edge_warning;multiple_or_broad_peaks,auto_event_heuristic_v1
193,val,3,fall,fall,fall__falling_20260717_144138_20hz,data/staging/20260731_rebuild01/cleaned_csv/falling_20260717_144138_20hz.csv,45,74,event_metadata,fall_event,True,1.5,1.0,2.25,3.75,,medium,geometry_edge_warning;multiple_or_broad_peaks,auto_event_heuristic_v1
194,val,3,fall,fall,fall__falling_20260717_144138_20hz,data/staging/20260731_rebuild01/cleaned_csv/falling_20260717_144138_20hz.csv,60,89,event_metadata,fall_event,True,1.399999976158142,0.9333333373069763,3.0,4.5,,medium,geometry_edge_warning;multiple_or_broad_peaks,auto_event_heuristic_v1
202,val,2,sitting,sitting,sitting__sitting_20260714_132742_20hz,data/staging/20260731_rebuild01/cleaned_csv/sitting_20260714_132742_20hz.csv,0,29,legacy_folder,legacy,True,,,0.0,1.5,,,,
203,val,2,sitting,sitting,sitting__sitting_20260714_132742_20hz,data/staging/20260731_rebuild01/cleaned_csv/sitting_20260714_132742_20hz.csv,15,44,legacy_folder,legacy,True,,,0.75,2.25,,,,
204,val,2,sitting,sitting,sitting__sitting_20260714_132742_20hz,data/staging/20260731_rebuild01/cleaned_csv/sitting_20260714_132742_20hz.csv,30,59,legacy_folder,legacy,True,,,1.5,3.0,,,,
205,val,2,sitting,sitting,sitting__sitting_20260714_132742_20hz,data/staging/20260731_rebuild01/cleaned_csv/sitting_20260714_132742_20hz.csv,45,74,legacy_folder,legacy,True,,,2.25,3.75,,,,
206,val,2,sitting,sitting,sitting__sitting_20260714_132742_20hz,data/staging/20260731_rebuild01/cleaned_csv/sitting_20260714_132742_20hz.csv,60,89,legacy_folder,legacy,True,,,3.0,4.5,,,,
222,val,2,sitting,sitting,sitting__sitting_20260714_132843_20hz,data/staging/20260731_rebuild01/cleaned_csv/sitting_20260714_132843_20hz.csv,0,29,legacy_folder,legacy,True,,,0.0,1.5,,,,
223,val,2,sitting,sitting,sitting__sitting_20260714_132843_20hz,data/staging/20260731_rebuild01/cleaned_csv/sitting_20260714_132843_20hz.csv,15,44,legacy_folder,legacy,True,,,0.75,2.25,,,,
224,val,2,sitting,sitting,sitting__sitting_20260714_132843_20hz,data/staging/20260731_rebuild01/cleaned_csv/sitting_20260714_132843_20hz.csv,30,59,legacy_folder,legacy,True,,,1.5,3.0,,,,
225,val,2,sitting,sitting,sitting__sitting_20260714_132843_20hz,data/staging/20260731_rebuild01/cleaned_csv/sitting_20260714_132843_20hz.csv,45,74,legacy_folder,legacy,True,,,2.25,3.75,,,,
226,val,2,sitting,sitting,sitting__sitting_20260714_132843_20hz,data/staging/20260731_rebuild01/cleaned_csv/sitting_20260714_132843_20hz.csv,60,89,legacy_folder,legacy,True,,,3.0,4.5,,,,
257,val,2,sitting,sitting,sitting__sitting_20260714_133310_20hz,data/staging/20260731_rebuild01/cleaned_csv/sitting_20260714_133310_20hz.csv,0,29,legacy_folder,legacy,True,,,0.0,1.5,,,,
258,val,2,sitting,sitting,sitting__sitting_20260714_133310_20hz,data/staging/20260731_rebuild01/cleaned_csv/sitting_20260714_133310_20hz.csv,15,44,legacy_folder,legacy,True,,,0.75,2.25,,,,
259,val,2,sitting,sitting,sitting__sitting_20260714_133310_20hz,data/staging/20260731_rebuild01/cleaned_csv/sitting_20260714_133310_20hz.csv,30,59,legacy_folder,legacy,True,,,1.5,3.0,,,,
260,val,2,sitting,sitting,sitting__sitting_20260714_133310_20hz,data/staging/20260731_rebuild01/cleaned_csv/sitting_20260714_133310_20hz.csv,45,74,legacy_folder,legacy,True,,,2.25,3.75,,,,
261,val,2,sitting,sitting,sitting__sitting_20260714_133310_20hz,data/staging/20260731_rebuild01/cleaned_csv/sitting_20260714_133310_20hz.csv,60,89,legacy_folder,legacy,True,,,3.0,4.5,,,,
267,val,2,sitting,sitting,sitting__sitting_20260714_133331_20hz,data/staging/20260731_rebuild01/cleaned_csv/sitting_20260714_133331_20hz.csv,0,29,legacy_folder,legacy,True,,,0.0,1.5,,,,
268,val,2,sitting,sitting,sitting__sitting_20260714_133331_20hz,data/staging/20260731_rebuild01/cleaned_csv/sitting_20260714_133331_20hz.csv,15,44,legacy_folder,legacy,True,,,0.75,2.25,,,,
269,val,2,sitting,sitting,sitting__sitting_20260714_133331_20hz,data/staging/20260731_rebuild01/cleaned_csv/sitting_20260714_133331_20hz.csv,30,59,legacy_folder,legacy,True,,,1.5,3.0,,,,
270,val,2,sitting,sitting,sitting__sitting_20260714_133331_20hz,data/staging/20260731_rebuild01/cleaned_csv/sitting_20260714_133331_20hz.csv,45,74,legacy_folder,legacy,True,,,2.25,3.75,,,,
271,val,2,sitting,sitting,sitting__sitting_20260714_133331_20hz,data/staging/20260731_rebuild01/cleaned_csv/sitting_20260714_133331_20hz.csv,60,89,legacy_folder,legacy,True,,,3.0,4.5,,,,
282,val,2,sitting,sitting,sitting__sitting_20260714_133416_20hz,data/staging/20260731_rebuild01/cleaned_csv/sitting_20260714_133416_20hz.csv,0,29,legacy_folder,legacy,True,,,0.0,1.5,,,,
283,val,2,sitting,sitting,sitting__sitting_20260714_133416_20hz,data/staging/20260731_rebuild01/cleaned_csv/sitting_20260714_133416_20hz.csv,15,44,legacy_folder,legacy,True,,,0.75,2.25,,,,
284,val,2,sitting,sitting,sitting__sitting_20260714_133416_20hz,data/staging/20260731_rebuild01/cleaned_csv/sitting_20260714_133416_20hz.csv,30,59,legacy_folder,legacy,True,,,1.5,3.0,,,,
285,val,2,sitting,sitting,sitting__sitting_20260714_133416_20hz,data/staging/20260731_rebuild01/cleaned_csv/sitting_20260714_133416_20hz.csv,45,74,legacy_folder,legacy,True,,,2.25,3.75,,,,
286,val,2,sitting,sitting,sitting__sitting_20260714_133416_20hz,data/staging/20260731_rebuild01/cleaned_csv/sitting_20260714_133416_20hz.csv,60,89,legacy_folder,legacy,True,,,3.0,4.5,,,,
326,val,2,sitting,sitting,sitting__sitting_20260714_133750_20hz,data/staging/20260731_rebuild01/cleaned_csv/sitting_20260714_133750_20hz.csv,0,29,legacy_folder,legacy,True,,,0.0,1.5,,,,
327,val,2,sitting,sitting,sitting__sitting_20260714_133750_20hz,data/staging/20260731_rebuild01/cleaned_csv/sitting_20260714_133750_20hz.csv,15,44,legacy_folder,legacy,True,,,0.75,2.25,,,,
328,val,2,sitting,sitting,sitting__sitting_20260714_133750_20hz,data/staging/20260731_rebuild01/cleaned_csv/sitting_20260714_133750_20hz.csv,30,59,legacy_folder,legacy,True,,,1.5,3.0,,,,
329,val,2,sitting,sitting,sitting__sitting_20260714_133750_20hz,data/staging/20260731_rebuild01/cleaned_csv/sitting_20260714_133750_20hz.csv,45,74,legacy_folder,legacy,True,,,2.25,3.75,,,,
330,val,2,sitting,sitting,sitting__sitting_20260714_133750_20hz,data/staging/20260731_rebuild01/cleaned_csv/sitting_20260714_133750_20hz.csv,60,89,legacy_folder,legacy,True,,,3.0,4.5,,,,
345,val,2,sitting,sitting,sitting__sitting_20260714_134228_20hz,data/staging/20260731_rebuild01/cleaned_csv/sitting_20260714_134228_20hz.csv,0,29,legacy_folder,legacy,True,,,0.0,1.5,,,,
346,val,2,sitting,sitting,sitting__sitting_20260714_134228_20hz,data/staging/20260731_rebuild01/cleaned_csv/sitting_20260714_134228_20hz.csv,15,44,legacy_folder,legacy,True,,,0.75,2.25,,,,
347,val,2,sitting,sitting,sitting__sitting_20260714_134228_20hz,data/staging/20260731_rebuild01/cleaned_csv/sitting_20260714_134228_20hz.csv,30,59,legacy_folder,legacy,True,,,1.5,3.0,,,,
348,val,2,sitting,sitting,sitting__sitting_20260714_134228_20hz,data/staging/20260731_rebuild01/cleaned_csv/sitting_20260714_134228_20hz.csv,45,74,legacy_folder,legacy,True,,,2.25,3.75,,,,
349,val,2,sitting,sitting,sitting__sitting_20260714_134228_20hz,data/staging/20260731_rebuild01/cleaned_csv/sitting_20260714_134228_20hz.csv,60,89,legacy_folder,legacy,True,,,3.0,4.5,,,,
359,val,2,sitting,sitting,sitting__sitting_20260714_134510_20hz,data/staging/20260731_rebuild01/cleaned_csv/sitting_20260714_134510_20hz.csv,0,29,legacy_folder,legacy,True,,,0.0,1.5,,,,
360,val,2,sitting,sitting,sitting__sitting_20260714_134510_20hz,data/staging/20260731_rebuild01/cleaned_csv/sitting_20260714_134510_20hz.csv,15,44,legacy_folder,legacy,True,,,0.75,2.25,,,,
361,val,2,sitting,sitting,sitting__sitting_20260714_134510_20hz,data/staging/20260731_rebuild01/cleaned_csv/sitting_20260714_134510_20hz.csv,30,59,legacy_folder,legacy,True,,,1.5,3.0,,,,
362,val,2,sitting,sitting,sitting__sitting_20260714_134510_20hz,data/staging/20260731_rebuild01/cleaned_csv/sitting_20260714_134510_20hz.csv,45,74,legacy_folder,legacy,True,,,2.25,3.75,,,,
363,val,2,sitting,sitting,sitting__sitting_20260714_134510_20hz,data/staging/20260731_rebuild01/cleaned_csv/sitting_20260714_134510_20hz.csv,60,89,legacy_folder,legacy,True,,,3.0,4.5,,,,
384,val,2,sitting,sitting,sitting__sitting_20260714_134648_20hz,data/staging/20260731_rebuild01/cleaned_csv/sitting_20260714_134648_20hz.csv,0,29,legacy_folder,legacy,True,,,0.0,1.5,,,,
385,val,2,sitting,sitting,sitting__sitting_20260714_134648_20hz,data/staging/20260731_rebuild01/cleaned_csv/sitting_20260714_134648_20hz.csv,15,44,legacy_folder,legacy,True,,,0.75,2.25,,,,
386,val,2,sitting,sitting,sitting__sitting_20260714_134648_20hz,data/staging/20260731_rebuild01/cleaned_csv/sitting_20260714_134648_20hz.csv,30,59,legacy_folder,legacy,True,,,1.5,3.0,,,,
387,val,2,sitting,sitting,sitting__sitting_20260714_134648_20hz,data/staging/20260731_rebuild01/cleaned_csv/sitting_20260714_134648_20hz.csv,45,74,legacy_folder,legacy,True,,,2.25,3.75,,,,
388,val,2,sitting,sitting,sitting__sitting_20260714_134648_20hz,data/staging/20260731_rebuild01/cleaned_csv/sitting_20260714_134648_20hz.csv,60,89,legacy_folder,legacy,True,,,3.0,4.5,,,,
399,val,2,sitting,sitting,sitting__sitting_20260714_134801_20hz,data/staging/20260731_rebuild01/cleaned_csv/sitting_20260714_134801_20hz.csv,0,29,legacy_folder,legacy,True,,,0.0,1.5,,,,
400,val,2,sitting,sitting,sitting__sitting_20260714_134801_20hz,data/staging/20260731_rebuild01/cleaned_csv/sitting_20260714_134801_20hz.csv,15,44,legacy_folder,legacy,True,,,0.75,2.25,,,,
401,val,2,sitting,sitting,sitting__sitting_20260714_134801_20hz,data/staging/20260731_rebuild01/cleaned_csv/sitting_20260714_134801_20hz.csv,30,59,legacy_folder,legacy,True,,,1.5,3.0,,,,
402,val,2,sitting,sitting,sitting__sitting_20260714_134801_20hz,data/staging/20260731_rebuild01/cleaned_csv/sitting_20260714_134801_20hz.csv,45,74,legacy_folder,legacy,True,,,2.25,3.75,,,,
403,val,2,sitting,sitting,sitting__sitting_20260714_134801_20hz,data/staging/20260731_rebuild01/cleaned_csv/sitting_20260714_134801_20hz.csv,60,89,legacy_folder,legacy,True,,,3.0,4.5,,,,
414,val,2,sitting,sitting,sitting__sitting_20260714_134839_20hz,data/staging/20260731_rebuild01/cleaned_csv/sitting_20260714_134839_20hz.csv,0,29,legacy_folder,legacy,True,,,0.0,1.5,,,,
415,val,2,sitting,sitting,sitting__sitting_20260714_134839_20hz,data/staging/20260731_rebuild01/cleaned_csv/sitting_20260714_134839_20hz.csv,15,44,legacy_folder,legacy,True,,,0.75,2.25,,,,
416,val,2,sitting,sitting,sitting__sitting_20260714_134839_20hz,data/staging/20260731_rebuild01/cleaned_csv/sitting_20260714_134839_20hz.csv,30,59,legacy_folder,legacy,True,,,1.5,3.0,,,,
417,val,2,sitting,sitting,sitting__sitting_20260714_134839_20hz,data/staging/20260731_rebuild01/cleaned_csv/sitting_20260714_134839_20hz.csv,45,74,legacy_folder,legacy,True,,,2.25,3.75,,,,
418,val,2,sitting,sitting,sitting__sitting_20260714_134839_20hz,data/staging/20260731_rebuild01/cleaned_csv/sitting_20260714_134839_20hz.csv,60,89,legacy_folder,legacy,True,,,3.0,4.5,,,,
444,val,2,sitting,sitting,sitting__sitting_20260714_134941_20hz,data/staging/20260731_rebuild01/cleaned_csv/sitting_20260714_134941_20hz.csv,0,29,legacy_folder,legacy,True,,,0.0,1.5,,,,
445,val,2,sitting,sitting,sitting__sitting_20260714_134941_20hz,data/staging/20260731_rebuild01/cleaned_csv/sitting_20260714_134941_20hz.csv,15,44,legacy_folder,legacy,True,,,0.75,2.25,,,,
446,val,2,sitting,sitting,sitting__sitting_20260714_134941_20hz,data/staging/20260731_rebuild01/cleaned_csv/sitting_20260714_134941_20hz.csv,30,59,legacy_folder,legacy,True,,,1.5,3.0,,,,
447,val,2,sitting,sitting,sitting__sitting_20260714_134941_20hz,data/staging/20260731_rebuild01/cleaned_csv/sitting_20260714_134941_20hz.csv,45,74,legacy_folder,legacy,True,,,2.25,3.75,,,,
448,val,2,sitting,sitting,sitting__sitting_20260714_134941_20hz,data/staging/20260731_rebuild01/cleaned_csv/sitting_20260714_134941_20hz.csv,60,89,legacy_folder,legacy,True,,,3.0,4.5,,,,
454,val,2,sitting,sitting,sitting__sitting_20260714_135038_20hz,data/staging/20260731_rebuild01/cleaned_csv/sitting_20260714_135038_20hz.csv,0,29,legacy_folder,legacy,True,,,0.0,1.5,,,,
455,val,2,sitting,sitting,sitting__sitting_20260714_135038_20hz,data/staging/20260731_rebuild01/cleaned_csv/sitting_20260714_135038_20hz.csv,15,44,legacy_folder,legacy,True,,,0.75,2.25,,,,
456,val,2,sitting,sitting,sitting__sitting_20260714_135038_20hz,data/staging/20260731_rebuild01/cleaned_csv/sitting_20260714_135038_20hz.csv,30,59,legacy_folder,legacy,True,,,1.5,3.0,,,,
457,val,2,sitting,sitting,sitting__sitting_20260714_135038_20hz,data/staging/20260731_rebuild01/cleaned_csv/sitting_20260714_135038_20hz.csv,45,74,legacy_folder,legacy,True,,,2.25,3.75,,,,
537,val,2,sitting,sitting,sitting__sitting_20260714_135817_20hz,data/staging/20260731_rebuild01/cleaned_csv/sitting_20260714_135817_20hz.csv,0,29,legacy_folder,legacy,True,,,0.0,1.5,,,,
538,val,2,sitting,sitting,sitting__sitting_20260714_135817_20hz,data/staging/20260731_rebuild01/cleaned_csv/sitting_20260714_135817_20hz.csv,15,44,legacy_folder,legacy,True,,,0.75,2.25,,,,
539,val,2,sitting,sitting,sitting__sitting_20260714_135817_20hz,data/staging/20260731_rebuild01/cleaned_csv/sitting_20260714_135817_20hz.csv,30,59,legacy_folder,legacy,True,,,1.5,3.0,,,,
540,val,2,sitting,sitting,sitting__sitting_20260714_135817_20hz,data/staging/20260731_rebuild01/cleaned_csv/sitting_20260714_135817_20hz.csv,45,74,legacy_folder,legacy,True,,,2.25,3.75,,,,
541,val,2,sitting,sitting,sitting__sitting_20260714_135817_20hz,data/staging/20260731_rebuild01/cleaned_csv/sitting_20260714_135817_20hz.csv,60,89,legacy_folder,legacy,True,,,3.0,4.5,,,,
677,val,2,sitting,sitting,sitting__sitting_20260714_140340_20hz,data/staging/20260731_rebuild01/cleaned_csv/sitting_20260714_140340_20hz.csv,0,29,legacy_folder,legacy,True,,,0.0,1.5,,,,
678,val,2,sitting,sitting,sitting__sitting_20260714_140340_20hz,data/staging/20260731_rebuild01/cleaned_csv/sitting_20260714_140340_20hz.csv,15,44,legacy_folder,legacy,True,,,0.75,2.25,,,,
679,val,2,sitting,sitting,sitting__sitting_20260714_140340_20hz,data/staging/20260731_rebuild01/cleaned_csv/sitting_20260714_140340_20hz.csv,30,59,legacy_folder,legacy,True,,,1.5,3.0,,,,
680,val,2,sitting,sitting,sitting__sitting_20260714_140340_20hz,data/staging/20260731_rebuild01/cleaned_csv/sitting_20260714_140340_20hz.csv,45,74,legacy_folder,legacy,True,,,2.25,3.75,,,,
681,val,2,sitting,sitting,sitting__sitting_20260714_140340_20hz,data/staging/20260731_rebuild01/cleaned_csv/sitting_20260714_140340_20hz.csv,60,89,legacy_folder,legacy,True,,,3.0,4.5,,,,
712,val,2,sitting,sitting,sitting__sitting_20260716_134112_20hz,data/staging/20260731_rebuild01/cleaned_csv/sitting_20260716_134112_20hz.csv,0,29,legacy_folder,legacy,True,,,0.0,1.5,,,,
713,val,2,sitting,sitting,sitting__sitting_20260716_134112_20hz,data/staging/20260731_rebuild01/cleaned_csv/sitting_20260716_134112_20hz.csv,15,44,legacy_folder,legacy,True,,,0.75,2.25,,,,
714,val,2,sitting,sitting,sitting__sitting_20260716_134112_20hz,data/staging/20260731_rebuild01/cleaned_csv/sitting_20260716_134112_20hz.csv,30,59,legacy_folder,legacy,True,,,1.5,3.0,,,,
715,val,2,sitting,sitting,sitting__sitting_20260716_134112_20hz,data/staging/20260731_rebuild01/cleaned_csv/sitting_20260716_134112_20hz.csv,45,74,legacy_folder,legacy,True,,,2.25,3.75,,,,
716,val,2,sitting,sitting,sitting__sitting_20260716_134112_20hz,data/staging/20260731_rebuild01/cleaned_csv/sitting_20260716_134112_20hz.csv,60,89,legacy_folder,legacy,True,,,3.0,4.5,,,,
762,val,2,sitting,sitting,sitting__sitting_20260716_135343_20hz,data/staging/20260731_rebuild01/cleaned_csv/sitting_20260716_135343_20hz.csv,0,29,legacy_folder,legacy,True,,,0.0,1.5,,,,
763,val,2,sitting,sitting,sitting__sitting_20260716_135343_20hz,data/staging/20260731_rebuild01/cleaned_csv/sitting_20260716_135343_20hz.csv,15,44,legacy_folder,legacy,True,,,0.75,2.25,,,,
764,val,2,sitting,sitting,sitting__sitting_20260716_135343_20hz,data/staging/20260731_rebuild01/cleaned_csv/sitting_20260716_135343_20hz.csv,30,59,legacy_folder,legacy,True,,,1.5,3.0,,,,
765,val,2,sitting,sitting,sitting__sitting_20260716_135343_20hz,data/staging/20260731_rebuild01/cleaned_csv/sitting_20260716_135343_20hz.csv,45,74,legacy_folder,legacy,True,,,2.25,3.75,,,,
766,val,2,sitting,sitting,sitting__sitting_20260716_135343_20hz,data/staging/20260731_rebuild01/cleaned_csv/sitting_20260716_135343_20hz.csv,60,89,legacy_folder,legacy,True,,,3.0,4.5,,,,
767,val,2,sitting,sitting,sitting__sitting_20260716_135400_20hz,data/staging/20260731_rebuild01/cleaned_csv/sitting_20260716_135400_20hz.csv,0,29,legacy_folder,legacy,True,,,0.0,1.5,,,,
768,val,2,sitting,sitting,sitting__sitting_20260716_135400_20hz,data/staging/20260731_rebuild01/cleaned_csv/sitting_20260716_135400_20hz.csv,15,44,legacy_folder,legacy,True,,,0.75,2.25,,,,
769,val,2,sitting,sitting,sitting__sitting_20260716_135400_20hz,data/staging/20260731_rebuild01/cleaned_csv/sitting_20260716_135400_20hz.csv,30,59,legacy_folder,legacy,True,,,1.5,3.0,,,,
770,val,2,sitting,sitting,sitting__sitting_20260716_135400_20hz,data/staging/20260731_rebuild01/cleaned_csv/sitting_20260716_135400_20hz.csv,45,74,legacy_folder,legacy,True,,,2.25,3.75,,,,
771,val,2,sitting,sitting,sitting__sitting_20260716_135400_20hz,data/staging/20260731_rebuild01/cleaned_csv/sitting_20260716_135400_20hz.csv,60,89,legacy_folder,legacy,True,,,3.0,4.5,,,,
772,val,2,sitting,sitting,sitting__sitting_20260716_135429_20hz,data/staging/20260731_rebuild01/cleaned_csv/sitting_20260716_135429_20hz.csv,0,29,legacy_folder,legacy,True,,,0.0,1.5,,,,
773,val,2,sitting,sitting,sitting__sitting_20260716_135429_20hz,data/staging/20260731_rebuild01/cleaned_csv/sitting_20260716_135429_20hz.csv,15,44,legacy_folder,legacy,True,,,0.75,2.25,,,,
774,val,2,sitting,sitting,sitting__sitting_20260716_135429_20hz,data/staging/20260731_rebuild01/cleaned_csv/sitting_20260716_135429_20hz.csv,30,59,legacy_folder,legacy,True,,,1.5,3.0,,,,
775,val,2,sitting,sitting,sitting__sitting_20260716_135429_20hz,data/staging/20260731_rebuild01/cleaned_csv/sitting_20260716_135429_20hz.csv,45,74,legacy_folder,legacy,True,,,2.25,3.75,,,,
776,val,2,sitting,sitting,sitting__sitting_20260716_135429_20hz,data/staging/20260731_rebuild01/cleaned_csv/sitting_20260716_135429_20hz.csv,60,89,legacy_folder,legacy,True,,,3.0,4.5,,,,
821,val,2,sitting,sitting,sitting__sitting_20260716_135823_20hz,data/staging/20260731_rebuild01/cleaned_csv/sitting_20260716_135823_20hz.csv,0,29,legacy_folder,legacy,True,,,0.0,1.5,,,,
822,val,2,sitting,sitting,sitting__sitting_20260716_135823_20hz,data/staging/20260731_rebuild01/cleaned_csv/sitting_20260716_135823_20hz.csv,15,44,legacy_folder,legacy,True,,,0.75,2.25,,,,
823,val,2,sitting,sitting,sitting__sitting_20260716_135823_20hz,data/staging/20260731_rebuild01/cleaned_csv/sitting_20260716_135823_20hz.csv,30,59,legacy_folder,legacy,True,,,1.5,3.0,,,,
824,val,2,sitting,sitting,sitting__sitting_20260716_135823_20hz,data/staging/20260731_rebuild01/cleaned_csv/sitting_20260716_135823_20hz.csv,45,74,legacy_folder,legacy,True,,,2.25,3.75,,,,
825,val,2,sitting,sitting,sitting__sitting_20260716_135823_20hz,data/staging/20260731_rebuild01/cleaned_csv/sitting_20260716_135823_20hz.csv,60,89,legacy_folder,legacy,True,,,3.0,4.5,,,,
856,val,2,sitting,sitting,sitting__sitting_20260716_140345_20hz,data/staging/20260731_rebuild01/cleaned_csv/sitting_20260716_140345_20hz.csv,0,29,legacy_folder,legacy,True,,,0.0,1.5,,,,
857,val,2,sitting,sitting,sitting__sitting_20260716_140345_20hz,data/staging/20260731_rebuild01/cleaned_csv/sitting_20260716_140345_20hz.csv,15,44,legacy_folder,legacy,True,,,0.75,2.25,,,,
858,val,2,sitting,sitting,sitting__sitting_20260716_140345_20hz,data/staging/20260731_rebuild01/cleaned_csv/sitting_20260716_140345_20hz.csv,30,59,legacy_folder,legacy,True,,,1.5,3.0,,,,
859,val,2,sitting,sitting,sitting__sitting_20260716_140345_20hz,data/staging/20260731_rebuild01/cleaned_csv/sitting_20260716_140345_20hz.csv,45,74,legacy_folder,legacy,True,,,2.25,3.75,,,,
860,val,2,sitting,sitting,sitting__sitting_20260716_140345_20hz,data/staging/20260731_rebuild01/cleaned_csv/sitting_20260716_140345_20hz.csv,60,89,legacy_folder,legacy,True,,,3.0,4.5,,,,
871,val,1,standing,standing,standing__standing_20260714_140527_20hz,data/staging/20260731_rebuild01/cleaned_csv/standing_20260714_140527_20hz.csv,0,29,legacy_folder,legacy,True,,,0.0,1.5,,,,
872,val,1,standing,standing,standing__standing_20260714_140527_20hz,data/staging/20260731_rebuild01/cleaned_csv/standing_20260714_140527_20hz.csv,15,44,legacy_folder,legacy,True,,,0.75,2.25,,,,
873,val,1,standing,standing,standing__standing_20260714_140527_20hz,data/staging/20260731_rebuild01/cleaned_csv/standing_20260714_140527_20hz.csv,30,59,legacy_folder,legacy,True,,,1.5,3.0,,,,
874,val,1,standing,standing,standing__standing_20260714_140527_20hz,data/staging/20260731_rebuild01/cleaned_csv/standing_20260714_140527_20hz.csv,45,74,legacy_folder,legacy,True,,,2.25,3.75,,,,
875,val,1,standing,standing,standing__standing_20260714_140527_20hz,data/staging/20260731_rebuild01/cleaned_csv/standing_20260714_140527_20hz.csv,60,89,legacy_folder,legacy,True,,,3.0,4.5,,,,
916,val,1,standing,standing,standing__standing_20260714_140727_20hz,data/staging/20260731_rebuild01/cleaned_csv/standing_20260714_140727_20hz.csv,0,29,legacy_folder,legacy,True,,,0.0,1.5,,,,
917,val,1,standing,standing,standing__standing_20260714_140727_20hz,data/staging/20260731_rebuild01/cleaned_csv/standing_20260714_140727_20hz.csv,15,44,legacy_folder,legacy,True,,,0.75,2.25,,,,
918,val,1,standing,standing,standing__standing_20260714_140727_20hz,data/staging/20260731_rebuild01/cleaned_csv/standing_20260714_140727_20hz.csv,30,59,legacy_folder,legacy,True,,,1.5,3.0,,,,
919,val,1,standing,standing,standing__standing_20260714_140727_20hz,data/staging/20260731_rebuild01/cleaned_csv/standing_20260714_140727_20hz.csv,45,74,legacy_folder,legacy,True,,,2.25,3.75,,,,
920,val,1,standing,standing,standing__standing_20260714_140727_20hz,data/staging/20260731_rebuild01/cleaned_csv/standing_20260714_140727_20hz.csv,60,89,legacy_folder,legacy,True,,,3.0,4.5,,,,
926,val,1,standing,standing,standing__standing_20260714_140745_20hz,data/staging/20260731_rebuild01/cleaned_csv/standing_20260714_140745_20hz.csv,0,29,legacy_folder,legacy,True,,,0.0,1.5,,,,
927,val,1,standing,standing,standing__standing_20260714_140745_20hz,data/staging/20260731_rebuild01/cleaned_csv/standing_20260714_140745_20hz.csv,15,44,legacy_folder,legacy,True,,,0.75,2.25,,,,
928,val,1,standing,standing,standing__standing_20260714_140745_20hz,data/staging/20260731_rebuild01/cleaned_csv/standing_20260714_140745_20hz.csv,30,59,legacy_folder,legacy,True,,,1.5,3.0,,,,
929,val,1,standing,standing,standing__standing_20260714_140745_20hz,data/staging/20260731_rebuild01/cleaned_csv/standing_20260714_140745_20hz.csv,45,74,legacy_folder,legacy,True,,,2.25,3.75,,,,
930,val,1,standing,standing,standing__standing_20260714_140745_20hz,data/staging/20260731_rebuild01/cleaned_csv/standing_20260714_140745_20hz.csv,60,89,legacy_folder,legacy,True,,,3.0,4.5,,,,
931,val,1,standing,standing,standing__standing_20260714_140754_20hz,data/staging/20260731_rebuild01/cleaned_csv/standing_20260714_140754_20hz.csv,0,29,legacy_folder,legacy,True,,,0.0,1.5,,,,
932,val,1,standing,standing,standing__standing_20260714_140754_20hz,data/staging/20260731_rebuild01/cleaned_csv/standing_20260714_140754_20hz.csv,15,44,legacy_folder,legacy,True,,,0.75,2.25,,,,
933,val,1,standing,standing,standing__standing_20260714_140754_20hz,data/staging/20260731_rebuild01/cleaned_csv/standing_20260714_140754_20hz.csv,30,59,legacy_folder,legacy,True,,,1.5,3.0,,,,
934,val,1,standing,standing,standing__standing_20260714_140754_20hz,data/staging/20260731_rebuild01/cleaned_csv/standing_20260714_140754_20hz.csv,45,74,legacy_folder,legacy,True,,,2.25,3.75,,,,
935,val,1,standing,standing,standing__standing_20260714_140754_20hz,data/staging/20260731_rebuild01/cleaned_csv/standing_20260714_140754_20hz.csv,60,89,legacy_folder,legacy,True,,,3.0,4.5,,,,
946,val,1,standing,standing,standing__standing_20260714_140823_20hz,data/staging/20260731_rebuild01/cleaned_csv/standing_20260714_140823_20hz.csv,0,29,legacy_folder,legacy,True,,,0.0,1.5,,,,
947,val,1,standing,standing,standing__standing_20260714_140823_20hz,data/staging/20260731_rebuild01/cleaned_csv/standing_20260714_140823_20hz.csv,15,44,legacy_folder,legacy,True,,,0.75,2.25,,,,
948,val,1,standing,standing,standing__standing_20260714_140823_20hz,data/staging/20260731_rebuild01/cleaned_csv/standing_20260714_140823_20hz.csv,30,59,legacy_folder,legacy,True,,,1.5,3.0,,,,
949,val,1,standing,standing,standing__standing_20260714_140823_20hz,data/staging/20260731_rebuild01/cleaned_csv/standing_20260714_140823_20hz.csv,45,74,legacy_folder,legacy,True,,,2.25,3.75,,,,
950,val,1,standing,standing,standing__standing_20260714_140823_20hz,data/staging/20260731_rebuild01/cleaned_csv/standing_20260714_140823_20hz.csv,60,89,legacy_folder,legacy,True,,,3.0,4.5,,,,
1155,val,1,standing,standing,standing__standing_20260714_141641_20hz,data/staging/20260731_rebuild01/cleaned_csv/standing_20260714_141641_20hz.csv,0,29,legacy_folder,legacy,True,,,0.0,1.5,,,,
1156,val,1,standing,standing,standing__standing_20260714_141641_20hz,data/staging/20260731_rebuild01/cleaned_csv/standing_20260714_141641_20hz.csv,15,44,legacy_folder,legacy,True,,,0.75,2.25,,,,
1157,val,1,standing,standing,standing__standing_20260714_141641_20hz,data/staging/20260731_rebuild01/cleaned_csv/standing_20260714_141641_20hz.csv,30,59,legacy_folder,legacy,True,,,1.5,3.0,,,,
1158,val,1,standing,standing,standing__standing_20260714_141641_20hz,data/staging/20260731_rebuild01/cleaned_csv/standing_20260714_141641_20hz.csv,45,74,legacy_folder,legacy,True,,,2.25,3.75,,,,
1159,val,1,standing,standing,standing__standing_20260714_141641_20hz,data/staging/20260731_rebuild01/cleaned_csv/standing_20260714_141641_20hz.csv,60,89,legacy_folder,legacy,True,,,3.0,4.5,,,,
1195,val,1,standing,standing,standing__standing_20260714_141809_20hz,data/staging/20260731_rebuild01/cleaned_csv/standing_20260714_141809_20hz.csv,0,29,legacy_folder,legacy,True,,,0.0,1.5,,,,
1196,val,1,standing,standing,standing__standing_20260714_141809_20hz,data/staging/20260731_rebuild01/cleaned_csv/standing_20260714_141809_20hz.csv,15,44,legacy_folder,legacy,True,,,0.75,2.25,,,,
1197,val,1,standing,standing,standing__standing_20260714_141809_20hz,data/staging/20260731_rebuild01/cleaned_csv/standing_20260714_141809_20hz.csv,30,59,legacy_folder,legacy,True,,,1.5,3.0,,,,
1198,val,1,standing,standing,standing__standing_20260714_141809_20hz,data/staging/20260731_rebuild01/cleaned_csv/standing_20260714_141809_20hz.csv,45,74,legacy_folder,legacy,True,,,2.25,3.75,,,,
1199,val,1,standing,standing,standing__standing_20260714_141809_20hz,data/staging/20260731_rebuild01/cleaned_csv/standing_20260714_141809_20hz.csv,60,89,legacy_folder,legacy,True,,,3.0,4.5,,,,
1208,val,1,standing,standing,standing__standing_20260714_141840_20hz,data/staging/20260731_rebuild01/cleaned_csv/standing_20260714_141840_20hz.csv,0,29,legacy_folder,legacy,True,,,0.0,1.5,,,,
1209,val,1,standing,standing,standing__standing_20260714_141840_20hz,data/staging/20260731_rebuild01/cleaned_csv/standing_20260714_141840_20hz.csv,15,44,legacy_folder,legacy,True,,,0.75,2.25,,,,
1210,val,1,standing,standing,standing__standing_20260714_141840_20hz,data/staging/20260731_rebuild01/cleaned_csv/standing_20260714_141840_20hz.csv,30,59,legacy_folder,legacy,True,,,1.5,3.0,,,,
1211,val,1,standing,standing,standing__standing_20260714_141840_20hz,data/staging/20260731_rebuild01/cleaned_csv/standing_20260714_141840_20hz.csv,45,74,legacy_folder,legacy,True,,,2.25,3.75,,,,
1212,val,1,standing,standing,standing__standing_20260714_141840_20hz,data/staging/20260731_rebuild01/cleaned_csv/standing_20260714_141840_20hz.csv,60,89,legacy_folder,legacy,True,,,3.0,4.5,,,,
1213,val,1,standing,standing,standing__standing_20260714_141935_20hz,data/staging/20260731_rebuild01/cleaned_csv/standing_20260714_141935_20hz.csv,0,29,legacy_folder,legacy,True,,,0.0,1.5,,,,
1214,val,1,standing,standing,standing__standing_20260714_141935_20hz,data/staging/20260731_rebuild01/cleaned_csv/standing_20260714_141935_20hz.csv,15,44,legacy_folder,legacy,True,,,0.75,2.25,,,,
1215,val,1,standing,standing,standing__standing_20260714_141935_20hz,data/staging/20260731_rebuild01/cleaned_csv/standing_20260714_141935_20hz.csv,30,59,legacy_folder,legacy,True,,,1.5,3.0,,,,
1216,val,1,standing,standing,standing__standing_20260714_141935_20hz,data/staging/20260731_rebuild01/cleaned_csv/standing_20260714_141935_20hz.csv,45,74,legacy_folder,legacy,True,,,2.25,3.75,,,,
1217,val,1,standing,standing,standing__standing_20260714_141935_20hz,data/staging/20260731_rebuild01/cleaned_csv/standing_20260714_141935_20hz.csv,60,89,legacy_folder,legacy,True,,,3.0,4.5,,,,
1328,val,1,standing,standing,standing__standing_20260714_142351_20hz,data/staging/20260731_rebuild01/cleaned_csv/standing_20260714_142351_20hz.csv,0,29,legacy_folder,legacy,True,,,0.0,1.5,,,,
1329,val,1,standing,standing,standing__standing_20260714_142351_20hz,data/staging/20260731_rebuild01/cleaned_csv/standing_20260714_142351_20hz.csv,15,44,legacy_folder,legacy,True,,,0.75,2.25,,,,
1330,val,1,standing,standing,standing__standing_20260714_142351_20hz,data/staging/20260731_rebuild01/cleaned_csv/standing_20260714_142351_20hz.csv,30,59,legacy_folder,legacy,True,,,1.5,3.0,,,,
1331,val,1,standing,standing,standing__standing_20260714_142351_20hz,data/staging/20260731_rebuild01/cleaned_csv/standing_20260714_142351_20hz.csv,45,74,legacy_folder,legacy,True,,,2.25,3.75,,,,
1332,val,1,standing,standing,standing__standing_20260714_142351_20hz,data/staging/20260731_rebuild01/cleaned_csv/standing_20260714_142351_20hz.csv,60,89,legacy_folder,legacy,True,,,3.0,4.5,,,,
1363,val,1,standing,standing,standing__standing_20260714_142547_20hz,data/staging/20260731_rebuild01/cleaned_csv/standing_20260714_142547_20hz.csv,0,29,legacy_folder,legacy,True,,,0.0,1.5,,,,
1364,val,1,standing,standing,standing__standing_20260714_142547_20hz,data/staging/20260731_rebuild01/cleaned_csv/standing_20260714_142547_20hz.csv,15,44,legacy_folder,legacy,True,,,0.75,2.25,,,,
1365,val,1,standing,standing,standing__standing_20260714_142547_20hz,data/staging/20260731_rebuild01/cleaned_csv/standing_20260714_142547_20hz.csv,30,59,legacy_folder,legacy,True,,,1.5,3.0,,,,
1366,val,1,standing,standing,standing__standing_20260714_142547_20hz,data/staging/20260731_rebuild01/cleaned_csv/standing_20260714_142547_20hz.csv,45,74,legacy_folder,legacy,True,,,2.25,3.75,,,,
1367,val,1,standing,standing,standing__standing_20260714_142547_20hz,data/staging/20260731_rebuild01/cleaned_csv/standing_20260714_142547_20hz.csv,60,89,legacy_folder,legacy,True,,,3.0,4.5,,,,
1378,val,1,standing,standing,standing__standing_20260714_142627_20hz,data/staging/20260731_rebuild01/cleaned_csv/standing_20260714_142627_20hz.csv,0,29,legacy_folder,legacy,True,,,0.0,1.5,,,,
1379,val,1,standing,standing,standing__standing_20260714_142627_20hz,data/staging/20260731_rebuild01/cleaned_csv/standing_20260714_142627_20hz.csv,15,44,legacy_folder,legacy,True,,,0.75,2.25,,,,
1380,val,1,standing,standing,standing__standing_20260714_142627_20hz,data/staging/20260731_rebuild01/cleaned_csv/standing_20260714_142627_20hz.csv,30,59,legacy_folder,legacy,True,,,1.5,3.0,,,,
1381,val,1,standing,standing,standing__standing_20260714_142627_20hz,data/staging/20260731_rebuild01/cleaned_csv/standing_20260714_142627_20hz.csv,45,74,legacy_folder,legacy,True,,,2.25,3.75,,,,
1382,val,1,standing,standing,standing__standing_20260714_142627_20hz,data/staging/20260731_rebuild01/cleaned_csv/standing_20260714_142627_20hz.csv,60,89,legacy_folder,legacy,True,,,3.0,4.5,,,,
1468,val,1,standing,standing,standing__standing_20260716_132839_20hz,data/staging/20260731_rebuild01/cleaned_csv/standing_20260716_132839_20hz.csv,0,29,legacy_folder,legacy,True,,,0.0,1.5,,,,
1469,val,1,standing,standing,standing__standing_20260716_132839_20hz,data/staging/20260731_rebuild01/cleaned_csv/standing_20260716_132839_20hz.csv,15,44,legacy_folder,legacy,True,,,0.75,2.25,,,,
1470,val,1,standing,standing,standing__standing_20260716_132839_20hz,data/staging/20260731_rebuild01/cleaned_csv/standing_20260716_132839_20hz.csv,30,59,legacy_folder,legacy,True,,,1.5,3.0,,,,
1471,val,1,standing,standing,standing__standing_20260716_132839_20hz,data/staging/20260731_rebuild01/cleaned_csv/standing_20260716_132839_20hz.csv,45,74,legacy_folder,legacy,True,,,2.25,3.75,,,,
1472,val,1,standing,standing,standing__standing_20260716_132839_20hz,data/staging/20260731_rebuild01/cleaned_csv/standing_20260716_132839_20hz.csv,60,89,legacy_folder,legacy,True,,,3.0,4.5,,,,
1482,val,1,standing,standing,standing__standing_20260716_132954_20hz,data/staging/20260731_rebuild01/cleaned_csv/standing_20260716_132954_20hz.csv,0,29,legacy_folder,legacy,True,,,0.0,1.5,,,,
1483,val,1,standing,standing,standing__standing_20260716_132954_20hz,data/staging/20260731_rebuild01/cleaned_csv/standing_20260716_132954_20hz.csv,15,44,legacy_folder,legacy,True,,,0.75,2.25,,,,
1484,val,1,standing,standing,standing__standing_20260716_132954_20hz,data/staging/20260731_rebuild01/cleaned_csv/standing_20260716_132954_20hz.csv,30,59,legacy_folder,legacy,True,,,1.5,3.0,,,,
1485,val,1,standing,standing,standing__standing_20260716_132954_20hz,data/staging/20260731_rebuild01/cleaned_csv/standing_20260716_132954_20hz.csv,45,74,legacy_folder,legacy,True,,,2.25,3.75,,,,
1486,val,1,standing,standing,standing__standing_20260716_132954_20hz,data/staging/20260731_rebuild01/cleaned_csv/standing_20260716_132954_20hz.csv,60,89,legacy_folder,legacy,True,,,3.0,4.5,,,,
1517,val,1,standing,standing,standing__standing_20260716_133244_20hz,data/staging/20260731_rebuild01/cleaned_csv/standing_20260716_133244_20hz.csv,0,29,legacy_folder,legacy,True,,,0.0,1.5,,,,
1518,val,1,standing,standing,standing__standing_20260716_133244_20hz,data/staging/20260731_rebuild01/cleaned_csv/standing_20260716_133244_20hz.csv,15,44,legacy_folder,legacy,True,,,0.75,2.25,,,,
1519,val,1,standing,standing,standing__standing_20260716_133244_20hz,data/staging/20260731_rebuild01/cleaned_csv/standing_20260716_133244_20hz.csv,30,59,legacy_folder,legacy,True,,,1.5,3.0,,,,
1520,val,1,standing,standing,standing__standing_20260716_133244_20hz,data/staging/20260731_rebuild01/cleaned_csv/standing_20260716_133244_20hz.csv,45,74,legacy_folder,legacy,True,,,2.25,3.75,,,,
1521,val,1,standing,standing,standing__standing_20260716_133244_20hz,data/staging/20260731_rebuild01/cleaned_csv/standing_20260716_133244_20hz.csv,60,89,legacy_folder,legacy,True,,,3.0,4.5,,,,
1532,val,1,standing,standing,standing__standing_20260716_133336_20hz,data/staging/20260731_rebuild01/cleaned_csv/standing_20260716_133336_20hz.csv,0,29,legacy_folder,legacy,True,,,0.0,1.5,,,,
1533,val,1,standing,standing,standing__standing_20260716_133336_20hz,data/staging/20260731_rebuild01/cleaned_csv/standing_20260716_133336_20hz.csv,15,44,legacy_folder,legacy,True,,,0.75,2.25,,,,
1534,val,1,standing,standing,standing__standing_20260716_133336_20hz,data/staging/20260731_rebuild01/cleaned_csv/standing_20260716_133336_20hz.csv,30,59,legacy_folder,legacy,True,,,1.5,3.0,,,,
1535,val,1,standing,standing,standing__standing_20260716_133336_20hz,data/staging/20260731_rebuild01/cleaned_csv/standing_20260716_133336_20hz.csv,45,74,legacy_folder,legacy,True,,,2.25,3.75,,,,
1536,val,1,standing,standing,standing__standing_20260716_133336_20hz,data/staging/20260731_rebuild01/cleaned_csv/standing_20260716_133336_20hz.csv,60,89,legacy_folder,legacy,True,,,3.0,4.5,,,,
1557,val,1,standing,standing,standing__standing_20260716_133711_20hz,data/staging/20260731_rebuild01/cleaned_csv/standing_20260716_133711_20hz.csv,0,29,legacy_folder,legacy,True,,,0.0,1.5,,,,
1558,val,1,standing,standing,standing__standing_20260716_133711_20hz,data/staging/20260731_rebuild01/cleaned_csv/standing_20260716_133711_20hz.csv,15,44,legacy_folder,legacy,True,,,0.75,2.25,,,,
1559,val,1,standing,standing,standing__standing_20260716_133711_20hz,data/staging/20260731_rebuild01/cleaned_csv/standing_20260716_133711_20hz.csv,30,59,legacy_folder,legacy,True,,,1.5,3.0,,,,
1560,val,1,standing,standing,standing__standing_20260716_133711_20hz,data/staging/20260731_rebuild01/cleaned_csv/standing_20260716_133711_20hz.csv,45,74,legacy_folder,legacy,True,,,2.25,3.75,,,,
1561,val,1,standing,standing,standing__standing_20260716_133711_20hz,data/staging/20260731_rebuild01/cleaned_csv/standing_20260716_133711_20hz.csv,60,89,legacy_folder,legacy,True,,,3.0,4.5,,,,
1567,val,1,standing,standing,standing__standing_20260717_145810_20hz,data/staging/20260731_rebuild01/cleaned_csv/standing_20260717_145810_20hz.csv,0,29,legacy_folder,legacy,True,,,0.0,1.5,,,,
1568,val,1,standing,standing,standing__standing_20260717_145810_20hz,data/staging/20260731_rebuild01/cleaned_csv/standing_20260717_145810_20hz.csv,15,44,legacy_folder,legacy,True,,,0.75,2.25,,,,
1569,val,1,standing,standing,standing__standing_20260717_145810_20hz,data/staging/20260731_rebuild01/cleaned_csv/standing_20260717_145810_20hz.csv,30,59,legacy_folder,legacy,True,,,1.5,3.0,,,,
1570,val,1,standing,standing,standing__standing_20260717_145810_20hz,data/staging/20260731_rebuild01/cleaned_csv/standing_20260717_145810_20hz.csv,45,74,legacy_folder,legacy,True,,,2.25,3.75,,,,
1616,val,1,standing,standing,standing__standing_20260717_150103_20hz,data/staging/20260731_rebuild01/cleaned_csv/standing_20260717_150103_20hz.csv,0,29,legacy_folder,legacy,True,,,0.0,1.5,,,,
1617,val,1,standing,standing,standing__standing_20260717_150103_20hz,data/staging/20260731_rebuild01/cleaned_csv/standing_20260717_150103_20hz.csv,15,44,legacy_folder,legacy,True,,,0.75,2.25,,,,
1618,val,1,standing,standing,standing__standing_20260717_150103_20hz,data/staging/20260731_rebuild01/cleaned_csv/standing_20260717_150103_20hz.csv,30,59,legacy_folder,legacy,True,,,1.5,3.0,,,,
1619,val,1,standing,standing,standing__standing_20260717_150103_20hz,data/staging/20260731_rebuild01/cleaned_csv/standing_20260717_150103_20hz.csv,45,74,legacy_folder,legacy,True,,,2.25,3.75,,,,
1620,val,1,standing,standing,standing__standing_20260717_150103_20hz,data/staging/20260731_rebuild01/cleaned_csv/standing_20260717_150103_20hz.csv,60,89,legacy_folder,legacy,True,,,3.0,4.5,,,,
1626,val,1,standing,standing,standing__standing_20260717_150206_20hz,data/staging/20260731_rebuild01/cleaned_csv/standing_20260717_150206_20hz.csv,0,29,legacy_folder,legacy,True,,,0.0,1.5,,,,
1627,val,1,standing,standing,standing__standing_20260717_150206_20hz,data/staging/20260731_rebuild01/cleaned_csv/standing_20260717_150206_20hz.csv,15,44,legacy_folder,legacy,True,,,0.75,2.25,,,,
1628,val,1,standing,standing,standing__standing_20260717_150206_20hz,data/staging/20260731_rebuild01/cleaned_csv/standing_20260717_150206_20hz.csv,30,59,legacy_folder,legacy,True,,,1.5,3.0,,,,
1629,val,1,standing,standing,standing__standing_20260717_150206_20hz,data/staging/20260731_rebuild01/cleaned_csv/standing_20260717_150206_20hz.csv,45,74,legacy_folder,legacy,True,,,2.25,3.75,,,,
1630,val,1,standing,standing,standing__standing_20260717_150206_20hz,data/staging/20260731_rebuild01/cleaned_csv/standing_20260717_150206_20hz.csv,60,89,legacy_folder,legacy,True,,,3.0,4.5,,,,
1681,val,1,standing,standing,standing__standing_20260717_150656_20hz,data/staging/20260731_rebuild01/cleaned_csv/standing_20260717_150656_20hz.csv,0,29,legacy_folder,legacy,True,,,0.0,1.5,,,,
1682,val,1,standing,standing,standing__standing_20260717_150656_20hz,data/staging/20260731_rebuild01/cleaned_csv/standing_20260717_150656_20hz.csv,15,44,legacy_folder,legacy,True,,,0.75,2.25,,,,
1683,val,1,standing,standing,standing__standing_20260717_150656_20hz,data/staging/20260731_rebuild01/cleaned_csv/standing_20260717_150656_20hz.csv,30,59,legacy_folder,legacy,True,,,1.5,3.0,,,,
1684,val,1,standing,standing,standing__standing_20260717_150656_20hz,data/staging/20260731_rebuild01/cleaned_csv/standing_20260717_150656_20hz.csv,45,74,legacy_folder,legacy,True,,,2.25,3.75,,,,
1685,val,1,standing,standing,standing__standing_20260717_150656_20hz,data/staging/20260731_rebuild01/cleaned_csv/standing_20260717_150656_20hz.csv,60,89,legacy_folder,legacy,True,,,3.0,4.5,,,,
1696,val,1,standing,standing,standing__standing_20260717_150842_20hz,data/staging/20260731_rebuild01/cleaned_csv/standing_20260717_150842_20hz.csv,0,29,legacy_folder,legacy,True,,,0.0,1.5,,,,
1697,val,1,standing,standing,standing__standing_20260717_150842_20hz,data/staging/20260731_rebuild01/cleaned_csv/standing_20260717_150842_20hz.csv,15,44,legacy_folder,legacy,True,,,0.75,2.25,,,,
1698,val,1,standing,standing,standing__standing_20260717_150842_20hz,data/staging/20260731_rebuild01/cleaned_csv/standing_20260717_150842_20hz.csv,30,59,legacy_folder,legacy,True,,,1.5,3.0,,,,
1699,val,1,standing,standing,standing__standing_20260717_150842_20hz,data/staging/20260731_rebuild01/cleaned_csv/standing_20260717_150842_20hz.csv,45,74,legacy_folder,legacy,True,,,2.25,3.75,,,,
1700,val,1,standing,standing,standing__standing_20260717_150842_20hz,data/staging/20260731_rebuild01/cleaned_csv/standing_20260717_150842_20hz.csv,60,89,legacy_folder,legacy,True,,,3.0,4.5,,,,
1716,val,0,walking,walking,walking__walking_20260715_132014_20hz,data/staging/20260731_rebuild01/cleaned_csv/walking_20260715_132014_20hz.csv,0,29,legacy_folder,legacy,True,,,0.0,1.5,,,,
1717,val,0,walking,walking,walking__walking_20260715_132014_20hz,data/staging/20260731_rebuild01/cleaned_csv/walking_20260715_132014_20hz.csv,15,44,legacy_folder,legacy,True,,,0.75,2.25,,,,
1718,val,0,walking,walking,walking__walking_20260715_132014_20hz,data/staging/20260731_rebuild01/cleaned_csv/walking_20260715_132014_20hz.csv,30,59,legacy_folder,legacy,True,,,1.5,3.0,,,,
1719,val,0,walking,walking,walking__walking_20260715_132014_20hz,data/staging/20260731_rebuild01/cleaned_csv/walking_20260715_132014_20hz.csv,45,74,legacy_folder,legacy,True,,,2.25,3.75,,,,
1745,val,0,walking,walking,walking__walking_20260715_132218_20hz,data/staging/20260731_rebuild01/cleaned_csv/walking_20260715_132218_20hz.csv,0,29,legacy_folder,legacy,True,,,0.0,1.5,,,,
1746,val,0,walking,walking,walking__walking_20260715_132218_20hz,data/staging/20260731_rebuild01/cleaned_csv/walking_20260715_132218_20hz.csv,15,44,legacy_folder,legacy,True,,,0.75,2.25,,,,
1747,val,0,walking,walking,walking__walking_20260715_132218_20hz,data/staging/20260731_rebuild01/cleaned_csv/walking_20260715_132218_20hz.csv,30,59,legacy_folder,legacy,True,,,1.5,3.0,,,,
1748,val,0,walking,walking,walking__walking_20260715_132218_20hz,data/staging/20260731_rebuild01/cleaned_csv/walking_20260715_132218_20hz.csv,45,74,legacy_folder,legacy,True,,,2.25,3.75,,,,
1749,val,0,walking,walking,walking__walking_20260715_132218_20hz,data/staging/20260731_rebuild01/cleaned_csv/walking_20260715_132218_20hz.csv,60,89,legacy_folder,legacy,True,,,3.0,4.5,,,,
1805,val,0,walking,walking,walking__walking_20260715_132541_20hz,data/staging/20260731_rebuild01/cleaned_csv/walking_20260715_132541_20hz.csv,0,29,legacy_folder,legacy,True,,,0.0,1.5,,,,
1806,val,0,walking,walking,walking__walking_20260715_132541_20hz,data/staging/20260731_rebuild01/cleaned_csv/walking_20260715_132541_20hz.csv,15,44,legacy_folder,legacy,True,,,0.75,2.25,,,,
1807,val,0,walking,walking,walking__walking_20260715_132541_20hz,data/staging/20260731_rebuild01/cleaned_csv/walking_20260715_132541_20hz.csv,30,59,legacy_folder,legacy,True,,,1.5,3.0,,,,
1808,val,0,walking,walking,walking__walking_20260715_132541_20hz,data/staging/20260731_rebuild01/cleaned_csv/walking_20260715_132541_20hz.csv,45,74,legacy_folder,legacy,True,,,2.25,3.75,,,,
1827,val,0,walking,walking,walking__walking_20260715_132929_20hz,data/staging/20260731_rebuild01/cleaned_csv/walking_20260715_132929_20hz.csv,0,29,legacy_folder,legacy,True,,,0.0,1.5,,,,
1828,val,0,walking,walking,walking__walking_20260715_132929_20hz,data/staging/20260731_rebuild01/cleaned_csv/walking_20260715_132929_20hz.csv,15,44,legacy_folder,legacy,True,,,0.75,2.25,,,,
1829,val,0,walking,walking,walking__walking_20260715_132929_20hz,data/staging/20260731_rebuild01/cleaned_csv/walking_20260715_132929_20hz.csv,30,59,legacy_folder,legacy,True,,,1.5,3.0,,,,
1830,val,0,walking,walking,walking__walking_20260715_132929_20hz,data/staging/20260731_rebuild01/cleaned_csv/walking_20260715_132929_20hz.csv,45,74,legacy_folder,legacy,True,,,2.25,3.75,,,,
1831,val,0,walking,walking,walking__walking_20260715_132929_20hz,data/staging/20260731_rebuild01/cleaned_csv/walking_20260715_132929_20hz.csv,60,89,legacy_folder,legacy,True,,,3.0,4.5,,,,
1848,val,0,walking,walking,walking__walking_20260715_133054_20hz,data/staging/20260731_rebuild01/cleaned_csv/walking_20260715_133054_20hz.csv,0,29,legacy_folder,legacy,True,,,0.0,1.5,,,,
1849,val,0,walking,walking,walking__walking_20260715_133054_20hz,data/staging/20260731_rebuild01/cleaned_csv/walking_20260715_133054_20hz.csv,15,44,legacy_folder,legacy,True,,,0.75,2.25,,,,
1850,val,0,walking,walking,walking__walking_20260715_133054_20hz,data/staging/20260731_rebuild01/cleaned_csv/walking_20260715_133054_20hz.csv,30,59,legacy_folder,legacy,True,,,1.5,3.0,,,,
1851,val,0,walking,walking,walking__walking_20260715_133054_20hz,data/staging/20260731_rebuild01/cleaned_csv/walking_20260715_133054_20hz.csv,45,74,legacy_folder,legacy,True,,,2.25,3.75,,,,
1852,val,0,walking,walking,walking__walking_20260715_133054_20hz,data/staging/20260731_rebuild01/cleaned_csv/walking_20260715_133054_20hz.csv,60,89,legacy_folder,legacy,True,,,3.0,4.5,,,,
1860,val,0,walking,walking,walking__walking_20260715_133138_20hz,data/staging/20260731_rebuild01/cleaned_csv/walking_20260715_133138_20hz.csv,0,29,legacy_folder,legacy,True,,,0.0,1.5,,,,
1861,val,0,walking,walking,walking__walking_20260715_133138_20hz,data/staging/20260731_rebuild01/cleaned_csv/walking_20260715_133138_20hz.csv,15,44,legacy_folder,legacy,True,,,0.75,2.25,,,,
1862,val,0,walking,walking,walking__walking_20260715_133138_20hz,data/staging/20260731_rebuild01/cleaned_csv/walking_20260715_133138_20hz.csv,30,59,legacy_folder,legacy,True,,,1.5,3.0,,,,
1863,val,0,walking,walking,walking__walking_20260715_133138_20hz,data/staging/20260731_rebuild01/cleaned_csv/walking_20260715_133138_20hz.csv,45,74,legacy_folder,legacy,True,,,2.25,3.75,,,,
1864,val,0,walking,walking,walking__walking_20260715_133138_20hz,data/staging/20260731_rebuild01/cleaned_csv/walking_20260715_133138_20hz.csv,60,89,legacy_folder,legacy,True,,,3.0,4.5,,,,
1865,val,0,walking,walking,walking__walking_20260715_133153_20hz,data/staging/20260731_rebuild01/cleaned_csv/walking_20260715_133153_20hz.csv,0,29,legacy_folder,legacy,True,,,0.0,1.5,,,,
1866,val,0,walking,walking,walking__walking_20260715_133153_20hz,data/staging/20260731_rebuild01/cleaned_csv/walking_20260715_133153_20hz.csv,15,44,legacy_folder,legacy,True,,,0.75,2.25,,,,
1867,val,0,walking,walking,walking__walking_20260715_133153_20hz,data/staging/20260731_rebuild01/cleaned_csv/walking_20260715_133153_20hz.csv,30,59,legacy_folder,legacy,True,,,1.5,3.0,,,,
1868,val,0,walking,walking,walking__walking_20260715_133153_20hz,data/staging/20260731_rebuild01/cleaned_csv/walking_20260715_133153_20hz.csv,45,74,legacy_folder,legacy,True,,,2.25,3.75,,,,
1869,val,0,walking,walking,walking__walking_20260715_133153_20hz,data/staging/20260731_rebuild01/cleaned_csv/walking_20260715_133153_20hz.csv,60,89,legacy_folder,legacy,True,,,3.0,4.5,,,,
1882,val,0,walking,walking,walking__walking_20260715_133333_20hz,data/staging/20260731_rebuild01/cleaned_csv/walking_20260715_133333_20hz.csv,0,29,legacy_folder,legacy,True,,,0.0,1.5,,,,
1883,val,0,walking,walking,walking__walking_20260715_133333_20hz,data/staging/20260731_rebuild01/cleaned_csv/walking_20260715_133333_20hz.csv,15,44,legacy_folder,legacy,True,,,0.75,2.25,,,,
1884,val,0,walking,walking,walking__walking_20260715_133333_20hz,data/staging/20260731_rebuild01/cleaned_csv/walking_20260715_133333_20hz.csv,30,59,legacy_folder,legacy,True,,,1.5,3.0,,,,
1885,val,0,walking,walking,walking__walking_20260715_133333_20hz,data/staging/20260731_rebuild01/cleaned_csv/walking_20260715_133333_20hz.csv,45,74,legacy_folder,legacy,True,,,2.25,3.75,,,,
1886,val,0,walking,walking,walking__walking_20260715_133333_20hz,data/staging/20260731_rebuild01/cleaned_csv/walking_20260715_133333_20hz.csv,60,89,legacy_folder,legacy,True,,,3.0,4.5,,,,
1902,val,0,walking,walking,walking__walking_20260715_133416_20hz,data/staging/20260731_rebuild01/cleaned_csv/walking_20260715_133416_20hz.csv,0,29,legacy_folder,legacy,True,,,0.0,1.5,,,,
1903,val,0,walking,walking,walking__walking_20260715_133416_20hz,data/staging/20260731_rebuild01/cleaned_csv/walking_20260715_133416_20hz.csv,15,44,legacy_folder,legacy,True,,,0.75,2.25,,,,
1904,val,0,walking,walking,walking__walking_20260715_133416_20hz,data/staging/20260731_rebuild01/cleaned_csv/walking_20260715_133416_20hz.csv,30,59,legacy_folder,legacy,True,,,1.5,3.0,,,,
1905,val,0,walking,walking,walking__walking_20260715_133416_20hz,data/staging/20260731_rebuild01/cleaned_csv/walking_20260715_133416_20hz.csv,45,74,legacy_folder,legacy,True,,,2.25,3.75,,,,
1906,val,0,walking,walking,walking__walking_20260715_133416_20hz,data/staging/20260731_rebuild01/cleaned_csv/walking_20260715_133416_20hz.csv,60,89,legacy_folder,legacy,True,,,3.0,4.5,,,,
1912,val,0,walking,walking,walking__walking_20260715_133435_20hz,data/staging/20260731_rebuild01/cleaned_csv/walking_20260715_133435_20hz.csv,0,29,legacy_folder,legacy,True,,,0.0,1.5,,,,
1913,val,0,walking,walking,walking__walking_20260715_133435_20hz,data/staging/20260731_rebuild01/cleaned_csv/walking_20260715_133435_20hz.csv,15,44,legacy_folder,legacy,True,,,0.75,2.25,,,,
1914,val,0,walking,walking,walking__walking_20260715_133435_20hz,data/staging/20260731_rebuild01/cleaned_csv/walking_20260715_133435_20hz.csv,30,59,legacy_folder,legacy,True,,,1.5,3.0,,,,
1915,val,0,walking,walking,walking__walking_20260715_133435_20hz,data/staging/20260731_rebuild01/cleaned_csv/walking_20260715_133435_20hz.csv,45,74,legacy_folder,legacy,True,,,2.25,3.75,,,,
1916,val,0,walking,walking,walking__walking_20260715_133435_20hz,data/staging/20260731_rebuild01/cleaned_csv/walking_20260715_133435_20hz.csv,60,89,legacy_folder,legacy,True,,,3.0,4.5,,,,
1937,val,0,walking,walking,walking__walking_20260715_133526_20hz,data/staging/20260731_rebuild01/cleaned_csv/walking_20260715_133526_20hz.csv,0,29,legacy_folder,legacy,True,,,0.0,1.5,,,,
1938,val,0,walking,walking,walking__walking_20260715_133526_20hz,data/staging/20260731_rebuild01/cleaned_csv/walking_20260715_133526_20hz.csv,15,44,legacy_folder,legacy,True,,,0.75,2.25,,,,
1939,val,0,walking,walking,walking__walking_20260715_133526_20hz,data/staging/20260731_rebuild01/cleaned_csv/walking_20260715_133526_20hz.csv,30,59,legacy_folder,legacy,True,,,1.5,3.0,,,,
1940,val,0,walking,walking,walking__walking_20260715_133526_20hz,data/staging/20260731_rebuild01/cleaned_csv/walking_20260715_133526_20hz.csv,45,74,legacy_folder,legacy,True,,,2.25,3.75,,,,
1941,val,0,walking,walking,walking__walking_20260715_133526_20hz,data/staging/20260731_rebuild01/cleaned_csv/walking_20260715_133526_20hz.csv,60,89,legacy_folder,legacy,True,,,3.0,4.5,,,,
1982,val,0,walking,walking,walking__walking_20260715_134140_20hz,data/staging/20260731_rebuild01/cleaned_csv/walking_20260715_134140_20hz.csv,0,29,legacy_folder,legacy,True,,,0.0,1.5,,,,
1983,val,0,walking,walking,walking__walking_20260715_134140_20hz,data/staging/20260731_rebuild01/cleaned_csv/walking_20260715_134140_20hz.csv,15,44,legacy_folder,legacy,True,,,0.75,2.25,,,,
1984,val,0,walking,walking,walking__walking_20260715_134140_20hz,data/staging/20260731_rebuild01/cleaned_csv/walking_20260715_134140_20hz.csv,30,59,legacy_folder,legacy,True,,,1.5,3.0,,,,
1985,val,0,walking,walking,walking__walking_20260715_134140_20hz,data/staging/20260731_rebuild01/cleaned_csv/walking_20260715_134140_20hz.csv,45,74,legacy_folder,legacy,True,,,2.25,3.75,,,,
1986,val,0,walking,walking,walking__walking_20260715_134140_20hz,data/staging/20260731_rebuild01/cleaned_csv/walking_20260715_134140_20hz.csv,60,89,legacy_folder,legacy,True,,,3.0,4.5,,,,
2012,val,0,walking,walking,walking__walking_20260715_134324_20hz,data/staging/20260731_rebuild01/cleaned_csv/walking_20260715_134324_20hz.csv,0,29,legacy_folder,legacy,True,,,0.0,1.5,,,,
2013,val,0,walking,walking,walking__walking_20260715_134324_20hz,data/staging/20260731_rebuild01/cleaned_csv/walking_20260715_134324_20hz.csv,15,44,legacy_folder,legacy,True,,,0.75,2.25,,,,
2014,val,0,walking,walking,walking__walking_20260715_134324_20hz,data/staging/20260731_rebuild01/cleaned_csv/walking_20260715_134324_20hz.csv,30,59,legacy_folder,legacy,True,,,1.5,3.0,,,,
2015,val,0,walking,walking,walking__walking_20260715_134324_20hz,data/staging/20260731_rebuild01/cleaned_csv/walking_20260715_134324_20hz.csv,45,74,legacy_folder,legacy,True,,,2.25,3.75,,,,
2016,val,0,walking,walking,walking__walking_20260715_134324_20hz,data/staging/20260731_rebuild01/cleaned_csv/walking_20260715_134324_20hz.csv,60,89,legacy_folder,legacy,True,,,3.0,4.5,,,,
2037,val,0,walking,walking,walking__walking_20260715_134501_20hz,data/staging/20260731_rebuild01/cleaned_csv/walking_20260715_134501_20hz.csv,0,29,legacy_folder,legacy,True,,,0.0,1.5,,,,
2038,val,0,walking,walking,walking__walking_20260715_134501_20hz,data/staging/20260731_rebuild01/cleaned_csv/walking_20260715_134501_20hz.csv,15,44,legacy_folder,legacy,True,,,0.75,2.25,,,,
2039,val,0,walking,walking,walking__walking_20260715_134501_20hz,data/staging/20260731_rebuild01/cleaned_csv/walking_20260715_134501_20hz.csv,30,59,legacy_folder,legacy,True,,,1.5,3.0,,,,
2040,val,0,walking,walking,walking__walking_20260715_134501_20hz,data/staging/20260731_rebuild01/cleaned_csv/walking_20260715_134501_20hz.csv,45,74,legacy_folder,legacy,True,,,2.25,3.75,,,,
2041,val,0,walking,walking,walking__walking_20260715_134501_20hz,data/staging/20260731_rebuild01/cleaned_csv/walking_20260715_134501_20hz.csv,60,89,legacy_folder,legacy,True,,,3.0,4.5,,,,
2100,val,0,walking,walking,walking__walking_20260715_134732_20hz,data/staging/20260731_rebuild01/cleaned_csv/walking_20260715_134732_20hz.csv,0,29,legacy_folder,legacy,True,,,0.0,1.5,,,,
2101,val,0,walking,walking,walking__walking_20260715_134732_20hz,data/staging/20260731_rebuild01/cleaned_csv/walking_20260715_134732_20hz.csv,15,44,legacy_folder,legacy,True,,,0.75,2.25,,,,
2102,val,0,walking,walking,walking__walking_20260715_134732_20hz,data/staging/20260731_rebuild01/cleaned_csv/walking_20260715_134732_20hz.csv,30,59,legacy_folder,legacy,True,,,1.5,3.0,,,,
2103,val,0,walking,walking,walking__walking_20260715_134732_20hz,data/staging/20260731_rebuild01/cleaned_csv/walking_20260715_134732_20hz.csv,45,74,legacy_folder,legacy,True,,,2.25,3.75,,,,
2104,val,0,walking,walking,walking__walking_20260715_134732_20hz,data/staging/20260731_rebuild01/cleaned_csv/walking_20260715_134732_20hz.csv,60,89,legacy_folder,legacy,True,,,3.0,4.5,,,,
2115,val,0,walking,walking,walking__walking_20260715_134800_20hz,data/staging/20260731_rebuild01/cleaned_csv/walking_20260715_134800_20hz.csv,0,29,legacy_folder,legacy,True,,,0.0,1.5,,,,
2116,val,0,walking,walking,walking__walking_20260715_134800_20hz,data/staging/20260731_rebuild01/cleaned_csv/walking_20260715_134800_20hz.csv,15,44,legacy_folder,legacy,True,,,0.75,2.25,,,,
2117,val,0,walking,walking,walking__walking_20260715_134800_20hz,data/staging/20260731_rebuild01/cleaned_csv/walking_20260715_134800_20hz.csv,30,59,legacy_folder,legacy,True,,,1.5,3.0,,,,
2118,val,0,walking,walking,walking__walking_20260715_134800_20hz,data/staging/20260731_rebuild01/cleaned_csv/walking_20260715_134800_20hz.csv,45,74,legacy_folder,legacy,True,,,2.25,3.75,,,,
2119,val,0,walking,walking,walking__walking_20260715_134800_20hz,data/staging/20260731_rebuild01/cleaned_csv/walking_20260715_134800_20hz.csv,60,89,legacy_folder,legacy,True,,,3.0,4.5,,,,
2155,val,0,walking,walking,walking__walking_20260715_134957_20hz,data/staging/20260731_rebuild01/cleaned_csv/walking_20260715_134957_20hz.csv,0,29,legacy_folder,legacy,True,,,0.0,1.5,,,,
2156,val,0,walking,walking,walking__walking_20260715_134957_20hz,data/staging/20260731_rebuild01/cleaned_csv/walking_20260715_134957_20hz.csv,15,44,legacy_folder,legacy,True,,,0.75,2.25,,,,
2157,val,0,walking,walking,walking__walking_20260715_134957_20hz,data/staging/20260731_rebuild01/cleaned_csv/walking_20260715_134957_20hz.csv,30,59,legacy_folder,legacy,True,,,1.5,3.0,,,,
2158,val,0,walking,walking,walking__walking_20260715_134957_20hz,data/staging/20260731_rebuild01/cleaned_csv/walking_20260715_134957_20hz.csv,45,74,legacy_folder,legacy,True,,,2.25,3.75,,,,
2159,val,0,walking,walking,walking__walking_20260715_134957_20hz,data/staging/20260731_rebuild01/cleaned_csv/walking_20260715_134957_20hz.csv,60,89,legacy_folder,legacy,True,,,3.0,4.5,,,,
2190,val,0,walking,walking,walking__walking_20260715_135129_20hz,data/staging/20260731_rebuild01/cleaned_csv/walking_20260715_135129_20hz.csv,0,29,legacy_folder,legacy,True,,,0.0,1.5,,,,
2191,val,0,walking,walking,walking__walking_20260715_135129_20hz,data/staging/20260731_rebuild01/cleaned_csv/walking_20260715_135129_20hz.csv,15,44,legacy_folder,legacy,True,,,0.75,2.25,,,,
2192,val,0,walking,walking,walking__walking_20260715_135129_20hz,data/staging/20260731_rebuild01/cleaned_csv/walking_20260715_135129_20hz.csv,30,59,legacy_folder,legacy,True,,,1.5,3.0,,,,
2193,val,0,walking,walking,walking__walking_20260715_135129_20hz,data/staging/20260731_rebuild01/cleaned_csv/walking_20260715_135129_20hz.csv,45,74,legacy_folder,legacy,True,,,2.25,3.75,,,,
2194,val,0,walking,walking,walking__walking_20260715_135129_20hz,data/staging/20260731_rebuild01/cleaned_csv/walking_20260715_135129_20hz.csv,60,89,legacy_folder,legacy,True,,,3.0,4.5,,,,
2200,val,0,walking,walking,walking__walking_20260715_135158_20hz,data/staging/20260731_rebuild01/cleaned_csv/walking_20260715_135158_20hz.csv,0,29,legacy_folder,legacy,True,,,0.0,1.5,,,,
2201,val,0,walking,walking,walking__walking_20260715_135158_20hz,data/staging/20260731_rebuild01/cleaned_csv/walking_20260715_135158_20hz.csv,15,44,legacy_folder,legacy,True,,,0.75,2.25,,,,
2202,val,0,walking,walking,walking__walking_20260715_135158_20hz,data/staging/20260731_rebuild01/cleaned_csv/walking_20260715_135158_20hz.csv,30,59,legacy_folder,legacy,True,,,1.5,3.0,,,,
2203,val,0,walking,walking,walking__walking_20260715_135158_20hz,data/staging/20260731_rebuild01/cleaned_csv/walking_20260715_135158_20hz.csv,45,74,legacy_folder,legacy,True,,,2.25,3.75,,,,
2204,val,0,walking,walking,walking__walking_20260715_135158_20hz,data/staging/20260731_rebuild01/cleaned_csv/walking_20260715_135158_20hz.csv,60,89,legacy_folder,legacy,True,,,3.0,4.5,,,,
2234,val,0,walking,walking,walking__walking_20260715_175458_20hz,data/staging/20260731_rebuild01/cleaned_csv/walking_20260715_175458_20hz.csv,0,29,legacy_folder,legacy,True,,,0.0,1.5,,,,
2235,val,0,walking,walking,walking__walking_20260715_175458_20hz,data/staging/20260731_rebuild01/cleaned_csv/walking_20260715_175458_20hz.csv,15,44,legacy_folder,legacy,True,,,0.75,2.25,,,,
2236,val,0,walking,walking,walking__walking_20260715_175458_20hz,data/staging/20260731_rebuild01/cleaned_csv/walking_20260715_175458_20hz.csv,30,59,legacy_folder,legacy,True,,,1.5,3.0,,,,
2237,val,0,walking,walking,walking__walking_20260715_175458_20hz,data/staging/20260731_rebuild01/cleaned_csv/walking_20260715_175458_20hz.csv,45,74,legacy_folder,legacy,True,,,2.25,3.75,,,,
2238,val,0,walking,walking,walking__walking_20260715_175458_20hz,data/staging/20260731_rebuild01/cleaned_csv/walking_20260715_175458_20hz.csv,60,89,legacy_folder,legacy,True,,,3.0,4.5,,,,
2239,val,0,walking,walking,walking__walking_20260715_175514_20hz,data/staging/20260731_rebuild01/cleaned_csv/walking_20260715_175514_20hz.csv,0,29,legacy_folder,legacy,True,,,0.0,1.5,,,,
2240,val,0,walking,walking,walking__walking_20260715_175514_20hz,data/staging/20260731_rebuild01/cleaned_csv/walking_20260715_175514_20hz.csv,15,44,legacy_folder,legacy,True,,,0.75,2.25,,,,
2241,val,0,walking,walking,walking__walking_20260715_175514_20hz,data/staging/20260731_rebuild01/cleaned_csv/walking_20260715_175514_20hz.csv,30,59,legacy_folder,legacy,True,,,1.5,3.0,,,,
2242,val,0,walking,walking,walking__walking_20260715_175514_20hz,data/staging/20260731_rebuild01/cleaned_csv/walking_20260715_175514_20hz.csv,45,74,legacy_folder,legacy,True,,,2.25,3.75,,,,
2243,val,0,walking,walking,walking__walking_20260715_175514_20hz,data/staging/20260731_rebuild01/cleaned_csv/walking_20260715_175514_20hz.csv,60,89,legacy_folder,legacy,True,,,3.0,4.5,,,,
2282,val,0,walking,walking,walking__walking_20260715_175721_20hz,data/staging/20260731_rebuild01/cleaned_csv/walking_20260715_175721_20hz.csv,0,29,legacy_folder,legacy,True,,,0.0,1.5,,,,
2283,val,0,walking,walking,walking__walking_20260715_175721_20hz,data/staging/20260731_rebuild01/cleaned_csv/walking_20260715_175721_20hz.csv,15,44,legacy_folder,legacy,True,,,0.75,2.25,,,,
2314,val,0,walking,walking,walking__walking_20260715_175924_20hz,data/staging/20260731_rebuild01/cleaned_csv/walking_20260715_175924_20hz.csv,0,29,legacy_folder,legacy,True,,,0.0,1.5,,,,
2315,val,0,walking,walking,walking__walking_20260715_175924_20hz,data/staging/20260731_rebuild01/cleaned_csv/walking_20260715_175924_20hz.csv,15,44,legacy_folder,legacy,True,,,0.75,2.25,,,,
2316,val,0,walking,walking,walking__walking_20260715_175924_20hz,data/staging/20260731_rebuild01/cleaned_csv/walking_20260715_175924_20hz.csv,30,59,legacy_folder,legacy,True,,,1.5,3.0,,,,
2317,val,0,walking,walking,walking__walking_20260715_175924_20hz,data/staging/20260731_rebuild01/cleaned_csv/walking_20260715_175924_20hz.csv,45,74,legacy_folder,legacy,True,,,2.25,3.75,,,,
2318,val,0,walking,walking,walking__walking_20260715_175935_20hz,data/staging/20260731_rebuild01/cleaned_csv/walking_20260715_175935_20hz.csv,0,29,legacy_folder,legacy,True,,,0.0,1.5,,,,
2319,val,0,walking,walking,walking__walking_20260715_175935_20hz,data/staging/20260731_rebuild01/cleaned_csv/walking_20260715_175935_20hz.csv,15,44,legacy_folder,legacy,True,,,0.75,2.25,,,,
2320,val,0,walking,walking,walking__walking_20260715_175935_20hz,data/staging/20260731_rebuild01/cleaned_csv/walking_20260715_175935_20hz.csv,30,59,legacy_folder,legacy,True,,,1.5,3.0,,,,
2321,val,0,walking,walking,walking__walking_20260715_175935_20hz,data/staging/20260731_rebuild01/cleaned_csv/walking_20260715_175935_20hz.csv,45,74,legacy_folder,legacy,True,,,2.25,3.75,,,,
2322,val,0,walking,walking,walking__walking_20260715_175935_20hz,data/staging/20260731_rebuild01/cleaned_csv/walking_20260715_175935_20hz.csv,60,89,legacy_folder,legacy,True,,,3.0,4.5,,,,
3,test,1,standing,fall,fall__falling_20260714_160514_20hz,data/staging/20260731_rebuild01/cleaned_csv/falling_20260714_160514_20hz.csv,0,29,event_metadata,pre_event,True,0.0,0.0,0.0,1.5,,high,none,auto_event_heuristic_v1
4,test,3,fall,fall,fall__falling_20260714_160514_20hz,data/staging/20260731_rebuild01/cleaned_csv/falling_20260714_160514_20hz.csv,15,44,event_metadata,fall_event,True,0.75,0.5,0.75,2.25,,high,none,auto_event_heuristic_v1
5,test,3,fall,fall,fall__falling_20260714_160514_20hz,data/staging/20260731_rebuild01/cleaned_csv/falling_20260714_160514_20hz.csv,30,59,event_metadata,fall_event,True,1.5,1.0,1.5,3.0,,high,none,auto_event_heuristic_v1
6,test,3,fall,fall,fall__falling_20260714_160514_20hz,data/staging/20260731_rebuild01/cleaned_csv/falling_20260714_160514_20hz.csv,45,74,event_metadata,fall_event,True,1.4500000476837158,0.9666666388511658,2.25,3.75,,high,none,auto_event_heuristic_v1
15,test,1,standing,fall,fall__falling_20260714_160910_20hz,data/staging/20260731_rebuild01/cleaned_csv/falling_20260714_160910_20hz.csv,0,29,event_metadata,pre_event,True,0.0,0.0,0.0,1.5,,medium,event_near_recording_boundary;missing_post_event_stability;weak_height_evidence,auto_event_heuristic_v1
16,test,1,standing,fall,fall__falling_20260714_160910_20hz,data/staging/20260731_rebuild01/cleaned_csv/falling_20260714_160910_20hz.csv,15,44,event_metadata,pre_event,True,0.0,0.0,0.75,2.25,,medium,event_near_recording_boundary;missing_post_event_stability;weak_height_evidence,auto_event_heuristic_v1
17,test,3,fall,fall,fall__falling_20260714_160910_20hz,data/staging/20260731_rebuild01/cleaned_csv/falling_20260714_160910_20hz.csv,45,74,event_metadata,fall_event,True,0.8500000238418579,0.5666666626930237,2.25,3.75,,medium,event_near_recording_boundary;missing_post_event_stability;weak_height_evidence,auto_event_heuristic_v1
25,test,1,standing,fall,fall__falling_20260714_161320_20hz,data/staging/20260731_rebuild01/cleaned_csv/falling_20260714_161320_20hz.csv,0,29,event_metadata,pre_event,True,0.0,0.0,0.0,1.5,,medium,geometry_edge_warning,auto_event_heuristic_v1
26,test,1,standing,fall,fall__falling_20260714_161320_20hz,data/staging/20260731_rebuild01/cleaned_csv/falling_20260714_161320_20hz.csv,15,44,event_metadata,pre_event,True,0.0,0.0,0.75,2.25,,medium,geometry_edge_warning,auto_event_heuristic_v1
27,test,3,fall,fall,fall__falling_20260714_161320_20hz,data/staging/20260731_rebuild01/cleaned_csv/falling_20260714_161320_20hz.csv,45,74,event_metadata,fall_event,True,0.8999999761581421,0.6000000238418579,2.25,3.75,,medium,geometry_edge_warning,auto_event_heuristic_v1
28,test,3,fall,fall,fall__falling_20260714_161320_20hz,data/staging/20260731_rebuild01/cleaned_csv/falling_20260714_161320_20hz.csv,60,89,event_metadata,fall_event,True,0.8500000238418579,0.5666666626930237,3.0,4.5,,medium,geometry_edge_warning,auto_event_heuristic_v1
40,test,1,standing,fall,fall__falling_20260715_135643_20hz,data/staging/20260731_rebuild01/cleaned_csv/falling_20260715_135643_20hz.csv,0,29,event_metadata,pre_event,True,0.0,0.0,0.0,1.5,,medium,geometry_edge_warning,auto_event_heuristic_v1
41,test,1,standing,fall,fall__falling_20260715_135643_20hz,data/staging/20260731_rebuild01/cleaned_csv/falling_20260715_135643_20hz.csv,15,44,event_metadata,pre_event,True,0.0,0.0,0.75,2.25,,medium,geometry_edge_warning,auto_event_heuristic_v1
42,test,3,fall,fall,fall__falling_20260715_135643_20hz,data/staging/20260731_rebuild01/cleaned_csv/falling_20260715_135643_20hz.csv,45,74,event_metadata,fall_event,True,1.399999976158142,0.9333333373069763,2.25,3.75,,medium,geometry_edge_warning,auto_event_heuristic_v1
43,test,1,standing,fall,fall__falling_20260715_135656_20hz,data/staging/20260731_rebuild01/cleaned_csv/falling_20260715_135656_20hz.csv,0,29,event_metadata,pre_event,True,0.0,0.0,0.0,1.5,,medium,event_near_recording_boundary;geometry_edge_warning;missing_post_event_stability;multiple_or_broad_peaks;weak_height_evidence,auto_event_heuristic_v1
44,test,1,standing,fall,fall__falling_20260715_135739_20hz,data/staging/20260731_rebuild01/cleaned_csv/falling_20260715_135739_20hz.csv,0,29,event_metadata,pre_event,True,0.0,0.0,0.0,1.5,,medium,geometry_edge_warning,auto_event_heuristic_v1
45,test,1,standing,fall,fall__falling_20260715_135739_20hz,data/staging/20260731_rebuild01/cleaned_csv/falling_20260715_135739_20hz.csv,15,44,event_metadata,pre_event,True,0.0,0.0,0.75,2.25,,medium,geometry_edge_warning,auto_event_heuristic_v1
46,test,3,fall,fall,fall__falling_20260715_135739_20hz,data/staging/20260731_rebuild01/cleaned_csv/falling_20260715_135739_20hz.csv,45,74,event_metadata,fall_event,True,1.2999999523162842,0.8666666746139526,2.25,3.75,,medium,geometry_edge_warning,auto_event_heuristic_v1
47,test,3,fall,fall,fall__falling_20260715_135739_20hz,data/staging/20260731_rebuild01/cleaned_csv/falling_20260715_135739_20hz.csv,60,89,event_metadata,fall_event,True,1.0,0.6666666865348816,3.0,4.5,,medium,geometry_edge_warning,auto_event_heuristic_v1
55,test,3,fall,fall,fall__falling_20260715_140220_20hz,data/staging/20260731_rebuild01/cleaned_csv/falling_20260715_140220_20hz.csv,15,44,event_metadata,fall_event,True,1.350000023841858,0.8999999761581421,0.75,2.25,,medium,geometry_edge_warning,auto_event_heuristic_v1
56,test,3,fall,fall,fall__falling_20260715_140220_20hz,data/staging/20260731_rebuild01/cleaned_csv/falling_20260715_140220_20hz.csv,30,59,event_metadata,fall_event,True,1.5,1.0,1.5,3.0,,medium,geometry_edge_warning,auto_event_heuristic_v1
57,test,3,fall,fall,fall__falling_20260715_140220_20hz,data/staging/20260731_rebuild01/cleaned_csv/falling_20260715_140220_20hz.csv,45,74,event_metadata,fall_event,True,0.8500000238418579,0.5666666626930237,2.25,3.75,,medium,geometry_edge_warning,auto_event_heuristic_v1
58,test,3,fall,fall,fall__falling_20260715_140305_20hz,data/staging/20260731_rebuild01/cleaned_csv/falling_20260715_140305_20hz.csv,15,44,event_metadata,fall_event,True,1.0,0.6666666865348816,0.75,2.25,,medium,geometry_edge_warning,auto_event_heuristic_v1
78,test,1,standing,fall,fall__falling_20260715_141756_20hz,data/staging/20260731_rebuild01/cleaned_csv/falling_20260715_141756_20hz.csv,0,29,event_metadata,pre_event,True,0.0,0.0,0.0,1.5,,high,none,auto_event_heuristic_v1
79,test,1,standing,fall,fall__falling_20260715_141756_20hz,data/staging/20260731_rebuild01/cleaned_csv/falling_20260715_141756_20hz.csv,15,44,event_metadata,pre_event,True,0.0,0.0,0.75,2.25,,high,none,auto_event_heuristic_v1
80,test,3,fall,fall,fall__falling_20260715_141756_20hz,data/staging/20260731_rebuild01/cleaned_csv/falling_20260715_141756_20hz.csv,45,74,event_metadata,fall_event,True,1.399999976158142,0.9333333373069763,2.25,3.75,,high,none,auto_event_heuristic_v1
81,test,3,fall,fall,fall__falling_20260715_141756_20hz,data/staging/20260731_rebuild01/cleaned_csv/falling_20260715_141756_20hz.csv,60,89,event_metadata,fall_event,True,1.0499999523162842,0.699999988079071,3.0,4.5,,high,none,auto_event_heuristic_v1
89,test,1,standing,fall,fall__falling_20260715_141918_20hz,data/staging/20260731_rebuild01/cleaned_csv/falling_20260715_141918_20hz.csv,0,29,event_metadata,pre_event,True,0.0,0.0,0.0,1.5,,high,none,auto_event_heuristic_v1
90,test,3,fall,fall,fall__falling_20260715_141918_20hz,data/staging/20260731_rebuild01/cleaned_csv/falling_20260715_141918_20hz.csv,30,59,event_metadata,fall_event,True,0.8500000238418579,0.5666666626930237,1.5,3.0,,high,none,auto_event_heuristic_v1
91,test,3,fall,fall,fall__falling_20260715_141918_20hz,data/staging/20260731_rebuild01/cleaned_csv/falling_20260715_141918_20hz.csv,45,74,event_metadata,fall_event,True,1.399999976158142,0.9333333373069763,2.25,3.75,,high,none,auto_event_heuristic_v1
92,test,3,fall,fall,fall__falling_20260715_141936_20hz,data/staging/20260731_rebuild01/cleaned_csv/falling_20260715_141936_20hz.csv,15,44,event_metadata,fall_event,True,0.949999988079071,0.6333333253860474,0.75,2.25,,high,none,auto_event_heuristic_v1
93,test,3,fall,fall,fall__falling_20260715_141936_20hz,data/staging/20260731_rebuild01/cleaned_csv/falling_20260715_141936_20hz.csv,30,59,event_metadata,fall_event,True,1.5,1.0,1.5,3.0,,high,none,auto_event_heuristic_v1
94,test,3,fall,fall,fall__falling_20260715_141936_20hz,data/staging/20260731_rebuild01/cleaned_csv/falling_20260715_141936_20hz.csv,45,74,event_metadata,fall_event,True,1.25,0.8333333134651184,2.25,3.75,,high,none,auto_event_heuristic_v1
111,test,1,standing,fall,fall__falling_20260715_142652_20hz,data/staging/20260731_rebuild01/cleaned_csv/falling_20260715_142652_20hz.csv,0,29,event_metadata,pre_event,True,0.0,0.0,0.0,1.5,,medium,geometry_edge_warning,auto_event_heuristic_v1
112,test,3,fall,fall,fall__falling_20260715_142652_20hz,data/staging/20260731_rebuild01/cleaned_csv/falling_20260715_142652_20hz.csv,15,44,event_metadata,fall_event,True,0.75,0.5,0.75,2.25,,medium,geometry_edge_warning,auto_event_heuristic_v1
113,test,3,fall,fall,fall__falling_20260715_142652_20hz,data/staging/20260731_rebuild01/cleaned_csv/falling_20260715_142652_20hz.csv,30,59,event_metadata,fall_event,True,1.5,1.0,1.5,3.0,,medium,geometry_edge_warning,auto_event_heuristic_v1
114,test,3,fall,fall,fall__falling_20260715_142652_20hz,data/staging/20260731_rebuild01/cleaned_csv/falling_20260715_142652_20hz.csv,45,74,event_metadata,fall_event,True,1.4500000476837158,0.9666666388511658,2.25,3.75,,medium,geometry_edge_warning,auto_event_heuristic_v1
115,test,1,standing,fall,fall__falling_20260715_142728_20hz,data/staging/20260731_rebuild01/cleaned_csv/falling_20260715_142728_20hz.csv,0,29,event_metadata,pre_event,True,0.0,0.0,0.0,1.5,,medium,geometry_edge_warning,auto_event_heuristic_v1
116,test,3,fall,fall,fall__falling_20260715_142728_20hz,data/staging/20260731_rebuild01/cleaned_csv/falling_20260715_142728_20hz.csv,30,59,event_metadata,fall_event,True,1.399999976158142,0.9333333373069763,1.5,3.0,,medium,geometry_edge_warning,auto_event_heuristic_v1
117,test,3,fall,fall,fall__falling_20260715_142728_20hz,data/staging/20260731_rebuild01/cleaned_csv/falling_20260715_142728_20hz.csv,45,74,event_metadata,fall_event,True,1.5,1.0,2.25,3.75,,medium,geometry_edge_warning,auto_event_heuristic_v1
118,test,3,fall,fall,fall__falling_20260715_142728_20hz,data/staging/20260731_rebuild01/cleaned_csv/falling_20260715_142728_20hz.csv,60,89,event_metadata,fall_event,True,0.800000011920929,0.5333333611488342,3.0,4.5,,medium,geometry_edge_warning,auto_event_heuristic_v1
119,test,3,fall,fall,fall__falling_20260715_142807_20hz,data/staging/20260731_rebuild01/cleaned_csv/falling_20260715_142807_20hz.csv,15,44,event_metadata,fall_event,True,0.8500000238418579,0.5666666626930237,0.75,2.25,,medium,geometry_edge_warning,auto_event_heuristic_v1
120,test,3,fall,fall,fall__falling_20260715_142807_20hz,data/staging/20260731_rebuild01/cleaned_csv/falling_20260715_142807_20hz.csv,30,59,event_metadata,fall_event,True,1.5,1.0,1.5,3.0,,medium,geometry_edge_warning,auto_event_heuristic_v1
121,test,3,fall,fall,fall__falling_20260715_142807_20hz,data/staging/20260731_rebuild01/cleaned_csv/falling_20260715_142807_20hz.csv,45,74,event_metadata,fall_event,True,1.350000023841858,0.8999999761581421,2.25,3.75,,medium,geometry_edge_warning,auto_event_heuristic_v1
135,test,1,standing,fall,fall__falling_20260715_143405_20hz,data/staging/20260731_rebuild01/cleaned_csv/falling_20260715_143405_20hz.csv,0,29,event_metadata,pre_event,True,0.0,0.0,0.0,1.5,,medium,event_near_recording_boundary;missing_post_event_stability;weak_height_evidence,auto_event_heuristic_v1
136,test,1,standing,fall,fall__falling_20260715_143405_20hz,data/staging/20260731_rebuild01/cleaned_csv/falling_20260715_143405_20hz.csv,15,44,event_metadata,pre_event,True,0.0,0.0,0.75,2.25,,medium,event_near_recording_boundary;missing_post_event_stability;weak_height_evidence,auto_event_heuristic_v1
156,test,1,standing,fall,fall__falling_20260717_141837_20hz,data/staging/20260731_rebuild01/cleaned_csv/falling_20260717_141837_20hz.csv,0,29,event_metadata,pre_event,True,0.0,0.0,0.0,1.5,,medium,geometry_edge_warning;weak_height_evidence,auto_event_heuristic_v1
169,test,3,fall,fall,fall__falling_20260717_142423_20hz,data/staging/20260731_rebuild01/cleaned_csv/falling_20260717_142423_20hz.csv,0,29,event_metadata,fall_event,True,0.800000011920929,0.5333333611488342,0.0,1.5,,medium,geometry_edge_warning,auto_event_heuristic_v1
170,test,3,fall,fall,fall__falling_20260717_142423_20hz,data/staging/20260731_rebuild01/cleaned_csv/falling_20260717_142423_20hz.csv,15,44,event_metadata,fall_event,True,1.5,1.0,0.75,2.25,,medium,geometry_edge_warning,auto_event_heuristic_v1
171,test,3,fall,fall,fall__falling_20260717_142423_20hz,data/staging/20260731_rebuild01/cleaned_csv/falling_20260717_142423_20hz.csv,30,59,event_metadata,fall_event,True,1.2000000476837158,0.800000011920929,1.5,3.0,,medium,geometry_edge_warning,auto_event_heuristic_v1
212,test,2,sitting,sitting,sitting__sitting_20260714_132815_20hz,data/staging/20260731_rebuild01/cleaned_csv/sitting_20260714_132815_20hz.csv,0,29,legacy_folder,legacy,True,,,0.0,1.5,,,,
213,test,2,sitting,sitting,sitting__sitting_20260714_132815_20hz,data/staging/20260731_rebuild01/cleaned_csv/sitting_20260714_132815_20hz.csv,15,44,legacy_folder,legacy,True,,,0.75,2.25,,,,
214,test,2,sitting,sitting,sitting__sitting_20260714_132815_20hz,data/staging/20260731_rebuild01/cleaned_csv/sitting_20260714_132815_20hz.csv,30,59,legacy_folder,legacy,True,,,1.5,3.0,,,,
215,test,2,sitting,sitting,sitting__sitting_20260714_132815_20hz,data/staging/20260731_rebuild01/cleaned_csv/sitting_20260714_132815_20hz.csv,45,74,legacy_folder,legacy,True,,,2.25,3.75,,,,
216,test,2,sitting,sitting,sitting__sitting_20260714_132815_20hz,data/staging/20260731_rebuild01/cleaned_csv/sitting_20260714_132815_20hz.csv,60,89,legacy_folder,legacy,True,,,3.0,4.5,,,,
341,test,2,sitting,sitting,sitting__sitting_20260714_133940_20hz,data/staging/20260731_rebuild01/cleaned_csv/sitting_20260714_133940_20hz.csv,0,29,legacy_folder,legacy,True,,,0.0,1.5,,,,
342,test,2,sitting,sitting,sitting__sitting_20260714_133940_20hz,data/staging/20260731_rebuild01/cleaned_csv/sitting_20260714_133940_20hz.csv,15,44,legacy_folder,legacy,True,,,0.75,2.25,,,,
343,test,2,sitting,sitting,sitting__sitting_20260714_133940_20hz,data/staging/20260731_rebuild01/cleaned_csv/sitting_20260714_133940_20hz.csv,30,59,legacy_folder,legacy,True,,,1.5,3.0,,,,
344,test,2,sitting,sitting,sitting__sitting_20260714_133940_20hz,data/staging/20260731_rebuild01/cleaned_csv/sitting_20260714_133940_20hz.csv,45,74,legacy_folder,legacy,True,,,2.25,3.75,,,,
355,test,2,sitting,sitting,sitting__sitting_20260714_134257_20hz,data/staging/20260731_rebuild01/cleaned_csv/sitting_20260714_134257_20hz.csv,0,29,legacy_folder,legacy,True,,,0.0,1.5,,,,
356,test,2,sitting,sitting,sitting__sitting_20260714_134257_20hz,data/staging/20260731_rebuild01/cleaned_csv/sitting_20260714_134257_20hz.csv,15,44,legacy_folder,legacy,True,,,0.75,2.25,,,,
357,test,2,sitting,sitting,sitting__sitting_20260714_134257_20hz,data/staging/20260731_rebuild01/cleaned_csv/sitting_20260714_134257_20hz.csv,30,59,legacy_folder,legacy,True,,,1.5,3.0,,,,
358,test,2,sitting,sitting,sitting__sitting_20260714_134257_20hz,data/staging/20260731_rebuild01/cleaned_csv/sitting_20260714_134257_20hz.csv,45,74,legacy_folder,legacy,True,,,2.25,3.75,,,,
374,test,2,sitting,sitting,sitting__sitting_20260714_134554_20hz,data/staging/20260731_rebuild01/cleaned_csv/sitting_20260714_134554_20hz.csv,0,29,legacy_folder,legacy,True,,,0.0,1.5,,,,
375,test,2,sitting,sitting,sitting__sitting_20260714_134554_20hz,data/staging/20260731_rebuild01/cleaned_csv/sitting_20260714_134554_20hz.csv,15,44,legacy_folder,legacy,True,,,0.75,2.25,,,,
376,test,2,sitting,sitting,sitting__sitting_20260714_134554_20hz,data/staging/20260731_rebuild01/cleaned_csv/sitting_20260714_134554_20hz.csv,30,59,legacy_folder,legacy,True,,,1.5,3.0,,,,
377,test,2,sitting,sitting,sitting__sitting_20260714_134554_20hz,data/staging/20260731_rebuild01/cleaned_csv/sitting_20260714_134554_20hz.csv,45,74,legacy_folder,legacy,True,,,2.25,3.75,,,,
378,test,2,sitting,sitting,sitting__sitting_20260714_134554_20hz,data/staging/20260731_rebuild01/cleaned_csv/sitting_20260714_134554_20hz.csv,60,89,legacy_folder,legacy,True,,,3.0,4.5,,,,
379,test,2,sitting,sitting,sitting__sitting_20260714_134637_20hz,data/staging/20260731_rebuild01/cleaned_csv/sitting_20260714_134637_20hz.csv,0,29,legacy_folder,legacy,True,,,0.0,1.5,,,,
380,test,2,sitting,sitting,sitting__sitting_20260714_134637_20hz,data/staging/20260731_rebuild01/cleaned_csv/sitting_20260714_134637_20hz.csv,15,44,legacy_folder,legacy,True,,,0.75,2.25,,,,
381,test,2,sitting,sitting,sitting__sitting_20260714_134637_20hz,data/staging/20260731_rebuild01/cleaned_csv/sitting_20260714_134637_20hz.csv,30,59,legacy_folder,legacy,True,,,1.5,3.0,,,,
382,test,2,sitting,sitting,sitting__sitting_20260714_134637_20hz,data/staging/20260731_rebuild01/cleaned_csv/sitting_20260714_134637_20hz.csv,45,74,legacy_folder,legacy,True,,,2.25,3.75,,,,
383,test,2,sitting,sitting,sitting__sitting_20260714_134637_20hz,data/staging/20260731_rebuild01/cleaned_csv/sitting_20260714_134637_20hz.csv,60,89,legacy_folder,legacy,True,,,3.0,4.5,,,,
394,test,2,sitting,sitting,sitting__sitting_20260714_134718_20hz,data/staging/20260731_rebuild01/cleaned_csv/sitting_20260714_134718_20hz.csv,0,29,legacy_folder,legacy,True,,,0.0,1.5,,,,
395,test,2,sitting,sitting,sitting__sitting_20260714_134718_20hz,data/staging/20260731_rebuild01/cleaned_csv/sitting_20260714_134718_20hz.csv,15,44,legacy_folder,legacy,True,,,0.75,2.25,,,,
396,test,2,sitting,sitting,sitting__sitting_20260714_134718_20hz,data/staging/20260731_rebuild01/cleaned_csv/sitting_20260714_134718_20hz.csv,30,59,legacy_folder,legacy,True,,,1.5,3.0,,,,
397,test,2,sitting,sitting,sitting__sitting_20260714_134718_20hz,data/staging/20260731_rebuild01/cleaned_csv/sitting_20260714_134718_20hz.csv,45,74,legacy_folder,legacy,True,,,2.25,3.75,,,,
398,test,2,sitting,sitting,sitting__sitting_20260714_134718_20hz,data/staging/20260731_rebuild01/cleaned_csv/sitting_20260714_134718_20hz.csv,60,89,legacy_folder,legacy,True,,,3.0,4.5,,,,
409,test,2,sitting,sitting,sitting__sitting_20260714_134827_20hz,data/staging/20260731_rebuild01/cleaned_csv/sitting_20260714_134827_20hz.csv,0,29,legacy_folder,legacy,True,,,0.0,1.5,,,,
410,test,2,sitting,sitting,sitting__sitting_20260714_134827_20hz,data/staging/20260731_rebuild01/cleaned_csv/sitting_20260714_134827_20hz.csv,15,44,legacy_folder,legacy,True,,,0.75,2.25,,,,
411,test,2,sitting,sitting,sitting__sitting_20260714_134827_20hz,data/staging/20260731_rebuild01/cleaned_csv/sitting_20260714_134827_20hz.csv,30,59,legacy_folder,legacy,True,,,1.5,3.0,,,,
412,test,2,sitting,sitting,sitting__sitting_20260714_134827_20hz,data/staging/20260731_rebuild01/cleaned_csv/sitting_20260714_134827_20hz.csv,45,74,legacy_folder,legacy,True,,,2.25,3.75,,,,
413,test,2,sitting,sitting,sitting__sitting_20260714_134827_20hz,data/staging/20260731_rebuild01/cleaned_csv/sitting_20260714_134827_20hz.csv,60,89,legacy_folder,legacy,True,,,3.0,4.5,,,,
439,test,2,sitting,sitting,sitting__sitting_20260714_134931_20hz,data/staging/20260731_rebuild01/cleaned_csv/sitting_20260714_134931_20hz.csv,0,29,legacy_folder,legacy,True,,,0.0,1.5,,,,
440,test,2,sitting,sitting,sitting__sitting_20260714_134931_20hz,data/staging/20260731_rebuild01/cleaned_csv/sitting_20260714_134931_20hz.csv,15,44,legacy_folder,legacy,True,,,0.75,2.25,,,,
441,test,2,sitting,sitting,sitting__sitting_20260714_134931_20hz,data/staging/20260731_rebuild01/cleaned_csv/sitting_20260714_134931_20hz.csv,30,59,legacy_folder,legacy,True,,,1.5,3.0,,,,
442,test,2,sitting,sitting,sitting__sitting_20260714_134931_20hz,data/staging/20260731_rebuild01/cleaned_csv/sitting_20260714_134931_20hz.csv,45,74,legacy_folder,legacy,True,,,2.25,3.75,,,,
443,test,2,sitting,sitting,sitting__sitting_20260714_134931_20hz,data/staging/20260731_rebuild01/cleaned_csv/sitting_20260714_134931_20hz.csv,60,89,legacy_folder,legacy,True,,,3.0,4.5,,,,
472,test,2,sitting,sitting,sitting__sitting_20260714_135220_20hz,data/staging/20260731_rebuild01/cleaned_csv/sitting_20260714_135220_20hz.csv,0,29,legacy_folder,legacy,True,,,0.0,1.5,,,,
473,test,2,sitting,sitting,sitting__sitting_20260714_135220_20hz,data/staging/20260731_rebuild01/cleaned_csv/sitting_20260714_135220_20hz.csv,15,44,legacy_folder,legacy,True,,,0.75,2.25,,,,
474,test,2,sitting,sitting,sitting__sitting_20260714_135220_20hz,data/staging/20260731_rebuild01/cleaned_csv/sitting_20260714_135220_20hz.csv,30,59,legacy_folder,legacy,True,,,1.5,3.0,,,,
475,test,2,sitting,sitting,sitting__sitting_20260714_135220_20hz,data/staging/20260731_rebuild01/cleaned_csv/sitting_20260714_135220_20hz.csv,45,74,legacy_folder,legacy,True,,,2.25,3.75,,,,
476,test,2,sitting,sitting,sitting__sitting_20260714_135220_20hz,data/staging/20260731_rebuild01/cleaned_csv/sitting_20260714_135220_20hz.csv,60,89,legacy_folder,legacy,True,,,3.0,4.5,,,,
512,test,2,sitting,sitting,sitting__sitting_20260714_135432_20hz,data/staging/20260731_rebuild01/cleaned_csv/sitting_20260714_135432_20hz.csv,0,29,legacy_folder,legacy,True,,,0.0,1.5,,,,
513,test,2,sitting,sitting,sitting__sitting_20260714_135432_20hz,data/staging/20260731_rebuild01/cleaned_csv/sitting_20260714_135432_20hz.csv,15,44,legacy_folder,legacy,True,,,0.75,2.25,,,,
514,test,2,sitting,sitting,sitting__sitting_20260714_135432_20hz,data/staging/20260731_rebuild01/cleaned_csv/sitting_20260714_135432_20hz.csv,30,59,legacy_folder,legacy,True,,,1.5,3.0,,,,
515,test,2,sitting,sitting,sitting__sitting_20260714_135432_20hz,data/staging/20260731_rebuild01/cleaned_csv/sitting_20260714_135432_20hz.csv,45,74,legacy_folder,legacy,True,,,2.25,3.75,,,,
516,test,2,sitting,sitting,sitting__sitting_20260714_135432_20hz,data/staging/20260731_rebuild01/cleaned_csv/sitting_20260714_135432_20hz.csv,60,89,legacy_folder,legacy,True,,,3.0,4.5,,,,
522,test,2,sitting,sitting,sitting__sitting_20260714_135748_20hz,data/staging/20260731_rebuild01/cleaned_csv/sitting_20260714_135748_20hz.csv,0,29,legacy_folder,legacy,True,,,0.0,1.5,,,,
523,test,2,sitting,sitting,sitting__sitting_20260714_135748_20hz,data/staging/20260731_rebuild01/cleaned_csv/sitting_20260714_135748_20hz.csv,15,44,legacy_folder,legacy,True,,,0.75,2.25,,,,
524,test,2,sitting,sitting,sitting__sitting_20260714_135748_20hz,data/staging/20260731_rebuild01/cleaned_csv/sitting_20260714_135748_20hz.csv,30,59,legacy_folder,legacy,True,,,1.5,3.0,,,,
525,test,2,sitting,sitting,sitting__sitting_20260714_135748_20hz,data/staging/20260731_rebuild01/cleaned_csv/sitting_20260714_135748_20hz.csv,45,74,legacy_folder,legacy,True,,,2.25,3.75,,,,
526,test,2,sitting,sitting,sitting__sitting_20260714_135748_20hz,data/staging/20260731_rebuild01/cleaned_csv/sitting_20260714_135748_20hz.csv,60,89,legacy_folder,legacy,True,,,3.0,4.5,,,,
532,test,2,sitting,sitting,sitting__sitting_20260714_135808_20hz,data/staging/20260731_rebuild01/cleaned_csv/sitting_20260714_135808_20hz.csv,0,29,legacy_folder,legacy,True,,,0.0,1.5,,,,
533,test,2,sitting,sitting,sitting__sitting_20260714_135808_20hz,data/staging/20260731_rebuild01/cleaned_csv/sitting_20260714_135808_20hz.csv,15,44,legacy_folder,legacy,True,,,0.75,2.25,,,,
534,test,2,sitting,sitting,sitting__sitting_20260714_135808_20hz,data/staging/20260731_rebuild01/cleaned_csv/sitting_20260714_135808_20hz.csv,30,59,legacy_folder,legacy,True,,,1.5,3.0,,,,
535,test,2,sitting,sitting,sitting__sitting_20260714_135808_20hz,data/staging/20260731_rebuild01/cleaned_csv/sitting_20260714_135808_20hz.csv,45,74,legacy_folder,legacy,True,,,2.25,3.75,,,,
536,test,2,sitting,sitting,sitting__sitting_20260714_135808_20hz,data/staging/20260731_rebuild01/cleaned_csv/sitting_20260714_135808_20hz.csv,60,89,legacy_folder,legacy,True,,,3.0,4.5,,,,
612,test,2,sitting,sitting,sitting__sitting_20260714_140107_20hz,data/staging/20260731_rebuild01/cleaned_csv/sitting_20260714_140107_20hz.csv,0,29,legacy_folder,legacy,True,,,0.0,1.5,,,,
613,test,2,sitting,sitting,sitting__sitting_20260714_140107_20hz,data/staging/20260731_rebuild01/cleaned_csv/sitting_20260714_140107_20hz.csv,15,44,legacy_folder,legacy,True,,,0.75,2.25,,,,
614,test,2,sitting,sitting,sitting__sitting_20260714_140107_20hz,data/staging/20260731_rebuild01/cleaned_csv/sitting_20260714_140107_20hz.csv,30,59,legacy_folder,legacy,True,,,1.5,3.0,,,,
615,test,2,sitting,sitting,sitting__sitting_20260714_140107_20hz,data/staging/20260731_rebuild01/cleaned_csv/sitting_20260714_140107_20hz.csv,45,74,legacy_folder,legacy,True,,,2.25,3.75,,,,
616,test,2,sitting,sitting,sitting__sitting_20260714_140107_20hz,data/staging/20260731_rebuild01/cleaned_csv/sitting_20260714_140107_20hz.csv,60,89,legacy_folder,legacy,True,,,3.0,4.5,,,,
627,test,2,sitting,sitting,sitting__sitting_20260714_140150_20hz,data/staging/20260731_rebuild01/cleaned_csv/sitting_20260714_140150_20hz.csv,0,29,legacy_folder,legacy,True,,,0.0,1.5,,,,
628,test,2,sitting,sitting,sitting__sitting_20260714_140150_20hz,data/staging/20260731_rebuild01/cleaned_csv/sitting_20260714_140150_20hz.csv,15,44,legacy_folder,legacy,True,,,0.75,2.25,,,,
629,test,2,sitting,sitting,sitting__sitting_20260714_140150_20hz,data/staging/20260731_rebuild01/cleaned_csv/sitting_20260714_140150_20hz.csv,30,59,legacy_folder,legacy,True,,,1.5,3.0,,,,
630,test,2,sitting,sitting,sitting__sitting_20260714_140150_20hz,data/staging/20260731_rebuild01/cleaned_csv/sitting_20260714_140150_20hz.csv,45,74,legacy_folder,legacy,True,,,2.25,3.75,,,,
631,test,2,sitting,sitting,sitting__sitting_20260714_140150_20hz,data/staging/20260731_rebuild01/cleaned_csv/sitting_20260714_140150_20hz.csv,60,89,legacy_folder,legacy,True,,,3.0,4.5,,,,
642,test,2,sitting,sitting,sitting__sitting_20260714_140220_20hz,data/staging/20260731_rebuild01/cleaned_csv/sitting_20260714_140220_20hz.csv,0,29,legacy_folder,legacy,True,,,0.0,1.5,,,,
643,test,2,sitting,sitting,sitting__sitting_20260714_140220_20hz,data/staging/20260731_rebuild01/cleaned_csv/sitting_20260714_140220_20hz.csv,15,44,legacy_folder,legacy,True,,,0.75,2.25,,,,
644,test,2,sitting,sitting,sitting__sitting_20260714_140220_20hz,data/staging/20260731_rebuild01/cleaned_csv/sitting_20260714_140220_20hz.csv,30,59,legacy_folder,legacy,True,,,1.5,3.0,,,,
645,test,2,sitting,sitting,sitting__sitting_20260714_140220_20hz,data/staging/20260731_rebuild01/cleaned_csv/sitting_20260714_140220_20hz.csv,45,74,legacy_folder,legacy,True,,,2.25,3.75,,,,
646,test,2,sitting,sitting,sitting__sitting_20260714_140220_20hz,data/staging/20260731_rebuild01/cleaned_csv/sitting_20260714_140220_20hz.csv,60,89,legacy_folder,legacy,True,,,3.0,4.5,,,,
662,test,2,sitting,sitting,sitting__sitting_20260714_140302_20hz,data/staging/20260731_rebuild01/cleaned_csv/sitting_20260714_140302_20hz.csv,0,29,legacy_folder,legacy,True,,,0.0,1.5,,,,
663,test,2,sitting,sitting,sitting__sitting_20260714_140302_20hz,data/staging/20260731_rebuild01/cleaned_csv/sitting_20260714_140302_20hz.csv,15,44,legacy_folder,legacy,True,,,0.75,2.25,,,,
664,test,2,sitting,sitting,sitting__sitting_20260714_140302_20hz,data/staging/20260731_rebuild01/cleaned_csv/sitting_20260714_140302_20hz.csv,30,59,legacy_folder,legacy,True,,,1.5,3.0,,,,
665,test,2,sitting,sitting,sitting__sitting_20260714_140302_20hz,data/staging/20260731_rebuild01/cleaned_csv/sitting_20260714_140302_20hz.csv,45,74,legacy_folder,legacy,True,,,2.25,3.75,,,,
666,test,2,sitting,sitting,sitting__sitting_20260714_140302_20hz,data/staging/20260731_rebuild01/cleaned_csv/sitting_20260714_140302_20hz.csv,60,89,legacy_folder,legacy,True,,,3.0,4.5,,,,
702,test,2,sitting,sitting,sitting__sitting_20260716_134047_20hz,data/staging/20260731_rebuild01/cleaned_csv/sitting_20260716_134047_20hz.csv,0,29,legacy_folder,legacy,True,,,0.0,1.5,,,,
703,test,2,sitting,sitting,sitting__sitting_20260716_134047_20hz,data/staging/20260731_rebuild01/cleaned_csv/sitting_20260716_134047_20hz.csv,15,44,legacy_folder,legacy,True,,,0.75,2.25,,,,
704,test,2,sitting,sitting,sitting__sitting_20260716_134047_20hz,data/staging/20260731_rebuild01/cleaned_csv/sitting_20260716_134047_20hz.csv,30,59,legacy_folder,legacy,True,,,1.5,3.0,,,,
705,test,2,sitting,sitting,sitting__sitting_20260716_134047_20hz,data/staging/20260731_rebuild01/cleaned_csv/sitting_20260716_134047_20hz.csv,45,74,legacy_folder,legacy,True,,,2.25,3.75,,,,
706,test,2,sitting,sitting,sitting__sitting_20260716_134047_20hz,data/staging/20260731_rebuild01/cleaned_csv/sitting_20260716_134047_20hz.csv,60,89,legacy_folder,legacy,True,,,3.0,4.5,,,,
737,test,2,sitting,sitting,sitting__sitting_20260716_134319_20hz,data/staging/20260731_rebuild01/cleaned_csv/sitting_20260716_134319_20hz.csv,0,29,legacy_folder,legacy,True,,,0.0,1.5,,,,
738,test,2,sitting,sitting,sitting__sitting_20260716_134319_20hz,data/staging/20260731_rebuild01/cleaned_csv/sitting_20260716_134319_20hz.csv,15,44,legacy_folder,legacy,True,,,0.75,2.25,,,,
739,test,2,sitting,sitting,sitting__sitting_20260716_134319_20hz,data/staging/20260731_rebuild01/cleaned_csv/sitting_20260716_134319_20hz.csv,30,59,legacy_folder,legacy,True,,,1.5,3.0,,,,
740,test,2,sitting,sitting,sitting__sitting_20260716_134319_20hz,data/staging/20260731_rebuild01/cleaned_csv/sitting_20260716_134319_20hz.csv,45,74,legacy_folder,legacy,True,,,2.25,3.75,,,,
741,test,2,sitting,sitting,sitting__sitting_20260716_134319_20hz,data/staging/20260731_rebuild01/cleaned_csv/sitting_20260716_134319_20hz.csv,60,89,legacy_folder,legacy,True,,,3.0,4.5,,,,
777,test,2,sitting,sitting,sitting__sitting_20260716_135442_20hz,data/staging/20260731_rebuild01/cleaned_csv/sitting_20260716_135442_20hz.csv,0,29,legacy_folder,legacy,True,,,0.0,1.5,,,,
778,test,2,sitting,sitting,sitting__sitting_20260716_135442_20hz,data/staging/20260731_rebuild01/cleaned_csv/sitting_20260716_135442_20hz.csv,15,44,legacy_folder,legacy,True,,,0.75,2.25,,,,
779,test,2,sitting,sitting,sitting__sitting_20260716_135442_20hz,data/staging/20260731_rebuild01/cleaned_csv/sitting_20260716_135442_20hz.csv,30,59,legacy_folder,legacy,True,,,1.5,3.0,,,,
780,test,2,sitting,sitting,sitting__sitting_20260716_135442_20hz,data/staging/20260731_rebuild01/cleaned_csv/sitting_20260716_135442_20hz.csv,45,74,legacy_folder,legacy,True,,,2.25,3.75,,,,
781,test,2,sitting,sitting,sitting__sitting_20260716_135442_20hz,data/staging/20260731_rebuild01/cleaned_csv/sitting_20260716_135442_20hz.csv,60,89,legacy_folder,legacy,True,,,3.0,4.5,,,,
802,test,2,sitting,sitting,sitting__sitting_20260716_135600_20hz,data/staging/20260731_rebuild01/cleaned_csv/sitting_20260716_135600_20hz.csv,0,29,legacy_folder,legacy,True,,,0.0,1.5,,,,
803,test,2,sitting,sitting,sitting__sitting_20260716_135600_20hz,data/staging/20260731_rebuild01/cleaned_csv/sitting_20260716_135600_20hz.csv,15,44,legacy_folder,legacy,True,,,0.75,2.25,,,,
804,test,2,sitting,sitting,sitting__sitting_20260716_135600_20hz,data/staging/20260731_rebuild01/cleaned_csv/sitting_20260716_135600_20hz.csv,30,59,legacy_folder,legacy,True,,,1.5,3.0,,,,
805,test,2,sitting,sitting,sitting__sitting_20260716_135600_20hz,data/staging/20260731_rebuild01/cleaned_csv/sitting_20260716_135600_20hz.csv,45,74,legacy_folder,legacy,True,,,2.25,3.75,,,,
806,test,2,sitting,sitting,sitting__sitting_20260716_135600_20hz,data/staging/20260731_rebuild01/cleaned_csv/sitting_20260716_135600_20hz.csv,60,89,legacy_folder,legacy,True,,,3.0,4.5,,,,
866,test,1,standing,standing,standing__standing_20260714_140445_20hz,data/staging/20260731_rebuild01/cleaned_csv/standing_20260714_140445_20hz.csv,0,29,legacy_folder,legacy,True,,,0.0,1.5,,,,
867,test,1,standing,standing,standing__standing_20260714_140445_20hz,data/staging/20260731_rebuild01/cleaned_csv/standing_20260714_140445_20hz.csv,15,44,legacy_folder,legacy,True,,,0.75,2.25,,,,
868,test,1,standing,standing,standing__standing_20260714_140445_20hz,data/staging/20260731_rebuild01/cleaned_csv/standing_20260714_140445_20hz.csv,30,59,legacy_folder,legacy,True,,,1.5,3.0,,,,
869,test,1,standing,standing,standing__standing_20260714_140445_20hz,data/staging/20260731_rebuild01/cleaned_csv/standing_20260714_140445_20hz.csv,45,74,legacy_folder,legacy,True,,,2.25,3.75,,,,
870,test,1,standing,standing,standing__standing_20260714_140445_20hz,data/staging/20260731_rebuild01/cleaned_csv/standing_20260714_140445_20hz.csv,60,89,legacy_folder,legacy,True,,,3.0,4.5,,,,
886,test,1,standing,standing,standing__standing_20260714_140556_20hz,data/staging/20260731_rebuild01/cleaned_csv/standing_20260714_140556_20hz.csv,0,29,legacy_folder,legacy,True,,,0.0,1.5,,,,
887,test,1,standing,standing,standing__standing_20260714_140556_20hz,data/staging/20260731_rebuild01/cleaned_csv/standing_20260714_140556_20hz.csv,15,44,legacy_folder,legacy,True,,,0.75,2.25,,,,
888,test,1,standing,standing,standing__standing_20260714_140556_20hz,data/staging/20260731_rebuild01/cleaned_csv/standing_20260714_140556_20hz.csv,30,59,legacy_folder,legacy,True,,,1.5,3.0,,,,
889,test,1,standing,standing,standing__standing_20260714_140556_20hz,data/staging/20260731_rebuild01/cleaned_csv/standing_20260714_140556_20hz.csv,45,74,legacy_folder,legacy,True,,,2.25,3.75,,,,
890,test,1,standing,standing,standing__standing_20260714_140556_20hz,data/staging/20260731_rebuild01/cleaned_csv/standing_20260714_140556_20hz.csv,60,89,legacy_folder,legacy,True,,,3.0,4.5,,,,
941,test,1,standing,standing,standing__standing_20260714_140814_20hz,data/staging/20260731_rebuild01/cleaned_csv/standing_20260714_140814_20hz.csv,0,29,legacy_folder,legacy,True,,,0.0,1.5,,,,
942,test,1,standing,standing,standing__standing_20260714_140814_20hz,data/staging/20260731_rebuild01/cleaned_csv/standing_20260714_140814_20hz.csv,15,44,legacy_folder,legacy,True,,,0.75,2.25,,,,
943,test,1,standing,standing,standing__standing_20260714_140814_20hz,data/staging/20260731_rebuild01/cleaned_csv/standing_20260714_140814_20hz.csv,30,59,legacy_folder,legacy,True,,,1.5,3.0,,,,
944,test,1,standing,standing,standing__standing_20260714_140814_20hz,data/staging/20260731_rebuild01/cleaned_csv/standing_20260714_140814_20hz.csv,45,74,legacy_folder,legacy,True,,,2.25,3.75,,,,
945,test,1,standing,standing,standing__standing_20260714_140814_20hz,data/staging/20260731_rebuild01/cleaned_csv/standing_20260714_140814_20hz.csv,60,89,legacy_folder,legacy,True,,,3.0,4.5,,,,
1010,test,1,standing,standing,standing__standing_20260714_141044_20hz,data/staging/20260731_rebuild01/cleaned_csv/standing_20260714_141044_20hz.csv,0,29,legacy_folder,legacy,True,,,0.0,1.5,,,,
1011,test,1,standing,standing,standing__standing_20260714_141044_20hz,data/staging/20260731_rebuild01/cleaned_csv/standing_20260714_141044_20hz.csv,15,44,legacy_folder,legacy,True,,,0.75,2.25,,,,
1012,test,1,standing,standing,standing__standing_20260714_141044_20hz,data/staging/20260731_rebuild01/cleaned_csv/standing_20260714_141044_20hz.csv,30,59,legacy_folder,legacy,True,,,1.5,3.0,,,,
1013,test,1,standing,standing,standing__standing_20260714_141044_20hz,data/staging/20260731_rebuild01/cleaned_csv/standing_20260714_141044_20hz.csv,45,74,legacy_folder,legacy,True,,,2.25,3.75,,,,
1014,test,1,standing,standing,standing__standing_20260714_141044_20hz,data/staging/20260731_rebuild01/cleaned_csv/standing_20260714_141044_20hz.csv,60,89,legacy_folder,legacy,True,,,3.0,4.5,,,,
1025,test,1,standing,standing,standing__standing_20260714_141117_20hz,data/staging/20260731_rebuild01/cleaned_csv/standing_20260714_141117_20hz.csv,0,29,legacy_folder,legacy,True,,,0.0,1.5,,,,
1026,test,1,standing,standing,standing__standing_20260714_141117_20hz,data/staging/20260731_rebuild01/cleaned_csv/standing_20260714_141117_20hz.csv,15,44,legacy_folder,legacy,True,,,0.75,2.25,,,,
1027,test,1,standing,standing,standing__standing_20260714_141117_20hz,data/staging/20260731_rebuild01/cleaned_csv/standing_20260714_141117_20hz.csv,30,59,legacy_folder,legacy,True,,,1.5,3.0,,,,
1028,test,1,standing,standing,standing__standing_20260714_141117_20hz,data/staging/20260731_rebuild01/cleaned_csv/standing_20260714_141117_20hz.csv,45,74,legacy_folder,legacy,True,,,2.25,3.75,,,,
1029,test,1,standing,standing,standing__standing_20260714_141117_20hz,data/staging/20260731_rebuild01/cleaned_csv/standing_20260714_141117_20hz.csv,60,89,legacy_folder,legacy,True,,,3.0,4.5,,,,
1160,test,1,standing,standing,standing__standing_20260714_141652_20hz,data/staging/20260731_rebuild01/cleaned_csv/standing_20260714_141652_20hz.csv,0,29,legacy_folder,legacy,True,,,0.0,1.5,,,,
1161,test,1,standing,standing,standing__standing_20260714_141652_20hz,data/staging/20260731_rebuild01/cleaned_csv/standing_20260714_141652_20hz.csv,15,44,legacy_folder,legacy,True,,,0.75,2.25,,,,
1162,test,1,standing,standing,standing__standing_20260714_141652_20hz,data/staging/20260731_rebuild01/cleaned_csv/standing_20260714_141652_20hz.csv,30,59,legacy_folder,legacy,True,,,1.5,3.0,,,,
1163,test,1,standing,standing,standing__standing_20260714_141652_20hz,data/staging/20260731_rebuild01/cleaned_csv/standing_20260714_141652_20hz.csv,45,74,legacy_folder,legacy,True,,,2.25,3.75,,,,
1164,test,1,standing,standing,standing__standing_20260714_141652_20hz,data/staging/20260731_rebuild01/cleaned_csv/standing_20260714_141652_20hz.csv,60,89,legacy_folder,legacy,True,,,3.0,4.5,,,,
1185,test,1,standing,standing,standing__standing_20260714_141742_20hz,data/staging/20260731_rebuild01/cleaned_csv/standing_20260714_141742_20hz.csv,0,29,legacy_folder,legacy,True,,,0.0,1.5,,,,
1186,test,1,standing,standing,standing__standing_20260714_141742_20hz,data/staging/20260731_rebuild01/cleaned_csv/standing_20260714_141742_20hz.csv,15,44,legacy_folder,legacy,True,,,0.75,2.25,,,,
1187,test,1,standing,standing,standing__standing_20260714_141742_20hz,data/staging/20260731_rebuild01/cleaned_csv/standing_20260714_141742_20hz.csv,30,59,legacy_folder,legacy,True,,,1.5,3.0,,,,
1188,test,1,standing,standing,standing__standing_20260714_141742_20hz,data/staging/20260731_rebuild01/cleaned_csv/standing_20260714_141742_20hz.csv,45,74,legacy_folder,legacy,True,,,2.25,3.75,,,,
1189,test,1,standing,standing,standing__standing_20260714_141742_20hz,data/staging/20260731_rebuild01/cleaned_csv/standing_20260714_141742_20hz.csv,60,89,legacy_folder,legacy,True,,,3.0,4.5,,,,
1200,test,1,standing,standing,standing__standing_20260714_141819_20hz,data/staging/20260731_rebuild01/cleaned_csv/standing_20260714_141819_20hz.csv,0,29,legacy_folder,legacy,True,,,0.0,1.5,,,,
1201,test,1,standing,standing,standing__standing_20260714_141819_20hz,data/staging/20260731_rebuild01/cleaned_csv/standing_20260714_141819_20hz.csv,15,44,legacy_folder,legacy,True,,,0.75,2.25,,,,
1202,test,1,standing,standing,standing__standing_20260714_141819_20hz,data/staging/20260731_rebuild01/cleaned_csv/standing_20260714_141819_20hz.csv,30,59,legacy_folder,legacy,True,,,1.5,3.0,,,,
1218,test,1,standing,standing,standing__standing_20260714_141944_20hz,data/staging/20260731_rebuild01/cleaned_csv/standing_20260714_141944_20hz.csv,0,29,legacy_folder,legacy,True,,,0.0,1.5,,,,
1219,test,1,standing,standing,standing__standing_20260714_141944_20hz,data/staging/20260731_rebuild01/cleaned_csv/standing_20260714_141944_20hz.csv,15,44,legacy_folder,legacy,True,,,0.75,2.25,,,,
1220,test,1,standing,standing,standing__standing_20260714_141944_20hz,data/staging/20260731_rebuild01/cleaned_csv/standing_20260714_141944_20hz.csv,30,59,legacy_folder,legacy,True,,,1.5,3.0,,,,
1221,test,1,standing,standing,standing__standing_20260714_141944_20hz,data/staging/20260731_rebuild01/cleaned_csv/standing_20260714_141944_20hz.csv,45,74,legacy_folder,legacy,True,,,2.25,3.75,,,,
1222,test,1,standing,standing,standing__standing_20260714_141944_20hz,data/staging/20260731_rebuild01/cleaned_csv/standing_20260714_141944_20hz.csv,60,89,legacy_folder,legacy,True,,,3.0,4.5,,,,
1253,test,1,standing,standing,standing__standing_20260714_142053_20hz,data/staging/20260731_rebuild01/cleaned_csv/standing_20260714_142053_20hz.csv,0,29,legacy_folder,legacy,True,,,0.0,1.5,,,,
1254,test,1,standing,standing,standing__standing_20260714_142053_20hz,data/staging/20260731_rebuild01/cleaned_csv/standing_20260714_142053_20hz.csv,15,44,legacy_folder,legacy,True,,,0.75,2.25,,,,
1255,test,1,standing,standing,standing__standing_20260714_142053_20hz,data/staging/20260731_rebuild01/cleaned_csv/standing_20260714_142053_20hz.csv,30,59,legacy_folder,legacy,True,,,1.5,3.0,,,,
1256,test,1,standing,standing,standing__standing_20260714_142053_20hz,data/staging/20260731_rebuild01/cleaned_csv/standing_20260714_142053_20hz.csv,45,74,legacy_folder,legacy,True,,,2.25,3.75,,,,
1257,test,1,standing,standing,standing__standing_20260714_142053_20hz,data/staging/20260731_rebuild01/cleaned_csv/standing_20260714_142053_20hz.csv,60,89,legacy_folder,legacy,True,,,3.0,4.5,,,,
1258,test,1,standing,standing,standing__standing_20260714_142104_20hz,data/staging/20260731_rebuild01/cleaned_csv/standing_20260714_142104_20hz.csv,0,29,legacy_folder,legacy,True,,,0.0,1.5,,,,
1259,test,1,standing,standing,standing__standing_20260714_142104_20hz,data/staging/20260731_rebuild01/cleaned_csv/standing_20260714_142104_20hz.csv,15,44,legacy_folder,legacy,True,,,0.75,2.25,,,,
1260,test,1,standing,standing,standing__standing_20260714_142104_20hz,data/staging/20260731_rebuild01/cleaned_csv/standing_20260714_142104_20hz.csv,30,59,legacy_folder,legacy,True,,,1.5,3.0,,,,
1261,test,1,standing,standing,standing__standing_20260714_142104_20hz,data/staging/20260731_rebuild01/cleaned_csv/standing_20260714_142104_20hz.csv,45,74,legacy_folder,legacy,True,,,2.25,3.75,,,,
1262,test,1,standing,standing,standing__standing_20260714_142104_20hz,data/staging/20260731_rebuild01/cleaned_csv/standing_20260714_142104_20hz.csv,60,89,legacy_folder,legacy,True,,,3.0,4.5,,,,
1273,test,1,standing,standing,standing__standing_20260714_142142_20hz,data/staging/20260731_rebuild01/cleaned_csv/standing_20260714_142142_20hz.csv,0,29,legacy_folder,legacy,True,,,0.0,1.5,,,,
1274,test,1,standing,standing,standing__standing_20260714_142142_20hz,data/staging/20260731_rebuild01/cleaned_csv/standing_20260714_142142_20hz.csv,15,44,legacy_folder,legacy,True,,,0.75,2.25,,,,
1275,test,1,standing,standing,standing__standing_20260714_142142_20hz,data/staging/20260731_rebuild01/cleaned_csv/standing_20260714_142142_20hz.csv,30,59,legacy_folder,legacy,True,,,1.5,3.0,,,,
1276,test,1,standing,standing,standing__standing_20260714_142142_20hz,data/staging/20260731_rebuild01/cleaned_csv/standing_20260714_142142_20hz.csv,45,74,legacy_folder,legacy,True,,,2.25,3.75,,,,
1277,test,1,standing,standing,standing__standing_20260714_142142_20hz,data/staging/20260731_rebuild01/cleaned_csv/standing_20260714_142142_20hz.csv,60,89,legacy_folder,legacy,True,,,3.0,4.5,,,,
1303,test,1,standing,standing,standing__standing_20260714_142247_20hz,data/staging/20260731_rebuild01/cleaned_csv/standing_20260714_142247_20hz.csv,0,29,legacy_folder,legacy,True,,,0.0,1.5,,,,
1304,test,1,standing,standing,standing__standing_20260714_142247_20hz,data/staging/20260731_rebuild01/cleaned_csv/standing_20260714_142247_20hz.csv,15,44,legacy_folder,legacy,True,,,0.75,2.25,,,,
1305,test,1,standing,standing,standing__standing_20260714_142247_20hz,data/staging/20260731_rebuild01/cleaned_csv/standing_20260714_142247_20hz.csv,30,59,legacy_folder,legacy,True,,,1.5,3.0,,,,
1306,test,1,standing,standing,standing__standing_20260714_142247_20hz,data/staging/20260731_rebuild01/cleaned_csv/standing_20260714_142247_20hz.csv,45,74,legacy_folder,legacy,True,,,2.25,3.75,,,,
1307,test,1,standing,standing,standing__standing_20260714_142247_20hz,data/staging/20260731_rebuild01/cleaned_csv/standing_20260714_142247_20hz.csv,60,89,legacy_folder,legacy,True,,,3.0,4.5,,,,
1308,test,1,standing,standing,standing__standing_20260714_142258_20hz,data/staging/20260731_rebuild01/cleaned_csv/standing_20260714_142258_20hz.csv,0,29,legacy_folder,legacy,True,,,0.0,1.5,,,,
1309,test,1,standing,standing,standing__standing_20260714_142258_20hz,data/staging/20260731_rebuild01/cleaned_csv/standing_20260714_142258_20hz.csv,15,44,legacy_folder,legacy,True,,,0.75,2.25,,,,
1310,test,1,standing,standing,standing__standing_20260714_142258_20hz,data/staging/20260731_rebuild01/cleaned_csv/standing_20260714_142258_20hz.csv,30,59,legacy_folder,legacy,True,,,1.5,3.0,,,,
1311,test,1,standing,standing,standing__standing_20260714_142258_20hz,data/staging/20260731_rebuild01/cleaned_csv/standing_20260714_142258_20hz.csv,45,74,legacy_folder,legacy,True,,,2.25,3.75,,,,
1312,test,1,standing,standing,standing__standing_20260714_142258_20hz,data/staging/20260731_rebuild01/cleaned_csv/standing_20260714_142258_20hz.csv,60,89,legacy_folder,legacy,True,,,3.0,4.5,,,,
1323,test,1,standing,standing,standing__standing_20260714_142342_20hz,data/staging/20260731_rebuild01/cleaned_csv/standing_20260714_142342_20hz.csv,0,29,legacy_folder,legacy,True,,,0.0,1.5,,,,
1324,test,1,standing,standing,standing__standing_20260714_142342_20hz,data/staging/20260731_rebuild01/cleaned_csv/standing_20260714_142342_20hz.csv,15,44,legacy_folder,legacy,True,,,0.75,2.25,,,,
1325,test,1,standing,standing,standing__standing_20260714_142342_20hz,data/staging/20260731_rebuild01/cleaned_csv/standing_20260714_142342_20hz.csv,30,59,legacy_folder,legacy,True,,,1.5,3.0,,,,
1326,test,1,standing,standing,standing__standing_20260714_142342_20hz,data/staging/20260731_rebuild01/cleaned_csv/standing_20260714_142342_20hz.csv,45,74,legacy_folder,legacy,True,,,2.25,3.75,,,,
1327,test,1,standing,standing,standing__standing_20260714_142342_20hz,data/staging/20260731_rebuild01/cleaned_csv/standing_20260714_142342_20hz.csv,60,89,legacy_folder,legacy,True,,,3.0,4.5,,,,
1338,test,1,standing,standing,standing__standing_20260714_142408_20hz,data/staging/20260731_rebuild01/cleaned_csv/standing_20260714_142408_20hz.csv,0,29,legacy_folder,legacy,True,,,0.0,1.5,,,,
1339,test,1,standing,standing,standing__standing_20260714_142408_20hz,data/staging/20260731_rebuild01/cleaned_csv/standing_20260714_142408_20hz.csv,15,44,legacy_folder,legacy,True,,,0.75,2.25,,,,
1340,test,1,standing,standing,standing__standing_20260714_142408_20hz,data/staging/20260731_rebuild01/cleaned_csv/standing_20260714_142408_20hz.csv,30,59,legacy_folder,legacy,True,,,1.5,3.0,,,,
1341,test,1,standing,standing,standing__standing_20260714_142408_20hz,data/staging/20260731_rebuild01/cleaned_csv/standing_20260714_142408_20hz.csv,45,74,legacy_folder,legacy,True,,,2.25,3.75,,,,
1342,test,1,standing,standing,standing__standing_20260714_142408_20hz,data/staging/20260731_rebuild01/cleaned_csv/standing_20260714_142408_20hz.csv,60,89,legacy_folder,legacy,True,,,3.0,4.5,,,,
1368,test,1,standing,standing,standing__standing_20260714_142556_20hz,data/staging/20260731_rebuild01/cleaned_csv/standing_20260714_142556_20hz.csv,0,29,legacy_folder,legacy,True,,,0.0,1.5,,,,
1369,test,1,standing,standing,standing__standing_20260714_142556_20hz,data/staging/20260731_rebuild01/cleaned_csv/standing_20260714_142556_20hz.csv,15,44,legacy_folder,legacy,True,,,0.75,2.25,,,,
1370,test,1,standing,standing,standing__standing_20260714_142556_20hz,data/staging/20260731_rebuild01/cleaned_csv/standing_20260714_142556_20hz.csv,30,59,legacy_folder,legacy,True,,,1.5,3.0,,,,
1371,test,1,standing,standing,standing__standing_20260714_142556_20hz,data/staging/20260731_rebuild01/cleaned_csv/standing_20260714_142556_20hz.csv,45,74,legacy_folder,legacy,True,,,2.25,3.75,,,,
1372,test,1,standing,standing,standing__standing_20260714_142556_20hz,data/staging/20260731_rebuild01/cleaned_csv/standing_20260714_142556_20hz.csv,60,89,legacy_folder,legacy,True,,,3.0,4.5,,,,
1388,test,1,standing,standing,standing__standing_20260716_132310_20hz,data/staging/20260731_rebuild01/cleaned_csv/standing_20260716_132310_20hz.csv,0,29,legacy_folder,legacy,True,,,0.0,1.5,,,,
1389,test,1,standing,standing,standing__standing_20260716_132310_20hz,data/staging/20260731_rebuild01/cleaned_csv/standing_20260716_132310_20hz.csv,15,44,legacy_folder,legacy,True,,,0.75,2.25,,,,
1390,test,1,standing,standing,standing__standing_20260716_132310_20hz,data/staging/20260731_rebuild01/cleaned_csv/standing_20260716_132310_20hz.csv,30,59,legacy_folder,legacy,True,,,1.5,3.0,,,,
1391,test,1,standing,standing,standing__standing_20260716_132310_20hz,data/staging/20260731_rebuild01/cleaned_csv/standing_20260716_132310_20hz.csv,45,74,legacy_folder,legacy,True,,,2.25,3.75,,,,
1392,test,1,standing,standing,standing__standing_20260716_132310_20hz,data/staging/20260731_rebuild01/cleaned_csv/standing_20260716_132310_20hz.csv,60,89,legacy_folder,legacy,True,,,3.0,4.5,,,,
1393,test,1,standing,standing,standing__standing_20260716_132349_20hz,data/staging/20260731_rebuild01/cleaned_csv/standing_20260716_132349_20hz.csv,0,29,legacy_folder,legacy,True,,,0.0,1.5,,,,
1394,test,1,standing,standing,standing__standing_20260716_132349_20hz,data/staging/20260731_rebuild01/cleaned_csv/standing_20260716_132349_20hz.csv,15,44,legacy_folder,legacy,True,,,0.75,2.25,,,,
1395,test,1,standing,standing,standing__standing_20260716_132349_20hz,data/staging/20260731_rebuild01/cleaned_csv/standing_20260716_132349_20hz.csv,30,59,legacy_folder,legacy,True,,,1.5,3.0,,,,
1396,test,1,standing,standing,standing__standing_20260716_132349_20hz,data/staging/20260731_rebuild01/cleaned_csv/standing_20260716_132349_20hz.csv,45,74,legacy_folder,legacy,True,,,2.25,3.75,,,,
1397,test,1,standing,standing,standing__standing_20260716_132349_20hz,data/staging/20260731_rebuild01/cleaned_csv/standing_20260716_132349_20hz.csv,60,89,legacy_folder,legacy,True,,,3.0,4.5,,,,
1403,test,1,standing,standing,standing__standing_20260716_132459_20hz,data/staging/20260731_rebuild01/cleaned_csv/standing_20260716_132459_20hz.csv,0,29,legacy_folder,legacy,True,,,0.0,1.5,,,,
1404,test,1,standing,standing,standing__standing_20260716_132459_20hz,data/staging/20260731_rebuild01/cleaned_csv/standing_20260716_132459_20hz.csv,15,44,legacy_folder,legacy,True,,,0.75,2.25,,,,
1405,test,1,standing,standing,standing__standing_20260716_132459_20hz,data/staging/20260731_rebuild01/cleaned_csv/standing_20260716_132459_20hz.csv,30,59,legacy_folder,legacy,True,,,1.5,3.0,,,,
1406,test,1,standing,standing,standing__standing_20260716_132459_20hz,data/staging/20260731_rebuild01/cleaned_csv/standing_20260716_132459_20hz.csv,45,74,legacy_folder,legacy,True,,,2.25,3.75,,,,
1407,test,1,standing,standing,standing__standing_20260716_132459_20hz,data/staging/20260731_rebuild01/cleaned_csv/standing_20260716_132459_20hz.csv,60,89,legacy_folder,legacy,True,,,3.0,4.5,,,,
1408,test,1,standing,standing,standing__standing_20260716_132517_20hz,data/staging/20260731_rebuild01/cleaned_csv/standing_20260716_132517_20hz.csv,0,29,legacy_folder,legacy,True,,,0.0,1.5,,,,
1409,test,1,standing,standing,standing__standing_20260716_132517_20hz,data/staging/20260731_rebuild01/cleaned_csv/standing_20260716_132517_20hz.csv,15,44,legacy_folder,legacy,True,,,0.75,2.25,,,,
1410,test,1,standing,standing,standing__standing_20260716_132517_20hz,data/staging/20260731_rebuild01/cleaned_csv/standing_20260716_132517_20hz.csv,30,59,legacy_folder,legacy,True,,,1.5,3.0,,,,
1411,test,1,standing,standing,standing__standing_20260716_132517_20hz,data/staging/20260731_rebuild01/cleaned_csv/standing_20260716_132517_20hz.csv,45,74,legacy_folder,legacy,True,,,2.25,3.75,,,,
1412,test,1,standing,standing,standing__standing_20260716_132517_20hz,data/staging/20260731_rebuild01/cleaned_csv/standing_20260716_132517_20hz.csv,60,89,legacy_folder,legacy,True,,,3.0,4.5,,,,
1423,test,1,standing,standing,standing__standing_20260716_132605_20hz,data/staging/20260731_rebuild01/cleaned_csv/standing_20260716_132605_20hz.csv,0,29,legacy_folder,legacy,True,,,0.0,1.5,,,,
1424,test,1,standing,standing,standing__standing_20260716_132605_20hz,data/staging/20260731_rebuild01/cleaned_csv/standing_20260716_132605_20hz.csv,15,44,legacy_folder,legacy,True,,,0.75,2.25,,,,
1425,test,1,standing,standing,standing__standing_20260716_132605_20hz,data/staging/20260731_rebuild01/cleaned_csv/standing_20260716_132605_20hz.csv,30,59,legacy_folder,legacy,True,,,1.5,3.0,,,,
1426,test,1,standing,standing,standing__standing_20260716_132605_20hz,data/staging/20260731_rebuild01/cleaned_csv/standing_20260716_132605_20hz.csv,45,74,legacy_folder,legacy,True,,,2.25,3.75,,,,
1427,test,1,standing,standing,standing__standing_20260716_132605_20hz,data/staging/20260731_rebuild01/cleaned_csv/standing_20260716_132605_20hz.csv,60,89,legacy_folder,legacy,True,,,3.0,4.5,,,,
1448,test,1,standing,standing,standing__standing_20260716_132728_20hz,data/staging/20260731_rebuild01/cleaned_csv/standing_20260716_132728_20hz.csv,0,29,legacy_folder,legacy,True,,,0.0,1.5,,,,
1449,test,1,standing,standing,standing__standing_20260716_132728_20hz,data/staging/20260731_rebuild01/cleaned_csv/standing_20260716_132728_20hz.csv,15,44,legacy_folder,legacy,True,,,0.75,2.25,,,,
1450,test,1,standing,standing,standing__standing_20260716_132728_20hz,data/staging/20260731_rebuild01/cleaned_csv/standing_20260716_132728_20hz.csv,30,59,legacy_folder,legacy,True,,,1.5,3.0,,,,
1451,test,1,standing,standing,standing__standing_20260716_132728_20hz,data/staging/20260731_rebuild01/cleaned_csv/standing_20260716_132728_20hz.csv,45,74,legacy_folder,legacy,True,,,2.25,3.75,,,,
1452,test,1,standing,standing,standing__standing_20260716_132728_20hz,data/staging/20260731_rebuild01/cleaned_csv/standing_20260716_132728_20hz.csv,60,89,legacy_folder,legacy,True,,,3.0,4.5,,,,
1487,test,1,standing,standing,standing__standing_20260716_133007_20hz,data/staging/20260731_rebuild01/cleaned_csv/standing_20260716_133007_20hz.csv,0,29,legacy_folder,legacy,True,,,0.0,1.5,,,,
1488,test,1,standing,standing,standing__standing_20260716_133007_20hz,data/staging/20260731_rebuild01/cleaned_csv/standing_20260716_133007_20hz.csv,15,44,legacy_folder,legacy,True,,,0.75,2.25,,,,
1489,test,1,standing,standing,standing__standing_20260716_133007_20hz,data/staging/20260731_rebuild01/cleaned_csv/standing_20260716_133007_20hz.csv,30,59,legacy_folder,legacy,True,,,1.5,3.0,,,,
1490,test,1,standing,standing,standing__standing_20260716_133007_20hz,data/staging/20260731_rebuild01/cleaned_csv/standing_20260716_133007_20hz.csv,45,74,legacy_folder,legacy,True,,,2.25,3.75,,,,
1491,test,1,standing,standing,standing__standing_20260716_133007_20hz,data/staging/20260731_rebuild01/cleaned_csv/standing_20260716_133007_20hz.csv,60,89,legacy_folder,legacy,True,,,3.0,4.5,,,,
1651,test,1,standing,standing,standing__standing_20260717_150330_20hz,data/staging/20260731_rebuild01/cleaned_csv/standing_20260717_150330_20hz.csv,0,29,legacy_folder,legacy,True,,,0.0,1.5,,,,
1652,test,1,standing,standing,standing__standing_20260717_150330_20hz,data/staging/20260731_rebuild01/cleaned_csv/standing_20260717_150330_20hz.csv,15,44,legacy_folder,legacy,True,,,0.75,2.25,,,,
1653,test,1,standing,standing,standing__standing_20260717_150330_20hz,data/staging/20260731_rebuild01/cleaned_csv/standing_20260717_150330_20hz.csv,30,59,legacy_folder,legacy,True,,,1.5,3.0,,,,
1654,test,1,standing,standing,standing__standing_20260717_150330_20hz,data/staging/20260731_rebuild01/cleaned_csv/standing_20260717_150330_20hz.csv,45,74,legacy_folder,legacy,True,,,2.25,3.75,,,,
1655,test,1,standing,standing,standing__standing_20260717_150330_20hz,data/staging/20260731_rebuild01/cleaned_csv/standing_20260717_150330_20hz.csv,60,89,legacy_folder,legacy,True,,,3.0,4.5,,,,
1800,test,0,walking,walking,walking__walking_20260715_132509_20hz,data/staging/20260731_rebuild01/cleaned_csv/walking_20260715_132509_20hz.csv,0,29,legacy_folder,legacy,True,,,0.0,1.5,,,,
1801,test,0,walking,walking,walking__walking_20260715_132509_20hz,data/staging/20260731_rebuild01/cleaned_csv/walking_20260715_132509_20hz.csv,15,44,legacy_folder,legacy,True,,,0.75,2.25,,,,
1802,test,0,walking,walking,walking__walking_20260715_132509_20hz,data/staging/20260731_rebuild01/cleaned_csv/walking_20260715_132509_20hz.csv,30,59,legacy_folder,legacy,True,,,1.5,3.0,,,,
1803,test,0,walking,walking,walking__walking_20260715_132509_20hz,data/staging/20260731_rebuild01/cleaned_csv/walking_20260715_132509_20hz.csv,45,74,legacy_folder,legacy,True,,,2.25,3.75,,,,
1804,test,0,walking,walking,walking__walking_20260715_132509_20hz,data/staging/20260731_rebuild01/cleaned_csv/walking_20260715_132509_20hz.csv,60,89,legacy_folder,legacy,True,,,3.0,4.5,,,,
1809,test,0,walking,walking,walking__walking_20260715_132611_20hz,data/staging/20260731_rebuild01/cleaned_csv/walking_20260715_132611_20hz.csv,0,29,legacy_folder,legacy,True,,,0.0,1.5,,,,
1810,test,0,walking,walking,walking__walking_20260715_132611_20hz,data/staging/20260731_rebuild01/cleaned_csv/walking_20260715_132611_20hz.csv,15,44,legacy_folder,legacy,True,,,0.75,2.25,,,,
1811,test,0,walking,walking,walking__walking_20260715_132611_20hz,data/staging/20260731_rebuild01/cleaned_csv/walking_20260715_132611_20hz.csv,30,59,legacy_folder,legacy,True,,,1.5,3.0,,,,
1812,test,0,walking,walking,walking__walking_20260715_132611_20hz,data/staging/20260731_rebuild01/cleaned_csv/walking_20260715_132611_20hz.csv,45,74,legacy_folder,legacy,True,,,2.25,3.75,,,,
1813,test,0,walking,walking,walking__walking_20260715_132611_20hz,data/staging/20260731_rebuild01/cleaned_csv/walking_20260715_132611_20hz.csv,60,89,legacy_folder,legacy,True,,,3.0,4.5,,,,
1907,test,0,walking,walking,walking__walking_20260715_133425_20hz,data/staging/20260731_rebuild01/cleaned_csv/walking_20260715_133425_20hz.csv,0,29,legacy_folder,legacy,True,,,0.0,1.5,,,,
1908,test,0,walking,walking,walking__walking_20260715_133425_20hz,data/staging/20260731_rebuild01/cleaned_csv/walking_20260715_133425_20hz.csv,15,44,legacy_folder,legacy,True,,,0.75,2.25,,,,
1909,test,0,walking,walking,walking__walking_20260715_133425_20hz,data/staging/20260731_rebuild01/cleaned_csv/walking_20260715_133425_20hz.csv,30,59,legacy_folder,legacy,True,,,1.5,3.0,,,,
1910,test,0,walking,walking,walking__walking_20260715_133425_20hz,data/staging/20260731_rebuild01/cleaned_csv/walking_20260715_133425_20hz.csv,45,74,legacy_folder,legacy,True,,,2.25,3.75,,,,
1911,test,0,walking,walking,walking__walking_20260715_133425_20hz,data/staging/20260731_rebuild01/cleaned_csv/walking_20260715_133425_20hz.csv,60,89,legacy_folder,legacy,True,,,3.0,4.5,,,,
1962,test,0,walking,walking,walking__walking_20260715_133839_20hz,data/staging/20260731_rebuild01/cleaned_csv/walking_20260715_133839_20hz.csv,0,29,legacy_folder,legacy,True,,,0.0,1.5,,,,
1963,test,0,walking,walking,walking__walking_20260715_133839_20hz,data/staging/20260731_rebuild01/cleaned_csv/walking_20260715_133839_20hz.csv,15,44,legacy_folder,legacy,True,,,0.75,2.25,,,,
1964,test,0,walking,walking,walking__walking_20260715_133839_20hz,data/staging/20260731_rebuild01/cleaned_csv/walking_20260715_133839_20hz.csv,30,59,legacy_folder,legacy,True,,,1.5,3.0,,,,
1965,test,0,walking,walking,walking__walking_20260715_133839_20hz,data/staging/20260731_rebuild01/cleaned_csv/walking_20260715_133839_20hz.csv,45,74,legacy_folder,legacy,True,,,2.25,3.75,,,,
1966,test,0,walking,walking,walking__walking_20260715_133839_20hz,data/staging/20260731_rebuild01/cleaned_csv/walking_20260715_133839_20hz.csv,60,89,legacy_folder,legacy,True,,,3.0,4.5,,,,
1967,test,0,walking,walking,walking__walking_20260715_133852_20hz,data/staging/20260731_rebuild01/cleaned_csv/walking_20260715_133852_20hz.csv,0,29,legacy_folder,legacy,True,,,0.0,1.5,,,,
1968,test,0,walking,walking,walking__walking_20260715_133852_20hz,data/staging/20260731_rebuild01/cleaned_csv/walking_20260715_133852_20hz.csv,15,44,legacy_folder,legacy,True,,,0.75,2.25,,,,
1969,test,0,walking,walking,walking__walking_20260715_133852_20hz,data/staging/20260731_rebuild01/cleaned_csv/walking_20260715_133852_20hz.csv,30,59,legacy_folder,legacy,True,,,1.5,3.0,,,,
1970,test,0,walking,walking,walking__walking_20260715_133852_20hz,data/staging/20260731_rebuild01/cleaned_csv/walking_20260715_133852_20hz.csv,45,74,legacy_folder,legacy,True,,,2.25,3.75,,,,
1971,test,0,walking,walking,walking__walking_20260715_133852_20hz,data/staging/20260731_rebuild01/cleaned_csv/walking_20260715_133852_20hz.csv,60,89,legacy_folder,legacy,True,,,3.0,4.5,,,,
1992,test,0,walking,walking,walking__walking_20260715_134206_20hz,data/staging/20260731_rebuild01/cleaned_csv/walking_20260715_134206_20hz.csv,0,29,legacy_folder,legacy,True,,,0.0,1.5,,,,
1993,test,0,walking,walking,walking__walking_20260715_134206_20hz,data/staging/20260731_rebuild01/cleaned_csv/walking_20260715_134206_20hz.csv,15,44,legacy_folder,legacy,True,,,0.75,2.25,,,,
1994,test,0,walking,walking,walking__walking_20260715_134206_20hz,data/staging/20260731_rebuild01/cleaned_csv/walking_20260715_134206_20hz.csv,30,59,legacy_folder,legacy,True,,,1.5,3.0,,,,
1995,test,0,walking,walking,walking__walking_20260715_134206_20hz,data/staging/20260731_rebuild01/cleaned_csv/walking_20260715_134206_20hz.csv,45,74,legacy_folder,legacy,True,,,2.25,3.75,,,,
1996,test,0,walking,walking,walking__walking_20260715_134206_20hz,data/staging/20260731_rebuild01/cleaned_csv/walking_20260715_134206_20hz.csv,60,89,legacy_folder,legacy,True,,,3.0,4.5,,,,
2002,test,0,walking,walking,walking__walking_20260715_134250_20hz,data/staging/20260731_rebuild01/cleaned_csv/walking_20260715_134250_20hz.csv,0,29,legacy_folder,legacy,True,,,0.0,1.5,,,,
2003,test,0,walking,walking,walking__walking_20260715_134250_20hz,data/staging/20260731_rebuild01/cleaned_csv/walking_20260715_134250_20hz.csv,15,44,legacy_folder,legacy,True,,,0.75,2.25,,,,
2004,test,0,walking,walking,walking__walking_20260715_134250_20hz,data/staging/20260731_rebuild01/cleaned_csv/walking_20260715_134250_20hz.csv,30,59,legacy_folder,legacy,True,,,1.5,3.0,,,,
2005,test,0,walking,walking,walking__walking_20260715_134250_20hz,data/staging/20260731_rebuild01/cleaned_csv/walking_20260715_134250_20hz.csv,45,74,legacy_folder,legacy,True,,,2.25,3.75,,,,
2006,test,0,walking,walking,walking__walking_20260715_134250_20hz,data/staging/20260731_rebuild01/cleaned_csv/walking_20260715_134250_20hz.csv,60,89,legacy_folder,legacy,True,,,3.0,4.5,,,,
2055,test,0,walking,walking,walking__walking_20260715_134552_20hz,data/staging/20260731_rebuild01/cleaned_csv/walking_20260715_134552_20hz.csv,0,29,legacy_folder,legacy,True,,,0.0,1.5,,,,
2056,test,0,walking,walking,walking__walking_20260715_134552_20hz,data/staging/20260731_rebuild01/cleaned_csv/walking_20260715_134552_20hz.csv,15,44,legacy_folder,legacy,True,,,0.75,2.25,,,,
2057,test,0,walking,walking,walking__walking_20260715_134552_20hz,data/staging/20260731_rebuild01/cleaned_csv/walking_20260715_134552_20hz.csv,30,59,legacy_folder,legacy,True,,,1.5,3.0,,,,
2058,test,0,walking,walking,walking__walking_20260715_134552_20hz,data/staging/20260731_rebuild01/cleaned_csv/walking_20260715_134552_20hz.csv,45,74,legacy_folder,legacy,True,,,2.25,3.75,,,,
2059,test,0,walking,walking,walking__walking_20260715_134552_20hz,data/staging/20260731_rebuild01/cleaned_csv/walking_20260715_134552_20hz.csv,60,89,legacy_folder,legacy,True,,,3.0,4.5,,,,
2060,test,0,walking,walking,walking__walking_20260715_134602_20hz,data/staging/20260731_rebuild01/cleaned_csv/walking_20260715_134602_20hz.csv,0,29,legacy_folder,legacy,True,,,0.0,1.5,,,,
2061,test,0,walking,walking,walking__walking_20260715_134602_20hz,data/staging/20260731_rebuild01/cleaned_csv/walking_20260715_134602_20hz.csv,15,44,legacy_folder,legacy,True,,,0.75,2.25,,,,
2062,test,0,walking,walking,walking__walking_20260715_134602_20hz,data/staging/20260731_rebuild01/cleaned_csv/walking_20260715_134602_20hz.csv,30,59,legacy_folder,legacy,True,,,1.5,3.0,,,,
2063,test,0,walking,walking,walking__walking_20260715_134602_20hz,data/staging/20260731_rebuild01/cleaned_csv/walking_20260715_134602_20hz.csv,45,74,legacy_folder,legacy,True,,,2.25,3.75,,,,
2064,test,0,walking,walking,walking__walking_20260715_134602_20hz,data/staging/20260731_rebuild01/cleaned_csv/walking_20260715_134602_20hz.csv,60,89,legacy_folder,legacy,True,,,3.0,4.5,,,,
2095,test,0,walking,walking,walking__walking_20260715_134722_20hz,data/staging/20260731_rebuild01/cleaned_csv/walking_20260715_134722_20hz.csv,0,29,legacy_folder,legacy,True,,,0.0,1.5,,,,
2096,test,0,walking,walking,walking__walking_20260715_134722_20hz,data/staging/20260731_rebuild01/cleaned_csv/walking_20260715_134722_20hz.csv,15,44,legacy_folder,legacy,True,,,0.75,2.25,,,,
2097,test,0,walking,walking,walking__walking_20260715_134722_20hz,data/staging/20260731_rebuild01/cleaned_csv/walking_20260715_134722_20hz.csv,30,59,legacy_folder,legacy,True,,,1.5,3.0,,,,
2098,test,0,walking,walking,walking__walking_20260715_134722_20hz,data/staging/20260731_rebuild01/cleaned_csv/walking_20260715_134722_20hz.csv,45,74,legacy_folder,legacy,True,,,2.25,3.75,,,,
2099,test,0,walking,walking,walking__walking_20260715_134722_20hz,data/staging/20260731_rebuild01/cleaned_csv/walking_20260715_134722_20hz.csv,60,89,legacy_folder,legacy,True,,,3.0,4.5,,,,
2105,test,0,walking,walking,walking__walking_20260715_134741_20hz,data/staging/20260731_rebuild01/cleaned_csv/walking_20260715_134741_20hz.csv,0,29,legacy_folder,legacy,True,,,0.0,1.5,,,,
2106,test,0,walking,walking,walking__walking_20260715_134741_20hz,data/staging/20260731_rebuild01/cleaned_csv/walking_20260715_134741_20hz.csv,15,44,legacy_folder,legacy,True,,,0.75,2.25,,,,
2107,test,0,walking,walking,walking__walking_20260715_134741_20hz,data/staging/20260731_rebuild01/cleaned_csv/walking_20260715_134741_20hz.csv,30,59,legacy_folder,legacy,True,,,1.5,3.0,,,,
2108,test,0,walking,walking,walking__walking_20260715_134741_20hz,data/staging/20260731_rebuild01/cleaned_csv/walking_20260715_134741_20hz.csv,45,74,legacy_folder,legacy,True,,,2.25,3.75,,,,
2109,test,0,walking,walking,walking__walking_20260715_134741_20hz,data/staging/20260731_rebuild01/cleaned_csv/walking_20260715_134741_20hz.csv,60,89,legacy_folder,legacy,True,,,3.0,4.5,,,,
2209,test,0,walking,walking,walking__walking_20260715_175053_20hz,data/staging/20260731_rebuild01/cleaned_csv/walking_20260715_175053_20hz.csv,0,29,legacy_folder,legacy,True,,,0.0,1.5,,,,
2210,test,0,walking,walking,walking__walking_20260715_175053_20hz,data/staging/20260731_rebuild01/cleaned_csv/walking_20260715_175053_20hz.csv,15,44,legacy_folder,legacy,True,,,0.75,2.25,,,,
2211,test,0,walking,walking,walking__walking_20260715_175053_20hz,data/staging/20260731_rebuild01/cleaned_csv/walking_20260715_175053_20hz.csv,30,59,legacy_folder,legacy,True,,,1.5,3.0,,,,
2212,test,0,walking,walking,walking__walking_20260715_175053_20hz,data/staging/20260731_rebuild01/cleaned_csv/walking_20260715_175053_20hz.csv,45,74,legacy_folder,legacy,True,,,2.25,3.75,,,,
2213,test,0,walking,walking,walking__walking_20260715_175053_20hz,data/staging/20260731_rebuild01/cleaned_csv/walking_20260715_175053_20hz.csv,60,89,legacy_folder,legacy,True,,,3.0,4.5,,,,
2219,test,0,walking,walking,walking__walking_20260715_175352_20hz,data/staging/20260731_rebuild01/cleaned_csv/walking_20260715_175352_20hz.csv,0,29,legacy_folder,legacy,True,,,0.0,1.5,,,,
2220,test,0,walking,walking,walking__walking_20260715_175352_20hz,data/staging/20260731_rebuild01/cleaned_csv/walking_20260715_175352_20hz.csv,15,44,legacy_folder,legacy,True,,,0.75,2.25,,,,
2221,test,0,walking,walking,walking__walking_20260715_175352_20hz,data/staging/20260731_rebuild01/cleaned_csv/walking_20260715_175352_20hz.csv,30,59,legacy_folder,legacy,True,,,1.5,3.0,,,,
2222,test,0,walking,walking,walking__walking_20260715_175352_20hz,data/staging/20260731_rebuild01/cleaned_csv/walking_20260715_175352_20hz.csv,45,74,legacy_folder,legacy,True,,,2.25,3.75,,,,
2223,test,0,walking,walking,walking__walking_20260715_175352_20hz,data/staging/20260731_rebuild01/cleaned_csv/walking_20260715_175352_20hz.csv,60,89,legacy_folder,legacy,True,,,3.0,4.5,,,,
2249,test,0,walking,walking,walking__walking_20260715_175540_20hz,data/staging/20260731_rebuild01/cleaned_csv/walking_20260715_175540_20hz.csv,0,29,legacy_folder,legacy,True,,,0.0,1.5,,,,
2250,test,0,walking,walking,walking__walking_20260715_175540_20hz,data/staging/20260731_rebuild01/cleaned_csv/walking_20260715_175540_20hz.csv,15,44,legacy_folder,legacy,True,,,0.75,2.25,,,,
2251,test,0,walking,walking,walking__walking_20260715_175540_20hz,data/staging/20260731_rebuild01/cleaned_csv/walking_20260715_175540_20hz.csv,30,59,legacy_folder,legacy,True,,,1.5,3.0,,,,
2252,test,0,walking,walking,walking__walking_20260715_175540_20hz,data/staging/20260731_rebuild01/cleaned_csv/walking_20260715_175540_20hz.csv,45,74,legacy_folder,legacy,True,,,2.25,3.75,,,,
2253,test,0,walking,walking,walking__walking_20260715_175540_20hz,data/staging/20260731_rebuild01/cleaned_csv/walking_20260715_175540_20hz.csv,60,89,legacy_folder,legacy,True,,,3.0,4.5,,,,
2259,test,0,walking,walking,walking__walking_20260715_175605_20hz,data/staging/20260731_rebuild01/cleaned_csv/walking_20260715_175605_20hz.csv,0,29,legacy_folder,legacy,True,,,0.0,1.5,,,,
2260,test,0,walking,walking,walking__walking_20260715_175605_20hz,data/staging/20260731_rebuild01/cleaned_csv/walking_20260715_175605_20hz.csv,15,44,legacy_folder,legacy,True,,,0.75,2.25,,,,
2261,test,0,walking,walking,walking__walking_20260715_175605_20hz,data/staging/20260731_rebuild01/cleaned_csv/walking_20260715_175605_20hz.csv,30,59,legacy_folder,legacy,True,,,1.5,3.0,,,,
2262,test,0,walking,walking,walking__walking_20260715_175605_20hz,data/staging/20260731_rebuild01/cleaned_csv/walking_20260715_175605_20hz.csv,45,74,legacy_folder,legacy,True,,,2.25,3.75,,,,
2263,test,0,walking,walking,walking__walking_20260715_175605_20hz,data/staging/20260731_rebuild01/cleaned_csv/walking_20260715_175605_20hz.csv,60,89,legacy_folder,legacy,True,,,3.0,4.5,,,,
2309,test,0,walking,walking,walking__walking_20260715_175836_20hz,data/staging/20260731_rebuild01/cleaned_csv/walking_20260715_175836_20hz.csv,0,29,legacy_folder,legacy,True,,,0.0,1.5,,,,
2310,test,0,walking,walking,walking__walking_20260715_175836_20hz,data/staging/20260731_rebuild01/cleaned_csv/walking_20260715_175836_20hz.csv,15,44,legacy_folder,legacy,True,,,0.75,2.25,,,,
2311,test,0,walking,walking,walking__walking_20260715_175836_20hz,data/staging/20260731_rebuild01/cleaned_csv/walking_20260715_175836_20hz.csv,30,59,legacy_folder,legacy,True,,,1.5,3.0,,,,
2312,test,0,walking,walking,walking__walking_20260715_175836_20hz,data/staging/20260731_rebuild01/cleaned_csv/walking_20260715_175836_20hz.csv,45,74,legacy_folder,legacy,True,,,2.25,3.75,,,,
2313,test,0,walking,walking,walking__walking_20260715_175836_20hz,data/staging/20260731_rebuild01/cleaned_csv/walking_20260715_175836_20hz.csv,60,89,legacy_folder,legacy,True,,,3.0,4.5,,,,
